Multiple size <= 100
TEST 1 ARG:55 70 89 29 22 63 32 83 73 17 24 18 85 82 95 65 72 31 30 49 64 94 71 78 14 53 59 0 3 68 87 15 61 42 91 69 12 46 25 90 28 50 43 7 86 62 92 37 99 23 96 77 20 2 93 9 80 5 60 84 74 97 98 75 67 21 13 33 47 40 48 36 66 10 34 45 79 38 26 8 39 41 6 56 27 88 1 19 35 81 58 52 54 76 4 51 11 57 16 44 
TEST 2 ARG:97 60 33 62 37 7 74 27 38 66 63 39 54 94 31 98 6 64 47 46 13 57 81 77 71 30 51 65 87 69 96 14 32 50 41 19 99 16 91 43 28 26 4 55 72 58 15 89 93 34 92 29 95 90 1 36 20 73 24 35 22 48 68 78 2 5 53 76 83 70 40 11 52 25 21 75 80 88 67 3 59 85 9 79 49 86 82 8 10 84 23 0 44 56 12 45 42 18 17 61 
TEST 3 ARG:90 65 37 62 15 80 5 50 16 78 53 98 84 25 26 79 60 63 47 28 11 2 64 96 57 52 33 69 43 46 58 40 87 3 32 66 10 51 41 67 8 91 56 70 19 48 97 49 55 4 29 45 85 23 93 17 9 74 0 95 59 54 36 92 30 39 76 12 35 34 44 14 1 89 7 21 38 81 42 99 27 24 13 88 86 73 6 31 83 22 20 61 71 94 77 72 82 75 18 68 
TEST 4 ARG:70 53 50 36 67 24 39 82 46 44 9 94 34 58 98 10 75 16 89 1 48 76 41 69 84 56 23 74 19 2 71 90 60 30 27 3 63 91 28 96 62 61 55 18 15 73 4 54 26 85 92 49 13 42 43 65 40 45 38 22 97 52 29 5 66 47 88 78 12 25 11 7 31 68 32 72 93 99 95 77 51 17 64 81 57 37 20 6 8 33 21 59 87 35 0 79 83 86 14 80 
TEST 5 ARG:35 84 90 46 12 24 79 60 92 4 16 55 65 83 20 57 54 66 98 70 75 10 1 99 52 9 81 31 89 58 39 47 8 37 3 61 71 69 59 56 7 43 53 29 78 27 68 97 67 94 42 76 33 73 80 87 5 40 82 19 44 26 63 41 18 74 38 77 50 49 15 72 22 30 86 48 85 0 21 23 6 93 17 34 96 25 64 36 28 2 45 32 62 91 13 11 88 51 95 14 
TEST 6 ARG:71 1 12 31 80 6 59 40 79 57 90 38 21 81 78 4 63 43 15 95 98 37 62 42 83 65 56 27 55 41 93 88 0 23 46 73 8 76 60 61 87 26 44 74 3 35 70 9 29 18 91 89 36 96 22 17 82 50 67 85 30 97 13 5 54 14 24 19 33 11 77 25 52 32 51 84 34 69 68 45 16 99 39 2 49 64 66 72 20 10 7 94 58 53 75 28 47 92 86 48 
TEST 7 ARG:61 17 46 11 69 59 71 65 1 51 82 43 81 97 20 30 44 24 28 13 8 50 22 40 95 48 0 52 91 27 4 45 9 12 96 58 64 19 10 77 32 6 54 63 5 3 88 94 37 42 73 56 49 98 14 23 57 75 90 25 53 47 66 7 21 29 72 76 85 38 26 70 55 74 16 83 33 60 78 36 62 31 93 15 41 86 87 35 68 2 84 92 67 34 18 80 79 99 89 39 
TEST 8 ARG:6 18 56 30 52 53 77 9 20 99 12 19 48 21 0 96 38 44 35 46 24 69 85 50 1 5 83 31 40 95 22 14 57 81 75 71 41 94 59 55 10 63 72 26 93 51 29 27 78 32 15 79 98 91 74 34 49 3 28 82 68 4 97 25 67 47 80 70 64 61 8 45 60 36 73 89 54 37 17 2 90 86 33 92 7 88 42 76 23 58 39 84 13 65 62 16 87 66 43 11 
TEST 9 ARG:43 66 97 16 41 31 61 86 26 54 5 85 68 64 82 83 12 36 20 73 9 3 48 75 1 92 23 7 18 80 35 42 45 87 78 67 79 98 49 62 34 47 60 2 14 15 90 10 39 52 89 88 96 19 32 37 56 71 6 40 13 46 59 58 57 21 76 38 91 25 81 53 55 0 65 74 50 63 77 28 44 4 95 94 24 93 27 8 29 17 30 33 51 22 69 99 72 84 11 70 
TEST 10 ARG:73 67 44 57 36 82 87 74 43 60 78 97 6 92 47 2 0 45 1 48 16 54 14 70 46 59 69 34 4 83 94 29 71 19 80 49 81 63 56 20 18 13 64 88 99 66 15 41 12 77 75 91 17 50 53 68 3 7 28 89 42 39 95 62 8 37 86 65 5 51 30 98 25 24 61 21 11 58 84 90 93 52 35 96 72 55 85 76 32 23 40 26 10 27 31 33 9 79 38 22 
TEST 11 ARG:77 0 52 26 28 45 23 90 56 11 58 73 38 85 33 17 4 18 9 59 31 20 6 10 3 89 47 22 36 1 60 39 50 27 55 7 57 65 40 2 80 21 76 32 24 66 44 70 87 72 62 84 78 96 83 43 25 97 13 74 86 98 29 8 93 94 79 91 16 37 82 19 92 67 53 64 35 99 42 46 12 14 34 48 30 15 41 81 71 49 5 68 69 95 51 54 63 61 75 88 
TEST 12 ARG:98 4 64 82 3 20 77 97 50 56 27 81 78 42 8 85 6 16 32 72 48 29 73 25 54 17 84 28 14 49 57 70 87 80 2 43 62 40 37 41 60 5 24 61 95 55 21 99 90 76 47 96 91 30 11 68 1 35 0 59 83 63 26 18 15 92 69 65 36 71 34 66 89 53 74 45 52 88 39 7 93 19 38 12 58 79 33 10 31 44 51 23 9 13 75 86 67 22 94 46 
TEST 13 ARG:34 77 24 86 20 92 52 88 33 2 75 89 35 64 36 71 70 22 19 60 98 17 6 68 47 53 13 11 38 78 80 12 95 61 79 0 97 41 91 73 18 29 15 26 90 46 93 87 74 37 3 40 57 42 45 30 8 59 25 39 82 63 62 49 48 5 66 50 43 32 27 76 65 69 21 14 56 85 1 51 28 54 83 4 72 16 99 67 7 96 58 9 94 10 31 55 81 84 44 23 
TEST 14 ARG:83 24 63 31 97 62 22 7 82 92 3 69 37 10 58 33 25 19 80 11 41 55 30 84 45 36 88 52 76 67 17 50 64 47 16 54 4 95 91 40 59 44 18 46 6 34 23 57 77 15 71 2 78 9 89 90 79 73 75 53 5 42 56 1 39 27 13 98 21 99 26 94 61 87 43 72 60 35 14 66 85 68 65 38 74 93 49 81 32 28 51 96 86 8 20 29 70 0 12 48 
TEST 15 ARG:68 27 98 84 26 12 40 50 69 19 63 99 59 46 41 61 24 3 90 17 14 70 64 60 88 71 74 75 25 85 87 58 97 49 42 39 83 30 38 32 1 55 89 51 56 2 91 18 96 67 22 54 72 81 7 65 8 20 76 4 43 28 34 53 73 15 94 66 0 92 62 5 10 23 86 77 6 44 31 57 45 93 47 13 79 29 82 35 37 36 78 16 52 95 48 80 9 11 33 21 
TEST 16 ARG:86 73 55 83 23 92 66 34 85 12 33 68 89 25 45 49 51 29 98 87 56 71 94 28 27 61 1 39 8 6 30 69 72 91 13 50 64 41 48 90 53 7 14 74 36 19 58 59 35 80 40 17 46 95 9 47 15 5 10 77 38 88 99 79 37 26 0 2 24 93 42 43 16 75 96 44 65 82 18 57 22 81 52 4 70 84 60 62 3 20 21 31 67 97 54 78 76 11 32 63 
TEST 17 ARG:72 54 49 58 21 16 89 67 84 15 7 57 95 80 33 29 38 92 97 65 47 45 46 3 60 96 2 48 90 27 63 55 70 56 76 82 18 24 61 93 62 69 34 6 13 87 79 37 22 77 86 40 32 85 91 30 12 23 41 73 4 8 28 52 19 17 39 83 25 78 31 71 81 51 1 68 66 50 0 75 5 11 10 14 53 43 36 9 26 88 35 98 64 94 44 99 59 20 42 74 
TEST 18 ARG:56 15 96 70 0 87 69 82 48 45 3 65 93 47 26 66 39 57 7 25 74 18 38 46 78 6 35 71 94 28 54 76 59 51 21 16 72 13 77 63 64 32 30 98 37 11 9 5 90 27 79 55 97 44 19 24 33 86 36 52 83 41 80 53 8 2 50 68 14 75 1 62 17 60 12 84 40 67 95 85 88 34 4 92 20 43 73 10 29 91 42 61 81 49 89 31 58 99 22 23 
TEST 19 ARG:56 7 77 98 26 29 2 9 14 54 81 65 72 15 76 4 59 74 88 57 55 48 71 63 86 17 28 30 5 61 23 67 87 34 41 11 80 60 10 73 8 18 92 20 79 35 84 43 38 24 78 58 36 83 90 1 49 50 69 39 85 91 96 53 47 40 89 0 6 27 3 37 46 31 16 95 45 66 82 32 33 64 42 19 21 62 12 51 44 52 94 75 97 13 99 25 70 22 68 93 
TEST 20 ARG:92 12 22 41 43 16 84 61 57 87 37 27 88 11 54 98 94 90 91 65 9 17 71 67 39 44 96 26 76 20 18 29 49 78 63 24 95 1 68 7 23 73 21 80 81 99 82 47 33 35 55 58 15 69 30 70 28 79 40 53 2 8 77 45 93 64 75 89 13 32 3 34 56 0 74 38 66 50 10 85 83 42 72 6 14 46 62 19 48 51 60 86 36 52 25 97 59 4 31 5 
TEST 21 ARG:18 58 57 89 41 66 60 72 46 94 52 75 4 71 50 56 59 77 78 25 32 35 96 19 87 29 21 55 44 20 74 88 64 10 12 28 37 39 23 6 86 93 16 73 85 13 95 2 22 63 97 30 68 0 76 91 17 81 27 24 83 43 62 5 26 8 1 47 69 79 14 99 90 49 82 34 33 53 48 31 61 9 98 54 45 67 65 38 15 92 42 3 70 36 40 7 11 80 51 84 
TEST 22 ARG:11 12 59 97 26 33 84 8 85 41 7 61 70 92 31 22 71 14 6 80 38 13 60 49 62 87 96 42 73 82 55 40 98 24 93 44 25 75 2 94 17 3 28 10 9 64 76 29 53 1 23 32 95 91 27 57 90 19 67 77 34 89 16 37 69 54 78 68 39 48 79 56 58 72 20 51 66 50 43 99 81 4 47 30 88 0 35 15 74 86 36 21 52 45 83 5 18 65 46 63 
TEST 23 ARG:77 30 34 44 89 9 35 28 16 26 33 67 54 20 94 87 0 43 37 48 65 32 4 74 47 99 31 78 42 85 36 88 64 80 55 11 5 27 51 19 60 63 76 93 29 90 2 86 6 98 18 1 8 41 71 46 91 40 45 69 3 72 10 58 96 82 7 17 56 24 68 22 84 62 13 66 38 79 95 15 23 92 21 14 39 57 81 70 59 97 61 49 53 73 75 12 25 83 52 50 
TEST 24 ARG:14 50 72 7 38 91 2 67 18 16 6 69 95 88 92 65 4 23 59 1 70 9 78 21 64 89 76 0 53 56 44 52 17 94 46 8 62 10 82 5 98 96 58 71 77 20 66 24 83 35 81 68 19 32 13 43 36 80 28 75 25 26 87 90 12 49 29 99 85 40 15 84 42 60 54 79 73 3 47 11 48 55 97 33 30 86 34 22 51 45 31 74 37 39 63 93 61 27 41 57 
TEST 25 ARG:92 54 24 30 83 11 91 76 45 66 80 31 89 22 70 79 36 98 12 6 28 90 74 13 86 8 52 65 58 42 61 97 59 19 57 94 38 29 63 75 23 9 5 26 46 96 64 2 95 20 85 35 17 82 99 68 67 62 87 0 27 14 60 73 41 7 18 21 72 71 25 47 51 81 56 78 3 10 4 33 39 34 16 88 49 50 1 48 32 15 44 53 77 69 37 40 55 84 93 43 
TEST 26 ARG:94 87 29 78 27 14 95 31 61 10 86 90 7 30 53 82 72 15 43 28 9 97 36 26 75 3 45 73 42 0 54 6 83 98 17 92 20 5 32 22 1 48 24 41 64 12 13 33 68 19 38 50 16 91 25 40 34 60 11 65 99 37 80 88 70 8 77 52 55 59 79 96 66 62 47 35 74 85 67 23 63 76 56 21 89 2 46 69 18 93 71 84 4 57 49 39 58 51 44 81 
TEST 27 ARG:71 39 23 19 44 58 12 34 4 13 72 15 28 51 76 41 48 11 61 56 31 68 5 45 18 32 29 84 57 92 99 27 82 64 67 73 43 8 75 3 20 1 96 60 2 47 33 21 78 50 59 69 0 17 49 55 35 98 91 74 16 42 81 97 9 93 87 86 79 40 77 14 65 62 37 52 54 7 6 46 66 85 95 63 26 89 25 83 70 94 10 53 30 80 22 90 24 88 36 38 
TEST 28 ARG:55 46 89 26 37 76 54 25 53 27 43 14 80 48 66 59 84 57 85 64 7 74 22 30 31 73 13 62 20 35 29 24 21 51 95 44 92 52 94 98 61 32 96 70 75 65 97 49 77 60 16 90 5 34 78 10 58 69 0 82 72 79 67 11 99 93 86 36 40 56 17 45 38 19 91 8 68 1 42 3 6 88 18 2 12 81 23 47 83 9 63 15 71 41 87 33 4 50 39 28 
TEST 29 ARG:47 15 78 90 42 96 79 86 60 5 85 56 69 51 39 12 88 9 73 54 66 76 82 80 53 24 27 11 58 1 59 41 87 65 4 61 48 68 23 93 72 31 92 52 70 77 35 25 10 44 64 94 3 91 18 14 17 75 84 95 99 21 57 40 33 62 98 32 83 22 97 13 36 38 63 7 37 16 28 30 19 49 67 71 74 8 2 26 34 20 81 89 55 0 6 45 43 46 29 50 
TEST 30 ARG:91 12 88 84 65 1 55 23 35 25 93 34 21 68 10 78 69 46 73 24 64 47 44 66 61 4 0 52 90 50 59 49 95 16 56 43 60 37 18 54 97 92 7 11 26 29 15 45 74 17 96 48 8 87 51 20 79 58 13 2 53 27 32 85 94 71 28 83 36 31 70 40 67 41 76 62 6 80 33 22 42 14 5 81 38 86 75 98 9 77 89 39 72 57 63 82 30 3 99 19 
TEST 31 ARG:10 38 58 59 74 30 51 34 86 98 12 24 22 0 91 44 72 21 37 27 80 78 62 77 19 96 33 6 55 60 18 31 76 3 47 35 13 39 15 26 14 92 83 43 95 88 79 73 53 23 36 7 29 11 52 94 64 42 84 17 25 90 70 85 57 68 87 65 82 9 2 54 99 46 49 41 63 45 75 40 71 1 81 48 56 4 61 5 28 16 8 66 20 69 50 89 32 67 97 93 
TEST 32 ARG:78 58 22 29 43 72 76 94 63 18 52 95 5 1 44 20 68 7 96 84 14 73 40 36 45 39 4 91 64 67 32 46 70 51 56 80 99 69 28 17 9 15 83 47 61 62 11 48 2 16 50 23 57 60 19 82 0 87 27 90 8 55 37 41 65 33 21 38 3 86 79 77 13 25 97 26 10 35 12 24 88 85 71 54 89 75 81 49 34 92 66 53 98 59 6 30 42 31 93 74 
TEST 33 ARG:60 20 73 31 15 46 89 8 13 79 40 45 47 76 5 97 34 62 22 10 52 74 24 26 66 64 43 92 38 35 78 28 11 51 67 83 0 53 37 57 19 41 85 84 58 48 87 72 63 55 21 59 2 16 98 18 95 77 1 23 90 39 75 91 70 14 54 33 80 4 36 49 99 27 93 94 32 29 56 71 50 30 86 69 6 3 82 17 81 61 96 25 68 65 7 9 44 88 42 12 
TEST 34 ARG:77 76 7 43 58 13 75 95 27 18 20 4 38 86 45 6 80 54 46 91 96 49 90 70 87 93 63 39 81 22 29 48 17 73 57 52 2 51 84 97 41 36 3 30 24 0 71 88 32 99 35 47 55 98 44 33 89 5 1 69 61 37 72 21 56 60 79 19 31 40 16 8 82 26 50 59 25 78 65 12 67 64 66 11 53 83 92 10 34 28 68 42 62 14 85 9 94 74 23 15 
TEST 35 ARG:12 6 19 69 7 61 32 50 55 88 29 91 44 39 27 62 82 1 3 77 5 38 83 49 16 22 47 9 11 63 74 56 80 84 89 30 15 4 98 40 64 23 53 13 36 0 43 31 94 54 58 37 59 17 66 24 57 45 76 21 81 51 85 99 46 90 41 25 48 33 26 70 95 14 2 72 93 73 8 20 86 18 35 92 71 34 42 78 75 67 10 68 52 87 96 60 79 65 97 28 
TEST 36 ARG:31 8 97 95 12 14 81 88 66 71 86 74 42 78 23 67 99 11 64 45 36 41 85 76 90 96 83 40 37 87 59 79 70 1 30 21 65 25 38 50 60 84 26 63 35 3 47 17 52 4 16 27 49 94 44 77 7 53 51 0 61 55 24 62 29 10 80 54 93 75 18 58 13 15 5 20 92 68 33 56 69 9 98 57 34 43 39 89 72 73 32 91 48 2 46 22 6 28 19 82 
TEST 37 ARG:79 98 6 15 85 87 71 34 0 27 66 61 38 28 93 82 54 5 74 56 43 97 86 30 52 23 81 80 95 2 99 57 83 70 67 58 42 62 47 36 55 88 24 20 76 26 50 19 89 49 51 33 44 3 96 94 18 40 73 12 8 91 65 32 45 31 75 29 90 37 35 7 9 13 64 69 22 78 72 84 14 41 60 48 68 63 25 92 77 10 4 1 17 53 21 16 46 11 59 39 
TEST 38 ARG:51 12 85 44 21 68 1 35 8 24 17 3 4 39 56 18 41 28 70 62 69 66 55 20 89 32 40 16 19 22 60 52 2 63 79 82 26 96 45 23 83 31 98 9 38 80 92 0 57 47 37 14 49 95 78 34 91 93 33 94 46 73 10 15 84 29 11 58 43 76 48 81 30 54 90 87 53 67 72 77 97 88 25 6 99 7 13 36 86 59 27 74 65 50 71 5 42 64 61 75 
TEST 39 ARG:41 97 85 99 55 2 34 12 17 24 93 52 39 0 35 84 28 13 70 36 37 8 48 29 90 69 63 49 10 89 47 95 11 15 62 19 61 67 58 77 31 96 38 88 59 23 20 22 50 1 32 78 87 4 92 98 6 75 43 79 76 66 27 33 54 18 68 81 3 91 25 94 7 83 57 26 86 9 80 16 21 30 64 45 44 73 72 46 65 82 74 60 5 42 53 51 14 40 56 71 
TEST 40 ARG:14 35 69 45 11 96 58 80 55 29 39 12 37 16 99 71 86 95 60 65 91 6 7 88 1 32 8 82 62 31 94 98 15 4 38 34 92 78 2 41 42 49 5 70 46 85 22 20 54 40 13 47 50 79 77 17 52 30 93 21 53 27 33 76 57 3 25 81 83 19 24 64 48 90 28 51 87 89 18 73 74 97 59 26 67 36 61 72 9 0 23 63 44 56 68 43 75 84 66 10 
TEST 41 ARG:91 33 36 55 15 0 97 18 30 4 89 25 1 39 93 49 19 74 40 92 47 83 44 79 17 38 26 6 43 59 41 10 46 45 71 9 14 73 50 48 67 96 22 76 98 68 63 78 75 29 88 13 70 94 56 84 31 87 66 99 65 69 21 11 85 28 61 57 2 35 60 20 37 34 24 32 81 54 42 5 90 77 3 51 16 62 12 8 23 64 80 7 52 72 27 86 95 53 82 58 
TEST 42 ARG:83 88 16 21 55 99 95 46 12 6 61 82 1 92 58 39 91 73 23 93 87 14 71 0 36 22 94 72 64 37 38 97 81 49 89 51 54 35 17 84 69 34 57 20 79 68 78 8 74 44 11 70 24 65 50 28 96 59 19 42 60 40 18 26 3 85 53 5 66 27 62 48 52 10 9 80 29 2 75 56 31 7 77 98 13 32 45 43 25 30 15 33 76 47 86 41 67 90 63 4 
TEST 43 ARG:83 14 67 28 63 30 61 10 49 21 97 16 39 1 13 17 60 59 18 72 57 87 38 9 65 29 23 62 15 32 53 37 33 80 85 51 7 58 4 41 2 26 84 50 82 45 0 48 75 69 55 90 19 12 31 44 93 98 47 6 92 43 35 96 76 95 78 71 8 77 54 56 81 42 70 46 73 88 86 20 11 27 68 5 79 66 40 99 91 64 22 74 89 52 36 94 24 34 25 3 
TEST 44 ARG:57 26 23 75 90 36 68 61 60 88 3 34 45 8 38 22 93 86 83 43 14 12 46 16 98 33 53 10 21 44 4 42 69 59 92 39 13 58 9 73 7 97 95 81 19 56 5 62 54 49 17 11 55 51 76 78 31 6 18 50 99 25 64 30 77 28 91 67 70 71 89 27 41 37 48 80 35 15 74 84 32 0 72 79 87 20 29 66 2 1 63 85 47 24 82 94 96 52 65 40 
TEST 45 ARG:95 46 41 5 31 78 94 35 14 85 11 62 61 97 83 55 65 98 70 81 9 47 0 73 33 40 38 51 42 86 37 76 54 2 74 34 91 13 24 96 63 66 71 79 67 45 48 21 53 1 57 23 43 50 18 77 64 44 3 4 59 17 22 82 99 92 89 25 20 6 10 36 80 15 84 7 60 16 56 58 69 88 49 75 26 27 72 30 12 68 29 93 52 32 90 87 8 19 39 28 
TEST 46 ARG:46 96 15 0 50 51 36 91 70 90 94 6 43 69 87 25 11 9 56 24 22 45 37 41 30 44 14 92 62 89 99 29 65 21 53 48 78 66 16 39 85 93 84 98 71 60 75 54 10 42 68 57 82 47 86 34 88 80 2 38 26 77 31 3 32 1 35 79 81 49 8 58 33 73 23 13 17 55 28 61 95 7 20 63 67 97 72 52 12 74 59 83 5 64 19 18 27 76 40 4 
TEST 47 ARG:91 58 67 43 90 64 60 57 50 25 20 46 24 8 87 81 48 56 2 40 32 96 3 10 98 9 74 85 38 80 66 62 68 34 49 69 72 73 52 92 77 39 65 28 35 18 13 33 59 83 63 16 15 17 6 53 23 61 7 5 97 26 37 94 82 42 0 30 55 27 93 47 29 21 31 4 99 95 70 86 79 14 76 45 1 44 12 11 71 84 51 41 22 54 89 75 36 19 78 88 
TEST 48 ARG:73 28 74 13 77 39 5 8 66 57 45 80 85 42 56 6 44 52 87 71 79 84 47 51 53 93 9 65 82 63 99 89 16 88 96 62 83 67 22 4 59 26 18 38 21 94 86 46 69 37 36 14 11 0 41 40 49 60 64 12 24 31 2 68 98 91 43 81 10 25 3 95 29 1 19 76 92 90 61 75 30 54 34 35 23 78 15 48 7 70 72 20 32 97 33 50 58 17 55 27 
TEST 49 ARG:65 76 78 89 20 79 17 26 47 44 27 54 25 74 0 4 29 40 11 83 71 33 49 12 87 6 38 91 84 3 48 56 37 82 81 64 99 21 60 23 46 66 73 72 69 67 59 2 90 24 88 70 63 8 77 35 68 22 45 10 85 52 93 92 15 43 80 86 14 1 58 28 19 94 9 75 31 34 57 16 55 42 95 18 13 39 97 7 5 61 98 41 96 62 53 36 50 32 51 30 
TEST 50 ARG:55 44 81 66 31 75 90 79 87 29 65 88 38 78 96 97 53 89 24 77 34 74 54 56 46 61 17 93 71 82 12 33 30 59 25 26 70 72 41 68 49 23 64 37 15 32 51 45 47 60 94 99 21 13 6 48 86 3 52 76 7 50 39 98 11 69 95 73 58 35 18 22 20 91 67 40 62 36 27 5 0 4 42 1 14 28 80 9 92 2 43 84 10 83 63 85 8 57 16 19 
TEST 51 ARG:35 96 7 97 40 29 86 90 0 64 50 28 74 36 65 11 24 2 44 66 8 45 34 51 59 3 1 41 76 92 4 58 87 80 27 20 9 14 57 78 81 17 70 63 16 31 49 42 68 33 61 69 12 30 26 13 75 15 60 95 89 56 10 25 67 55 84 79 85 48 53 43 72 62 38 94 21 71 5 93 99 73 47 32 52 98 88 37 6 19 22 91 39 83 77 46 23 18 82 54 
TEST 52 ARG:72 2 47 41 81 14 35 77 26 18 40 39 57 82 58 67 29 68 42 92 32 91 88 54 65 63 49 22 80 79 44 11 27 9 8 20 87 13 84 52 62 4 16 61 97 69 99 31 10 90 94 1 51 6 25 3 96 23 86 34 7 60 33 37 71 21 5 12 17 93 66 53 30 28 78 70 89 48 38 59 74 43 83 55 75 85 73 24 98 95 46 50 56 0 15 76 19 64 36 45 
TEST 53 ARG:97 54 38 76 56 78 10 34 63 80 46 8 89 25 33 75 21 18 65 96 45 85 20 31 49 77 79 91 71 4 93 83 41 67 68 15 6 13 53 55 62 1 70 35 30 87 40 59 66 48 58 72 7 17 43 51 36 74 86 81 69 24 90 32 84 60 73 14 92 37 19 27 64 16 47 99 50 2 12 98 82 52 44 88 29 57 26 95 61 0 22 23 39 11 5 9 94 42 28 3 
TEST 54 ARG:51 47 98 15 3 13 56 14 44 35 61 8 88 59 22 64 25 17 16 24 81 26 28 38 97 95 20 96 43 79 19 82 53 37 33 73 84 11 57 78 5 54 10 90 71 62 65 18 83 30 69 1 41 2 74 29 70 50 68 75 66 85 99 9 48 86 7 34 23 39 6 32 21 93 67 40 4 0 80 76 45 55 31 87 92 27 12 36 77 63 42 46 91 89 60 94 52 58 49 72 
TEST 55 ARG:67 54 97 38 57 26 53 58 40 49 60 23 8 98 14 69 65 24 55 63 39 34 20 56 91 43 80 66 79 44 74 88 29 96 61 37 28 22 95 59 68 64 32 45 5 35 92 62 94 6 2 31 30 83 27 81 76 71 19 7 46 93 41 25 11 77 84 72 0 86 48 51 90 3 50 1 12 18 82 33 16 70 13 78 21 99 42 36 73 75 15 9 52 10 17 85 4 89 47 87 
TEST 56 ARG:53 57 13 43 55 97 37 98 75 2 56 4 45 27 22 52 29 40 44 77 88 71 42 49 68 39 50 63 21 83 28 76 81 46 64 32 8 66 19 96 74 67 9 36 6 73 94 0 12 89 24 78 10 65 38 85 18 80 84 60 61 99 51 62 69 48 1 72 93 79 25 82 11 20 7 3 31 58 15 47 54 86 5 92 91 70 90 14 30 26 95 59 33 17 35 87 23 16 41 34 
TEST 57 ARG:66 69 45 74 9 63 31 28 88 30 95 65 54 10 71 56 80 76 33 73 39 98 40 23 90 78 38 15 57 84 86 93 87 41 11 94 47 48 81 64 5 70 26 27 99 36 42 0 96 6 14 49 50 77 67 61 2 43 32 20 12 59 3 83 7 91 17 85 97 52 75 89 53 82 46 58 60 35 4 22 55 92 44 62 72 16 68 24 25 13 18 1 8 19 34 37 51 21 29 79 
TEST 58 ARG:6 93 18 80 2 31 49 30 58 74 61 91 46 41 47 67 65 71 59 81 14 55 23 17 83 10 27 8 19 42 3 73 9 45 63 82 66 36 86 95 68 5 97 21 85 7 48 37 99 84 26 22 75 53 62 32 76 70 24 44 60 4 35 54 78 20 1 57 72 79 52 56 29 16 39 96 25 88 12 94 38 33 11 89 64 28 15 13 69 0 98 77 40 90 34 87 51 50 43 92 
TEST 59 ARG:72 81 85 41 15 89 65 96 30 11 99 70 25 52 22 86 71 34 59 0 93 80 6 66 17 10 92 97 7 73 83 54 5 75 19 23 36 53 90 4 33 78 95 76 51 67 47 68 74 61 21 16 69 9 49 55 29 94 26 84 31 50 35 45 32 43 57 98 2 79 1 20 14 62 58 39 24 56 63 64 42 18 37 48 12 44 38 8 87 46 28 40 82 3 88 91 60 77 13 27 
TEST 60 ARG:36 45 24 34 70 39 13 25 53 2 62 47 71 98 80 43 31 84 37 5 4 23 30 72 22 6 90 95 59 16 51 28 57 49 88 94 20 93 40 35 41 54 69 65 78 19 17 14 11 27 61 92 67 83 9 91 75 38 97 12 58 21 1 10 81 63 0 76 7 8 56 66 55 50 44 26 48 18 42 68 87 99 32 86 82 79 74 73 60 3 29 64 15 85 89 96 77 46 33 52 
TEST 61 ARG:50 9 10 90 77 80 82 95 68 28 33 46 15 97 29 11 61 99 45 14 57 70 21 31 79 58 76 17 7 78 24 98 26 85 27 71 40 84 32 49 75 22 4 92 44 19 60 35 89 18 54 51 1 69 62 47 37 13 94 2 67 81 88 43 73 87 39 55 64 20 96 42 34 36 66 91 23 52 53 93 59 8 5 38 41 25 74 16 86 0 63 83 48 12 65 30 56 6 72 3 
TEST 62 ARG:11 6 68 28 0 34 57 33 78 75 18 41 43 37 77 72 63 64 79 29 49 39 4 76 82 98 25 24 85 99 83 86 9 8 96 21 80 45 31 2 73 36 27 44 26 70 94 19 23 40 17 60 90 89 13 42 59 53 15 93 92 58 87 30 81 52 84 7 97 48 10 88 5 67 16 95 46 91 22 14 74 32 12 50 56 51 71 66 38 62 55 69 47 54 3 61 1 35 20 65 
TEST 63 ARG:82 90 92 93 84 83 91 69 8 75 24 57 36 50 43 45 52 74 56 1 9 68 97 19 89 30 48 18 67 54 13 6 79 40 34 71 59 32 66 58 55 35 25 94 42 20 78 41 38 98 61 44 73 49 5 31 76 80 63 11 88 95 26 2 37 15 23 77 29 14 33 70 3 27 0 60 81 17 16 21 65 62 46 47 10 7 86 39 4 51 28 12 72 87 99 64 85 96 53 22 
TEST 64 ARG:37 24 88 59 76 71 20 41 17 81 53 93 86 58 69 55 6 54 0 18 40 61 32 66 51 84 94 43 10 36 50 60 89 46 64 95 27 82 48 68 77 21 49 33 80 19 3 63 34 13 25 12 98 15 70 22 87 30 39 83 52 96 62 85 91 74 16 67 97 11 38 2 99 9 1 4 31 72 29 57 28 7 65 78 35 8 45 75 79 56 92 23 42 90 44 5 26 47 14 73 
TEST 65 ARG:27 95 18 23 0 57 75 16 36 93 64 33 72 48 39 49 86 14 38 35 81 60 74 54 34 89 77 92 29 97 69 42 41 88 19 67 11 90 66 30 7 40 94 79 76 21 5 52 6 85 55 3 78 32 31 51 44 82 99 1 62 61 2 50 73 83 71 25 15 65 91 84 63 13 20 22 12 17 96 4 98 58 47 45 87 28 53 24 10 43 37 68 46 8 70 59 9 80 26 56 
TEST 66 ARG:16 60 46 74 14 97 72 25 4 78 7 56 81 31 43 24 94 15 91 49 59 95 40 13 53 61 92 85 98 80 99 54 18 30 69 67 37 87 50 65 79 89 35 66 93 71 21 42 1 28 5 76 27 55 73 32 23 22 38 63 11 68 17 88 83 26 45 48 12 39 64 75 58 33 86 47 82 62 19 57 84 3 70 6 20 36 8 44 51 34 90 77 41 52 9 96 0 10 29 2 
TEST 67 ARG:15 27 49 9 13 56 37 92 35 52 68 55 29 63 66 84 36 85 31 62 76 59 78 7 44 33 8 54 21 95 99 32 46 1 5 89 80 82 40 69 41 23 50 57 74 3 72 79 96 39 77 12 17 70 22 98 48 30 25 10 86 51 87 60 61 42 53 71 14 73 47 81 11 34 93 4 2 97 28 88 75 19 26 18 45 91 64 16 83 90 65 20 24 58 94 38 6 67 0 43 
TEST 68 ARG:20 56 17 96 95 51 82 90 60 84 83 99 4 76 5 22 54 70 43 77 91 21 58 13 1 73 55 98 14 89 23 49 94 42 10 44 61 86 81 85 19 31 18 12 6 87 39 88 46 80 29 37 38 27 67 66 32 68 64 24 48 63 15 71 7 40 72 28 62 8 25 53 3 26 16 41 52 92 79 74 69 97 65 47 30 75 93 33 34 57 59 36 0 35 45 50 78 9 11 2 
TEST 69 ARG:61 90 75 73 54 40 58 48 99 59 7 26 11 9 98 60 17 82 55 37 93 1 97 35 57 10 3 15 4 91 14 56 22 96 74 24 77 67 86 43 36 6 50 0 13 83 87 23 21 69 63 28 12 85 34 89 84 78 32 8 29 94 79 42 39 33 52 46 72 76 44 31 66 16 64 2 18 53 95 68 80 49 47 25 51 81 88 5 92 65 62 38 27 71 45 19 20 70 41 30 
TEST 70 ARG:58 92 49 0 82 23 90 39 21 61 27 25 34 51 46 95 75 69 20 6 60 30 94 1 10 19 55 54 43 85 5 41 78 91 68 40 26 64 22 36 16 84 59 89 35 88 63 29 8 81 9 98 32 67 44 56 45 97 72 57 3 65 83 42 47 77 38 76 4 13 24 70 7 12 50 31 96 18 28 66 33 86 80 53 52 93 17 62 48 37 11 71 99 73 15 74 2 14 87 79 
TEST 71 ARG:84 16 29 23 47 10 34 95 13 32 63 76 8 11 55 37 58 83 82 42 85 40 5 49 24 53 98 69 31 25 20 28 78 64 9 7 1 43 80 61 36 19 62 56 65 74 86 22 17 90 21 14 72 99 50 0 57 26 12 52 51 68 93 18 89 4 70 66 46 39 77 15 3 48 59 67 79 75 81 96 27 97 87 2 91 54 71 41 45 30 35 73 6 94 60 33 92 44 38 88 
TEST 72 ARG:70 71 47 75 87 88 96 12 49 77 98 14 45 51 29 37 78 41 30 89 11 23 50 58 46 59 36 80 27 40 15 84 24 38 52 22 74 68 42 4 19 20 91 2 69 82 95 0 39 54 93 43 67 64 31 56 81 25 32 1 34 9 44 86 48 33 63 73 57 90 53 72 65 55 26 7 16 10 60 35 18 79 85 6 8 28 66 3 92 21 76 83 99 94 61 5 13 62 17 97 
TEST 73 ARG:21 78 53 88 67 24 98 87 26 37 45 14 70 29 54 35 61 17 93 15 97 62 3 34 36 77 91 74 75 90 76 84 79 55 19 25 89 5 10 94 43 12 60 33 85 9 50 22 64 8 46 20 6 73 28 16 42 30 57 83 32 38 82 0 95 58 40 69 41 2 49 1 4 18 52 51 48 31 81 56 72 68 86 27 7 80 11 23 63 39 71 65 13 47 44 99 66 59 92 96 
TEST 74 ARG:53 48 13 19 30 46 81 54 17 80 36 88 15 23 2 33 84 42 79 29 52 8 98 7 22 39 92 75 26 83 37 72 40 24 94 58 78 49 28 32 44 96 3 1 66 85 14 38 11 5 99 60 61 0 77 70 93 62 20 76 35 51 9 41 4 16 56 67 21 68 86 57 69 87 45 82 91 43 90 50 59 63 95 25 97 73 55 34 18 31 12 89 47 10 71 65 64 74 27 6 
TEST 75 ARG:49 79 2 1 6 94 80 27 42 14 50 5 19 41 22 24 15 86 32 67 16 56 31 84 75 28 62 12 10 13 44 9 91 70 4 66 96 72 74 54 71 20 61 8 47 33 18 58 40 35 21 68 43 51 78 77 45 52 26 73 39 0 46 98 97 99 53 36 34 81 93 3 76 89 57 90 11 69 83 88 38 7 25 59 55 48 60 87 64 17 23 85 95 29 37 82 63 30 65 92 
TEST 76 ARG:69 54 81 66 67 90 52 45 42 48 62 75 13 58 88 19 29 25 41 36 18 53 99 71 47 7 33 15 73 22 89 97 96 61 43 93 6 35 31 86 9 10 34 37 20 55 87 3 49 44 98 82 0 85 28 40 74 83 80 50 59 39 17 5 4 38 95 46 84 91 27 8 2 11 94 21 70 60 51 56 1 23 64 68 65 32 26 72 14 79 92 16 63 78 30 76 57 12 24 77 
TEST 77 ARG:84 30 49 5 55 3 94 73 62 12 80 38 7 72 61 56 31 86 93 15 6 52 10 74 51 75 33 17 37 46 43 82 36 67 28 88 4 79 83 26 44 25 32 92 81 42 27 18 21 20 34 78 41 91 65 77 71 85 90 54 22 50 39 24 13 16 9 47 14 40 99 66 95 64 76 19 23 69 87 60 70 8 2 57 53 97 11 35 59 98 1 63 89 68 48 29 0 58 96 45 
TEST 78 ARG:0 33 89 39 56 15 59 52 60 1 51 75 50 13 41 99 43 21 6 32 26 29 54 8 19 24 79 93 63 27 61 84 25 64 23 35 62 17 18 31 34 44 82 96 49 45 48 70 91 37 20 28 5 46 83 80 40 71 53 12 16 86 94 72 2 68 81 88 85 9 67 87 97 74 42 10 66 73 38 78 69 57 36 7 3 22 76 30 14 58 65 90 47 92 55 11 4 77 98 95 
TEST 79 ARG:46 83 6 47 42 59 11 78 31 71 25 58 44 35 20 65 81 2 36 75 92 91 90 88 39 87 38 13 62 34 1 14 52 32 7 27 48 40 56 54 23 45 64 33 85 55 70 69 12 80 86 66 26 68 57 15 3 41 43 21 22 51 93 18 98 94 89 67 8 96 72 49 5 24 50 84 37 60 76 82 9 53 63 95 79 97 29 16 77 61 99 4 74 0 19 10 28 17 30 73 
TEST 80 ARG:36 2 57 80 15 7 70 47 96 6 74 97 42 18 71 77 92 59 56 88 35 79 72 67 9 81 37 94 22 76 30 58 95 91 34 11 54 52 31 73 86 50 43 4 3 55 65 51 82 33 90 20 39 84 62 45 99 69 26 75 41 78 68 53 40 10 38 48 46 93 63 0 89 32 5 12 19 8 27 14 17 83 87 16 66 1 21 85 98 23 44 25 28 60 13 61 29 64 49 24 
TEST 81 ARG:75 78 74 32 72 33 91 2 7 63 79 11 38 94 45 83 15 85 37 47 21 20 29 98 46 90 28 1 82 16 40 59 42 69 25 17 89 44 58 36 68 86 51 9 52 77 81 87 23 92 88 0 12 22 49 41 66 5 43 6 93 18 57 8 67 30 99 54 64 60 84 96 24 13 71 35 39 48 80 50 65 73 14 55 31 56 97 3 62 95 4 27 19 34 53 10 76 61 70 26 
TEST 82 ARG:24 11 54 58 30 43 49 42 85 35 14 52 44 81 77 29 59 73 33 86 91 82 5 22 61 63 6 23 18 9 93 10 67 47 50 4 66 94 60 8 0 15 75 2 37 41 68 21 17 69 27 64 12 57 1 74 80 19 79 98 65 95 87 51 89 71 38 76 78 92 90 84 96 70 34 45 20 25 56 3 53 40 88 36 83 46 28 16 55 26 62 7 32 99 72 48 13 31 97 39 
TEST 83 ARG:10 22 68 53 77 58 27 70 80 11 67 63 94 61 95 3 76 88 89 65 20 79 85 26 30 39 47 1 28 92 75 2 40 72 7 91 25 18 33 29 87 43 49 69 98 81 32 66 21 93 55 82 13 35 50 0 4 12 97 52 6 31 14 44 8 73 56 42 60 96 84 57 86 99 9 54 5 16 19 78 90 23 46 37 62 38 83 34 51 17 24 15 64 36 59 74 41 45 48 71 
TEST 84 ARG:82 16 52 35 36 25 59 87 47 29 15 13 24 17 73 32 58 43 80 74 70 40 0 7 99 75 26 5 39 45 11 30 60 37 98 63 93 69 3 8 89 85 55 72 65 62 54 56 81 67 95 23 6 27 77 49 34 4 41 19 92 51 33 44 76 50 28 22 83 14 12 10 18 38 2 68 84 86 42 90 64 57 97 79 94 31 91 96 88 53 9 48 20 46 78 61 71 66 21 1 
TEST 85 ARG:79 22 0 12 26 35 1 59 30 13 53 2 74 18 33 9 58 89 25 38 80 65 61 51 95 21 96 34 54 83 94 86 73 85 23 71 31 47 42 8 44 75 56 77 63 99 36 64 40 98 92 29 72 55 43 97 76 52 37 90 91 70 39 15 82 62 50 24 57 3 4 87 5 14 20 6 32 93 88 78 41 11 84 68 66 48 46 17 7 69 45 60 27 81 28 10 16 67 49 19 
TEST 86 ARG:8 42 94 9 20 97 47 50 74 37 30 15 65 88 13 79 29 28 71 1 39 89 7 51 4 52 68 3 36 66 70 49 12 25 99 38 6 69 54 46 32 80 93 67 82 81 10 31 53 77 98 86 73 0 95 5 83 90 44 35 62 57 85 18 45 61 11 76 84 92 40 72 21 2 22 58 59 24 19 23 64 56 60 43 26 14 91 75 96 87 48 27 17 41 34 16 78 33 55 63 
TEST 87 ARG:56 0 24 40 81 46 53 69 9 31 74 79 67 33 29 45 99 70 19 72 97 55 75 44 35 39 89 62 22 26 27 13 37 34 50 3 82 64 36 80 60 90 76 85 43 68 92 51 23 95 54 25 20 7 17 30 71 98 18 10 57 47 83 66 88 59 61 38 77 52 41 11 58 93 21 32 91 84 12 2 73 42 86 4 14 5 6 87 63 96 8 78 48 15 16 1 65 49 28 94 
TEST 88 ARG:72 98 15 30 61 10 48 90 58 66 51 54 97 29 38 86 73 67 88 28 59 75 78 64 39 41 92 52 77 25 17 36 40 63 16 6 87 57 12 80 43 7 34 11 70 95 79 13 44 1 24 23 50 81 21 89 22 27 20 60 33 93 62 94 19 85 32 53 84 5 99 69 74 31 76 91 65 83 71 14 26 18 82 9 49 47 56 8 35 37 2 46 0 96 45 3 4 42 55 68 
TEST 89 ARG:3 56 46 26 96 45 29 54 81 9 47 1 44 32 11 75 69 57 77 65 31 14 17 40 2 58 36 20 61 67 98 51 49 99 7 74 76 70 19 41 91 50 4 37 86 63 16 92 59 42 39 62 15 27 78 8 94 64 83 43 60 21 6 82 10 25 24 13 0 5 38 68 18 48 33 73 66 71 80 84 90 53 34 28 93 23 12 88 30 35 79 89 22 55 72 85 87 52 95 97 
TEST 90 ARG:33 8 27 17 50 12 84 61 90 92 19 5 34 67 15 37 26 85 47 36 71 51 49 44 57 0 78 80 99 3 41 64 58 53 16 96 20 88 31 22 43 55 93 48 45 62 1 24 74 38 79 66 89 29 28 59 13 69 56 11 72 83 46 94 63 54 10 32 30 18 95 25 65 7 98 9 52 6 68 60 82 86 40 76 77 35 42 70 2 81 14 21 91 75 73 39 97 87 4 23 
TEST 91 ARG:74 1 98 30 72 54 48 94 20 24 27 49 29 43 62 46 93 51 57 32 18 69 34 80 76 92 0 77 10 56 6 28 21 81 53 63 26 79 58 86 90 31 42 71 15 65 33 88 45 84 70 99 4 59 3 35 52 60 2 73 23 50 91 85 64 25 75 55 87 11 16 9 78 41 47 7 95 96 14 38 61 37 5 82 36 97 67 13 8 40 19 66 44 12 83 39 68 89 17 22 
TEST 92 ARG:89 60 73 85 50 61 70 15 80 92 48 21 30 33 98 68 52 37 93 64 78 55 18 8 75 47 69 19 40 10 99 79 26 94 90 58 63 3 27 45 5 65 34 86 24 6 88 49 72 43 17 44 46 22 97 39 14 1 35 41 87 59 38 31 91 9 71 74 51 13 7 54 36 77 29 11 16 95 82 83 66 62 96 57 20 12 56 32 23 2 4 25 53 81 84 76 67 28 42 0 
TEST 93 ARG:67 0 55 58 25 65 92 52 60 86 26 35 57 5 31 89 19 45 75 20 6 95 85 30 29 4 27 7 91 12 40 10 72 17 14 43 73 37 79 9 41 36 63 51 38 93 98 77 84 49 3 8 68 62 48 53 82 21 32 50 70 99 22 64 46 2 11 18 80 69 71 16 88 94 66 24 28 87 54 1 13 42 23 34 74 44 83 81 39 61 33 97 59 47 90 15 56 96 78 76 
TEST 94 ARG:43 72 30 49 71 63 42 89 25 17 14 83 65 22 5 24 53 66 59 4 93 36 13 64 50 11 73 98 56 37 15 3 23 9 86 54 75 19 8 48 10 60 34 27 47 77 95 85 26 69 16 79 12 29 6 87 39 68 41 78 45 94 88 84 21 91 2 31 44 33 74 62 80 51 82 1 61 18 38 57 81 35 0 55 96 99 67 70 58 7 92 28 52 32 90 97 46 76 20 40 
TEST 95 ARG:46 41 43 98 20 35 32 14 73 28 33 30 47 40 83 27 53 61 1 16 49 2 9 7 63 67 93 81 59 50 31 66 8 68 82 0 89 21 29 94 70 60 87 26 79 57 71 37 15 34 25 13 19 97 74 24 91 39 64 55 52 92 96 95 38 5 11 45 36 85 86 3 42 62 75 18 77 22 99 88 4 65 58 6 44 23 56 76 10 69 80 54 48 78 17 51 12 72 84 90 
TEST 96 ARG:60 39 89 32 37 1 43 73 25 99 92 21 11 18 42 8 6 36 69 9 76 62 20 87 59 49 35 10 83 34 79 50 3 40 84 98 71 56 38 15 85 63 55 57 17 13 44 96 74 29 75 33 61 82 14 26 88 31 23 5 97 48 41 80 27 19 93 68 54 64 86 53 16 30 77 24 12 72 22 0 45 28 47 95 2 7 58 46 81 90 70 65 67 78 94 66 51 4 91 52 
TEST 97 ARG:15 34 77 36 68 25 27 64 10 52 43 3 35 63 81 83 37 90 42 6 44 11 59 23 0 91 24 71 58 97 72 84 5 31 57 85 1 62 39 49 13 78 4 22 50 93 29 86 18 8 73 61 33 60 48 14 19 80 89 79 51 53 17 26 82 46 56 47 66 45 74 41 16 99 75 30 55 28 70 12 98 20 76 38 32 65 87 94 88 95 2 7 54 9 67 92 40 69 21 96 
TEST 98 ARG:49 19 6 2 80 18 93 54 35 4 81 97 55 26 86 27 9 48 65 83 96 31 22 53 7 72 17 79 88 13 25 50 76 42 59 61 16 78 15 23 74 73 20 75 56 41 70 69 36 84 39 82 1 85 37 51 47 44 95 45 91 30 67 89 63 24 10 94 60 29 62 52 58 66 77 5 92 14 12 46 3 99 64 8 32 68 57 87 71 34 0 11 21 40 33 98 38 28 43 90 
TEST 99 ARG:58 28 16 90 95 81 5 45 78 8 23 29 19 55 49 80 62 91 77 36 89 17 72 64 54 21 51 2 40 30 15 25 79 88 9 66 42 59 35 86 67 70 57 32 52 38 65 34 97 11 4 27 39 6 74 83 85 69 92 99 12 73 76 96 7 47 43 63 1 93 37 46 26 53 82 22 50 44 94 31 48 13 20 0 41 75 61 10 68 60 98 84 18 87 14 71 24 3 56 33 
TEST 100 ARG:99 97 62 77 5 18 50 24 75 44 23 85 3 98 47 6 43 59 73 69 76 55 67 56 74 68 4 17 91 37 60 41 35 32 81 9 87 72 71 10 31 39 90 21 83 88 61 15 58 27 0 80 65 14 92 96 89 28 7 46 16 30 13 26 12 95 63 45 79 19 36 8 42 94 33 54 84 70 2 38 51 48 66 64 57 40 22 1 29 49 34 52 93 86 53 82 78 20 25 11 
TEST 101 ARG:90 62 70 73 8 34 60 31 78 85 55 1 32 99 82 58 47 83 7 44 72 6 36 68 61 66 81 37 63 79 65 89 95 27 91 87 30 56 38 21 14 5 22 97 29 11 25 42 71 33 93 57 59 26 41 75 50 49 64 74 46 24 48 17 13 16 10 80 77 15 45 98 2 53 88 94 35 0 3 20 52 40 86 67 4 69 51 39 23 19 96 76 9 92 12 43 84 54 18 28 
TEST 102 ARG:94 43 66 37 28 20 91 14 67 30 77 34 96 79 58 35 84 5 50 38 27 41 83 8 89 78 64 62 11 33 80 72 19 22 2 87 1 81 61 40 17 45 51 99 16 86 85 60 44 21 74 88 36 69 26 98 68 15 32 57 0 73 39 93 18 6 54 10 24 63 95 53 65 75 23 90 31 59 3 48 13 92 71 49 70 76 42 29 47 46 55 56 4 82 7 9 25 52 97 12 
TEST 103 ARG:78 66 45 85 72 31 38 19 43 3 34 48 49 90 96 75 28 50 51 42 1 47 76 46 98 7 11 5 57 24 80 68 2 63 71 74 26 52 17 27 6 12 73 8 36 21 67 56 91 62 88 94 82 60 58 70 79 30 0 89 15 25 83 61 55 87 65 99 40 37 69 39 97 92 86 16 10 18 20 35 13 53 54 29 64 4 22 14 41 32 93 23 95 9 84 59 77 44 81 33 
TEST 104 ARG:6 2 74 79 84 96 97 64 61 33 65 39 25 68 82 1 93 50 56 22 62 30 32 16 75 59 31 94 3 71 8 95 66 9 23 83 47 36 58 26 0 99 88 42 46 53 49 7 60 10 77 85 11 12 52 69 35 40 24 54 15 27 38 63 28 98 13 55 4 73 43 80 5 17 41 78 67 20 87 37 14 81 86 76 90 48 34 19 72 45 70 29 92 18 57 91 89 44 51 21 
TEST 105 ARG:65 86 93 37 60 45 33 13 87 89 22 3 32 73 35 64 5 66 8 11 24 76 30 52 2 0 31 55 48 71 95 54 12 39 9 62 53 20 43 10 68 59 57 1 42 29 47 14 25 50 61 38 15 98 84 4 92 85 21 6 46 23 97 58 91 41 82 81 90 40 78 72 27 94 83 49 36 69 63 96 17 26 77 34 44 74 75 88 19 70 79 67 56 80 99 18 51 28 7 16 
TEST 106 ARG:64 94 41 75 86 23 4 26 61 56 38 89 13 79 21 74 78 55 91 19 73 29 47 25 72 63 2 66 88 45 10 18 15 87 84 49 83 51 5 68 9 57 46 77 14 42 3 93 37 32 85 90 70 71 31 43 28 96 97 69 92 80 27 54 44 36 16 81 58 62 82 20 12 39 76 8 53 22 48 1 11 95 99 7 35 60 0 34 33 24 52 50 65 17 6 40 59 67 98 30 
TEST 107 ARG:17 23 95 66 69 94 64 10 91 7 34 62 50 93 12 39 3 59 37 35 20 6 5 8 58 83 28 1 13 40 9 61 98 82 84 31 67 43 15 47 97 44 63 73 16 27 88 76 38 41 36 68 26 33 14 25 48 87 45 54 85 71 32 75 46 80 99 57 89 29 42 77 18 60 0 78 51 65 30 22 79 74 70 11 19 55 92 2 52 86 24 81 53 21 4 72 49 90 96 56 
TEST 108 ARG:94 36 39 83 10 59 71 86 78 32 44 25 68 57 74 90 61 54 20 31 30 6 96 42 23 4 55 79 27 70 15 91 73 93 5 48 7 87 76 18 19 75 84 46 64 24 56 50 33 3 97 72 95 47 52 29 2 82 21 17 8 41 35 14 65 40 98 43 66 0 63 9 85 22 58 53 89 12 11 34 1 77 60 80 49 38 51 28 16 13 45 37 99 67 62 26 81 88 92 69 
TEST 109 ARG:27 6 7 59 71 8 1 83 43 49 25 0 73 97 63 39 20 2 21 36 79 86 31 33 30 62 90 53 75 46 13 48 5 99 91 15 23 93 76 41 64 61 16 84 70 26 60 45 35 12 81 28 34 11 67 22 78 69 40 96 19 74 92 18 56 80 32 47 95 24 51 65 98 85 58 68 38 29 14 50 57 10 89 87 42 55 94 3 77 82 54 17 66 72 37 88 4 9 44 52 
TEST 110 ARG:46 35 23 83 64 55 8 7 92 65 73 82 91 41 85 32 43 39 20 29 48 37 97 87 95 42 27 76 90 78 14 25 61 44 51 24 63 22 21 18 54 66 74 9 52 89 77 10 0 47 34 3 84 6 33 16 72 88 79 17 11 5 59 69 15 96 19 13 57 28 94 53 75 70 60 2 40 86 12 49 98 71 58 81 80 50 38 4 31 45 30 1 68 67 93 62 26 99 36 56 
TEST 111 ARG:14 33 55 52 99 57 59 80 10 1 26 91 82 73 79 71 87 61 76 29 97 70 84 0 65 40 12 47 75 60 96 62 31 22 81 15 90 20 44 38 16 54 58 98 23 45 69 5 18 85 39 92 78 56 28 63 89 64 66 94 8 11 53 36 43 30 93 34 83 35 32 86 9 4 19 21 3 49 17 67 51 50 77 42 2 27 95 74 24 6 72 46 37 88 25 7 13 41 48 68 
TEST 112 ARG:54 75 45 87 29 0 41 24 22 55 57 18 98 25 35 74 36 83 85 6 52 91 82 84 13 20 50 68 40 26 2 43 12 15 8 27 80 78 96 70 56 61 10 97 59 58 3 67 37 99 94 47 48 95 92 79 86 49 5 31 14 93 71 28 88 39 17 34 44 89 90 60 33 16 77 72 69 21 9 38 62 81 73 32 46 66 51 76 11 53 63 30 19 1 4 7 42 64 65 23 
TEST 113 ARG:11 49 57 99 5 79 95 86 39 83 88 93 69 44 52 6 54 98 2 29 72 71 16 74 42 65 25 50 70 66 92 43 3 34 1 7 85 17 28 76 30 9 32 53 78 13 8 82 67 26 46 51 18 12 80 55 31 59 20 94 89 27 21 56 84 35 60 0 36 77 4 75 48 40 10 47 91 68 73 23 19 64 33 15 38 63 58 97 45 62 90 87 41 37 14 96 24 61 81 22 
TEST 114 ARG:38 2 20 95 69 73 93 99 26 75 52 57 21 0 47 89 24 18 49 42 33 3 81 43 90 87 35 79 22 29 74 76 5 54 92 91 11 51 15 27 67 59 61 41 23 44 97 16 45 65 77 14 8 1 53 66 31 32 4 85 71 78 82 64 28 34 6 68 30 70 80 83 98 17 39 48 86 55 63 9 62 12 72 46 13 56 7 94 50 60 36 40 96 37 25 58 10 19 88 84 
TEST 115 ARG:35 91 87 20 60 88 23 8 65 54 36 74 56 22 68 83 52 80 94 43 5 28 66 12 39 0 15 76 61 33 37 77 19 40 57 58 31 97 14 78 47 25 59 38 98 93 55 95 73 30 17 64 4 21 46 70 79 9 24 45 69 50 53 92 84 86 72 63 85 99 3 34 29 62 2 10 41 6 44 7 51 18 96 90 13 26 75 49 27 16 11 89 48 67 81 42 71 1 82 32 
TEST 116 ARG:77 52 85 24 67 31 54 81 94 1 2 87 5 57 42 49 84 26 74 76 78 68 12 41 16 51 93 89 46 50 37 55 11 53 86 6 56 70 7 36 97 69 34 22 3 91 32 25 65 28 80 72 59 9 20 47 88 66 90 64 40 63 17 27 99 45 15 33 18 21 35 48 73 92 96 43 30 83 19 13 95 79 10 23 0 44 39 62 82 61 58 38 71 75 14 60 98 8 29 4 
TEST 117 ARG:28 97 88 53 94 59 63 71 25 44 81 29 24 54 55 75 19 4 48 67 32 30 93 1 65 77 14 76 98 82 40 95 12 36 17 96 58 56 51 72 15 6 39 87 35 73 9 20 64 49 66 86 90 11 27 60 34 79 74 13 23 18 16 2 78 8 80 83 7 84 38 22 33 99 91 41 26 21 50 47 37 89 45 31 85 62 70 43 46 61 57 42 92 5 52 10 3 68 0 69 
TEST 118 ARG:73 43 12 16 77 76 2 67 53 7 13 88 9 24 87 23 19 36 6 32 8 40 57 3 39 86 54 15 80 90 95 91 50 11 37 21 42 84 26 41 85 4 46 64 58 49 98 33 55 62 18 48 29 44 94 20 71 65 35 1 99 10 45 51 17 93 75 79 52 28 34 74 59 22 0 82 30 83 97 68 47 92 66 56 89 69 25 27 60 72 31 61 38 70 5 96 78 63 14 81 
TEST 119 ARG:72 14 62 65 33 18 49 39 52 96 35 12 36 34 16 10 31 48 50 2 78 21 11 41 80 76 88 82 68 28 23 93 70 13 22 25 17 67 71 74 85 8 54 44 75 38 90 0 9 98 4 37 58 81 6 97 57 55 40 86 94 47 61 87 63 92 99 73 27 15 5 26 56 45 42 79 43 83 32 29 19 30 1 51 77 66 46 69 7 84 53 20 64 24 59 60 91 3 95 89 
TEST 120 ARG:0 57 86 99 43 5 22 80 3 72 34 88 45 8 78 32 95 89 98 14 62 13 10 2 69 21 30 49 46 23 96 97 44 77 66 76 19 9 33 11 37 36 25 35 73 74 68 20 27 15 65 59 28 85 42 56 12 83 55 70 16 91 7 63 50 75 92 39 61 81 67 1 87 52 18 94 6 4 41 17 82 54 53 79 90 38 64 60 51 47 24 40 58 84 48 71 93 31 26 29 
TEST 121 ARG:12 75 84 1 90 56 82 33 74 62 99 5 66 89 22 67 86 51 57 40 14 69 7 71 64 18 24 54 48 29 97 58 63 32 70 72 15 68 47 83 3 65 61 52 85 9 13 8 81 28 16 43 20 19 17 39 73 50 2 34 94 77 88 36 10 44 38 96 37 46 98 21 11 78 59 95 55 23 31 35 53 26 42 60 30 79 6 93 80 49 25 41 87 92 91 4 0 27 76 45 
TEST 122 ARG:66 51 53 17 19 10 79 23 24 78 65 15 6 3 58 64 73 68 41 90 31 36 87 25 4 13 57 81 39 63 85 9 44 89 38 92 33 84 27 62 45 91 34 67 32 47 56 46 99 95 83 5 16 1 30 40 71 49 35 29 43 48 37 18 42 50 60 2 77 26 61 7 55 52 80 22 88 28 21 93 97 12 70 75 76 11 20 0 82 74 94 14 98 72 59 96 54 69 86 8 
TEST 123 ARG:15 43 79 18 99 21 7 86 37 65 70 22 71 97 2 95 46 10 76 38 33 31 96 64 30 40 55 57 39 77 35 69 0 61 72 26 52 83 94 82 48 41 73 13 53 3 62 29 81 75 67 4 42 92 59 25 34 12 28 9 78 16 11 6 19 32 58 23 87 24 49 74 8 88 60 90 17 56 93 36 85 5 91 14 44 45 54 51 84 80 1 89 20 50 27 66 63 68 47 98 
TEST 124 ARG:54 44 1 79 64 42 35 45 32 87 97 76 83 50 95 33 88 96 7 6 73 89 16 20 14 84 25 70 28 59 49 17 62 69 26 68 71 80 56 19 77 38 24 98 34 90 31 86 8 27 36 61 65 29 22 40 0 58 91 92 94 66 82 2 52 81 75 37 99 30 18 46 63 23 60 5 72 41 47 78 51 57 55 67 48 3 74 12 53 93 21 9 85 10 15 39 43 11 4 13 
TEST 125 ARG:66 71 35 62 99 81 73 48 43 7 94 15 46 91 8 84 22 16 39 60 3 72 92 27 5 70 19 82 76 24 87 26 88 51 11 9 42 61 69 55 20 59 74 50 25 1 17 30 77 97 40 68 47 10 89 37 54 13 58 23 85 64 29 41 93 0 96 52 63 57 2 56 83 34 67 79 12 4 6 75 65 86 98 95 21 38 28 49 18 14 31 80 32 44 90 78 45 36 53 33 
TEST 126 ARG:74 6 27 67 46 97 12 13 24 90 83 35 92 84 16 51 81 93 9 50 75 23 29 19 59 0 80 26 99 18 32 95 72 86 14 7 38 69 53 44 8 68 40 60 47 63 58 22 34 76 61 36 85 82 49 62 39 71 43 73 55 57 70 45 31 17 48 2 10 65 96 4 77 25 79 42 94 5 30 56 21 88 91 41 37 1 52 87 54 20 78 98 15 66 33 11 89 3 28 64 
TEST 127 ARG:40 45 53 69 13 31 5 56 59 77 33 72 0 11 18 88 67 44 6 97 30 17 68 41 37 80 94 89 60 14 90 22 24 35 66 28 84 78 43 23 73 9 93 65 55 52 29 75 57 87 42 61 58 99 51 96 32 85 70 19 1 91 16 27 26 83 98 74 2 76 92 64 54 62 63 7 49 81 8 82 10 15 4 71 21 3 47 39 34 50 12 79 25 95 20 38 36 48 86 46 
TEST 128 ARG:33 21 68 16 18 88 57 9 46 14 72 59 42 8 55 19 95 79 54 82 98 81 96 17 94 15 3 10 52 83 31 56 35 32 85 2 27 78 60 51 48 92 70 49 69 40 74 0 97 90 80 28 47 39 86 4 30 5 63 20 66 64 65 43 76 7 45 36 99 22 53 29 37 13 41 25 12 67 73 75 89 71 24 26 11 62 34 23 87 61 1 58 77 38 91 44 50 93 6 84 
TEST 129 ARG:53 38 88 58 55 90 57 69 27 12 28 13 4 39 83 37 60 96 65 23 22 94 20 43 24 36 50 45 8 75 81 31 15 6 34 52 48 78 14 17 86 46 1 21 98 9 68 47 93 26 73 19 2 91 56 82 74 49 62 92 59 5 67 70 64 85 3 99 0 42 79 29 95 77 66 35 51 32 41 11 76 33 18 25 40 16 44 63 72 7 80 71 84 97 10 30 61 54 89 87 
TEST 130 ARG:46 85 18 24 72 21 89 0 23 69 76 45 98 94 1 2 66 73 62 60 26 32 81 38 87 8 82 70 68 79 77 30 37 71 55 86 59 47 13 95 39 27 12 50 53 11 93 96 99 80 29 25 90 6 57 33 10 3 42 44 92 48 91 74 35 20 61 36 65 22 17 5 4 83 7 84 16 67 15 58 49 75 9 97 52 28 56 19 64 31 54 88 14 34 40 43 41 51 78 63 
TEST 131 ARG:75 88 80 17 38 1 63 34 12 69 53 56 71 15 48 41 19 91 6 78 82 55 45 20 37 84 73 42 50 65 27 67 11 97 21 47 51 74 90 81 4 14 7 33 70 96 0 68 61 28 43 30 94 26 52 23 32 77 93 3 13 10 60 87 18 5 89 29 57 39 98 85 92 58 24 86 46 95 40 62 16 36 25 8 64 35 22 44 79 9 54 49 2 66 59 99 72 83 76 31 
TEST 132 ARG:7 68 88 26 52 11 27 80 30 1 89 77 45 34 59 86 10 93 84 66 25 73 51 38 95 57 3 15 54 90 87 69 85 18 24 65 46 58 98 92 4 82 31 94 43 29 42 67 20 12 36 48 35 19 63 32 78 40 81 75 5 56 70 21 14 55 23 6 50 99 72 97 2 16 17 37 0 62 71 44 76 9 49 60 64 79 28 91 53 96 39 8 33 61 41 83 22 74 13 47 
TEST 133 ARG:92 13 41 60 6 9 10 67 48 5 91 28 2 88 40 46 50 79 22 53 49 23 89 27 55 26 95 44 15 84 96 37 97 57 83 4 29 8 24 71 52 45 34 66 72 62 70 75 43 74 30 54 80 7 51 69 14 82 21 1 0 68 61 32 36 19 16 33 20 47 65 73 76 42 39 12 35 90 64 11 59 87 81 25 31 78 99 63 85 94 77 18 3 58 98 93 17 56 38 86 
TEST 134 ARG:63 60 19 36 55 20 16 4 37 49 26 38 94 50 43 14 69 98 87 25 78 28 3 51 93 11 75 31 83 72 6 84 44 35 68 0 70 79 40 33 46 85 56 91 10 82 52 74 9 66 18 21 48 30 1 97 64 81 47 73 39 8 62 61 7 32 71 89 29 80 23 13 57 27 54 34 96 88 90 99 22 45 12 86 58 17 24 95 5 59 2 76 41 65 92 67 77 15 53 42 
TEST 135 ARG:75 68 48 32 26 46 95 78 94 85 23 64 60 62 98 18 87 77 63 38 36 14 67 25 53 43 15 19 55 40 52 12 83 17 31 82 20 34 9 89 90 91 92 35 42 39 88 44 37 58 1 33 84 49 13 81 61 27 4 8 0 66 54 93 7 96 70 71 69 5 57 30 22 10 56 28 29 79 72 6 50 47 11 97 16 73 21 65 86 41 59 24 3 74 51 76 2 99 45 80 
TEST 136 ARG:87 73 20 75 17 52 16 86 57 24 61 45 22 83 48 67 0 11 9 90 54 68 38 69 65 78 36 49 37 21 32 19 13 29 76 64 15 2 63 43 10 12 79 59 8 1 46 4 44 84 14 39 5 91 60 42 96 70 72 82 18 81 56 92 50 62 3 97 80 74 40 95 89 30 35 25 6 7 51 88 47 71 34 41 53 77 55 33 94 28 98 85 31 23 58 93 99 27 26 66 
TEST 137 ARG:37 75 43 80 88 46 15 3 42 32 91 83 6 39 26 20 96 24 22 40 60 78 25 99 8 0 68 74 4 89 81 1 61 23 57 95 90 19 9 58 67 63 62 5 82 71 69 51 76 12 30 98 33 16 84 72 14 48 94 44 86 93 79 56 52 65 10 29 59 13 47 70 34 41 11 45 7 2 49 54 85 36 18 38 17 35 55 66 31 87 97 73 50 77 53 28 92 27 64 21 
TEST 138 ARG:64 61 54 28 5 45 90 78 8 79 93 14 68 22 96 92 18 20 80 38 26 25 31 52 69 11 42 39 82 13 24 7 49 12 4 9 75 30 35 15 23 36 72 53 21 37 99 55 85 97 65 17 50 56 19 73 41 71 88 81 59 43 29 87 86 91 62 76 94 3 16 33 48 98 2 46 34 66 1 70 84 57 63 77 27 40 58 89 60 32 0 83 44 47 6 10 67 51 74 95 
TEST 139 ARG:36 41 66 65 69 76 26 49 15 32 35 9 91 86 2 28 71 78 29 77 5 12 55 38 79 53 97 74 80 94 7 18 8 85 43 6 60 90 48 92 14 51 50 87 73 39 68 63 81 1 93 61 45 21 95 72 16 67 46 3 70 99 44 31 0 58 42 25 22 37 56 83 17 11 27 57 98 84 24 82 62 59 52 34 13 54 33 47 96 10 89 23 64 40 88 20 19 30 4 75 
TEST 140 ARG:90 11 74 73 7 67 2 77 49 25 29 42 84 13 6 65 39 51 64 23 52 76 40 85 17 59 57 96 81 43 10 80 34 4 35 54 95 89 60 0 92 1 33 75 44 3 19 5 61 21 98 94 28 18 45 36 31 70 37 15 62 41 20 91 26 24 66 79 86 14 55 99 8 38 83 53 93 78 47 58 32 50 69 22 63 30 16 82 88 12 9 71 97 56 87 46 72 68 48 27 
TEST 141 ARG:87 54 25 75 14 3 50 18 62 51 81 66 45 47 6 68 27 49 46 39 91 22 4 58 35 40 31 17 9 64 83 90 60 43 97 8 77 48 55 92 0 33 5 71 84 82 67 95 74 78 37 86 72 19 53 61 30 94 16 88 63 36 13 28 98 57 15 96 29 2 69 56 93 65 76 26 85 59 79 44 7 23 32 89 21 38 80 70 1 24 52 73 10 11 99 41 34 12 42 20 
TEST 142 ARG:19 29 84 34 56 64 13 46 44 51 61 40 7 24 59 15 89 45 9 83 85 66 75 6 65 43 36 86 67 41 57 90 63 25 47 17 55 97 18 95 80 8 94 27 88 20 52 68 72 26 69 12 73 71 87 78 91 76 81 96 31 79 92 42 74 3 32 14 77 82 38 11 60 48 1 22 4 93 5 33 0 28 70 37 98 62 50 35 53 49 16 54 30 21 2 10 58 39 99 23 
TEST 143 ARG:16 59 53 81 83 88 28 63 87 66 58 78 3 25 18 46 12 74 86 38 17 37 9 64 5 40 97 24 54 89 68 32 69 44 21 82 42 19 90 80 20 48 22 10 15 76 34 60 71 62 57 51 85 39 65 95 50 96 55 79 2 52 33 36 93 77 73 29 27 30 0 91 56 11 92 7 98 13 35 72 41 94 43 49 14 99 26 6 84 70 67 1 47 8 61 75 23 45 4 31 
TEST 144 ARG:3 57 54 82 10 8 61 9 63 96 34 65 97 1 87 39 53 56 38 6 42 84 33 86 94 50 99 25 36 76 60 46 48 64 90 30 89 45 24 47 62 27 49 29 59 31 43 0 14 93 37 44 28 55 26 12 20 92 77 22 71 91 2 13 67 70 40 80 21 74 79 17 72 35 69 32 85 98 23 4 15 5 68 58 52 11 81 73 88 7 66 41 19 78 18 95 51 75 16 83 
TEST 145 ARG:67 34 1 33 50 43 69 11 61 60 2 91 20 52 48 47 16 12 55 86 3 7 31 51 0 72 23 70 99 80 9 36 58 14 22 92 53 84 77 68 46 26 49 39 74 17 19 71 62 25 89 5 63 35 37 88 56 57 85 94 79 87 41 28 38 64 95 32 8 4 15 30 97 75 10 40 83 24 44 66 18 82 98 93 73 13 65 78 27 54 21 6 45 76 81 42 59 29 96 90 
TEST 146 ARG:87 25 5 61 20 59 3 48 32 96 62 93 94 15 6 8 7 66 69 18 52 0 14 64 44 46 4 63 41 60 43 80 28 50 11 90 36 97 78 9 95 91 35 1 16 19 56 17 84 74 77 21 38 34 47 75 37 85 31 55 10 99 82 26 89 72 29 2 12 70 86 81 88 79 33 22 54 42 92 39 13 57 67 27 53 58 49 76 23 30 65 83 24 40 98 73 71 51 68 45 
TEST 147 ARG:89 93 86 29 65 58 85 17 27 4 76 68 11 70 23 15 14 25 30 3 52 67 22 37 50 82 5 34 12 26 79 81 49 97 62 46 99 56 73 66 35 77 64 31 98 80 94 69 57 16 2 38 13 48 33 96 44 40 53 21 63 8 74 71 36 28 19 90 61 83 42 9 32 55 7 18 43 41 72 24 87 6 78 51 60 47 39 20 54 95 45 84 0 88 91 10 1 75 92 59 
TEST 148 ARG:42 49 47 46 48 22 23 14 95 73 81 53 62 12 16 72 45 76 98 91 6 61 1 79 59 41 30 60 2 33 28 74 85 78 20 75 93 96 9 43 38 97 34 64 25 55 70 21 83 24 35 19 68 31 67 4 51 99 52 92 50 58 26 40 80 27 13 82 8 66 65 84 29 7 36 5 86 90 63 44 37 0 56 69 89 77 3 94 11 10 88 17 57 54 32 39 18 15 71 87 
TEST 149 ARG:64 60 34 76 47 7 15 2 63 57 8 69 59 14 89 13 48 51 36 55 92 70 1 6 16 78 32 39 71 86 19 12 87 3 27 5 90 58 83 33 18 84 73 95 4 93 97 49 81 25 54 75 35 22 56 68 28 88 99 77 42 80 20 74 11 61 26 79 94 44 9 53 23 82 10 43 46 29 40 52 98 41 85 65 38 50 24 62 30 72 17 96 31 45 91 37 66 67 0 21 
TEST 150 ARG:59 82 90 31 34 23 81 58 71 25 56 2 83 52 10 69 40 99 4 3 20 9 75 30 80 64 79 27 85 62 97 68 88 8 43 37 70 87 95 45 39 91 96 38 35 77 48 7 1 33 78 5 66 74 17 76 13 21 6 36 22 16 94 41 44 11 50 46 73 86 51 29 92 65 57 26 15 18 67 63 47 55 24 14 42 28 0 54 98 89 72 53 93 61 12 84 60 49 32 19 
TEST 151 ARG:96 97 78 36 90 47 93 70 68 57 84 60 99 34 91 23 13 0 22 37 48 39 40 85 21 81 80 52 5 69 53 46 4 25 30 35 26 1 18 28 43 66 63 6 51 7 3 29 9 2 27 17 77 72 83 61 64 94 82 38 31 41 58 55 89 56 20 12 16 8 79 19 14 24 44 32 74 54 88 95 75 10 50 73 86 62 92 98 33 59 11 15 87 49 42 76 65 71 67 45 
TEST 152 ARG:77 16 47 64 19 23 70 39 58 60 67 18 20 5 91 25 85 65 3 73 15 97 48 31 75 68 92 76 86 52 84 2 27 55 17 0 80 30 1 4 79 32 10 38 45 40 35 42 13 56 36 46 26 7 62 24 90 99 69 33 22 82 88 14 94 63 66 71 57 93 6 96 61 95 53 12 11 29 49 9 8 51 28 54 81 59 43 41 74 50 89 37 98 21 34 83 44 87 72 78 
TEST 153 ARG:67 32 92 84 11 42 40 68 74 25 79 45 38 17 70 80 66 56 15 76 89 71 63 31 64 36 87 9 73 43 37 29 47 26 69 52 62 81 20 10 44 24 95 61 35 77 99 41 23 27 58 18 53 82 14 98 97 75 21 90 54 83 16 30 5 55 85 78 59 48 72 51 2 22 3 13 0 60 65 39 49 57 7 94 19 50 96 46 88 4 86 91 34 1 93 8 6 33 28 12 
TEST 154 ARG:39 38 1 53 67 94 22 13 26 75 96 49 57 34 78 0 25 90 3 65 21 81 23 61 63 92 98 70 89 91 36 42 85 2 31 72 88 68 71 64 10 44 14 24 62 28 69 87 56 76 17 4 80 60 97 16 27 47 40 74 43 58 20 9 59 55 52 30 54 46 7 35 11 15 73 84 45 18 83 8 66 6 50 93 48 5 41 95 33 86 12 51 77 99 29 37 32 19 82 79 
TEST 155 ARG:39 46 76 66 59 22 21 65 71 4 27 69 48 78 9 89 54 86 88 82 34 91 2 40 50 84 57 13 10 61 42 11 16 90 80 49 14 3 56 0 72 31 92 36 98 5 30 23 60 7 73 28 6 29 26 24 83 25 99 33 18 52 20 12 19 75 43 58 47 79 67 70 97 37 17 15 35 93 64 68 96 81 74 55 87 45 41 62 51 38 1 77 85 63 53 44 94 95 32 8 
TEST 156 ARG:54 49 30 46 1 95 28 88 71 78 50 65 11 0 8 60 84 67 33 41 16 26 31 62 91 39 27 22 93 40 2 23 20 74 86 5 56 15 73 87 29 24 75 52 43 58 82 18 48 47 83 51 14 76 17 9 3 35 90 64 59 32 7 44 66 63 80 45 98 85 37 57 94 97 4 55 38 42 77 99 10 13 70 68 81 92 12 96 69 89 34 25 19 72 53 21 36 61 79 6 
TEST 157 ARG:17 32 64 21 10 2 48 19 76 42 57 30 43 31 11 55 38 28 75 70 56 65 81 27 83 90 49 40 62 77 36 34 50 74 7 25 87 61 79 97 60 8 58 99 29 46 96 26 82 59 14 44 33 92 16 37 12 63 52 67 45 84 71 93 68 78 89 66 13 4 39 47 15 20 6 23 94 91 51 22 53 9 3 80 18 69 95 98 54 41 1 85 5 24 0 88 35 73 86 72 
TEST 158 ARG:22 48 4 53 89 64 9 73 23 12 46 45 36 97 27 94 62 90 42 83 15 25 57 20 3 66 40 95 59 32 51 56 0 79 74 93 7 21 35 76 28 16 8 65 11 77 10 85 14 98 1 39 88 68 91 52 58 24 54 55 71 31 41 72 96 29 99 70 2 75 86 82 47 6 18 67 69 78 44 33 84 26 61 87 19 60 34 50 80 81 37 38 5 17 43 30 63 13 49 92 
TEST 159 ARG:76 71 61 77 66 35 74 21 11 37 75 20 24 93 33 40 48 96 73 1 68 70 13 18 16 51 79 30 85 19 83 78 55 5 32 38 0 86 14 72 46 2 44 92 50 42 43 52 25 95 97 12 58 47 62 9 84 22 91 28 6 94 29 59 53 60 4 89 81 63 41 36 3 8 27 45 99 31 90 87 67 69 65 23 7 49 57 82 54 88 98 39 26 34 15 17 64 56 10 80 
TEST 160 ARG:87 76 8 19 88 54 73 72 7 20 58 39 15 69 36 25 77 98 45 53 86 40 55 11 84 79 75 56 99 44 42 2 37 78 29 35 97 24 92 16 38 26 96 95 63 62 48 50 85 68 46 89 18 47 4 33 17 43 74 5 23 67 13 66 30 70 49 57 22 81 80 12 65 52 0 51 71 82 21 1 28 32 10 31 34 61 9 41 90 64 3 14 83 6 93 27 91 94 59 60 
TEST 161 ARG:20 83 68 89 38 75 8 58 1 55 71 21 91 11 32 28 0 54 7 27 31 51 43 39 82 92 73 87 93 35 45 67 66 98 69 81 12 3 70 22 63 18 77 74 50 94 44 4 60 13 99 24 9 26 79 97 41 65 95 2 16 23 40 19 80 56 29 33 85 62 78 36 17 37 86 76 84 6 46 61 14 25 47 64 59 88 5 57 30 90 72 52 34 48 49 10 15 96 53 42 
TEST 162 ARG:31 70 52 79 27 74 81 17 63 46 82 18 2 35 26 75 90 77 19 15 53 21 41 40 78 20 48 38 65 87 29 66 73 69 5 86 24 94 23 3 43 64 89 95 98 39 68 1 97 25 32 37 62 84 91 11 72 13 10 67 92 80 83 93 47 99 36 12 42 34 59 88 56 49 76 44 71 28 61 55 51 96 57 6 33 58 0 54 16 22 7 60 50 4 14 85 9 30 8 45 
TEST 163 ARG:87 44 99 27 74 52 84 31 97 7 64 3 29 45 13 2 61 21 62 68 88 26 93 70 0 56 53 60 81 11 80 67 10 94 72 41 78 83 66 40 22 34 46 58 55 33 49 85 57 50 30 42 76 47 19 1 95 15 82 4 43 48 92 9 12 69 35 5 90 23 86 65 73 59 20 25 17 98 18 6 63 14 91 32 51 75 79 39 54 28 96 16 77 37 38 89 36 8 71 24 
TEST 164 ARG:18 15 12 31 96 80 1 87 47 33 48 61 66 7 20 99 35 75 19 94 79 78 85 46 91 43 55 95 32 74 30 34 40 54 22 41 24 82 38 88 67 36 64 97 52 14 27 56 68 83 84 73 70 76 5 11 62 63 25 29 6 0 23 57 53 49 4 60 59 42 89 71 90 13 2 93 72 92 10 50 65 9 69 16 37 45 17 51 8 26 86 77 81 39 44 28 98 58 3 21 
TEST 165 ARG:52 17 23 46 41 54 25 44 59 39 43 78 37 90 82 70 6 36 99 26 68 3 8 74 11 0 64 86 67 89 35 4 88 51 53 94 84 61 19 15 93 48 24 22 63 34 87 65 73 13 55 47 42 14 50 49 58 40 56 62 21 66 97 98 33 60 85 96 28 79 80 92 83 76 9 27 20 57 77 69 45 29 5 81 7 95 72 38 10 16 2 91 12 1 71 75 32 31 18 30 
TEST 166 ARG:26 65 46 42 83 70 20 49 53 87 79 58 30 62 90 17 33 32 6 92 22 50 21 41 27 96 47 45 7 39 78 69 72 97 14 88 57 73 40 44 85 76 10 37 61 34 80 54 99 66 68 64 51 74 28 24 71 77 75 98 67 35 31 89 5 11 19 43 4 52 9 91 15 13 16 93 59 95 29 86 84 23 1 8 81 2 18 36 3 48 38 82 12 60 55 94 63 25 56 0 
TEST 167 ARG:34 71 6 33 99 40 36 37 64 91 56 24 19 79 78 14 45 87 57 82 73 1 63 52 18 53 80 11 69 32 55 76 74 9 65 59 0 44 72 8 54 26 12 51 61 49 7 46 89 97 10 85 81 77 31 62 94 84 17 68 21 93 50 98 4 5 95 3 15 48 39 42 47 41 90 86 67 70 92 16 25 29 66 20 75 96 35 2 13 88 83 60 22 23 58 27 30 28 38 43 
TEST 168 ARG:8 59 49 41 22 37 79 21 73 19 18 31 47 46 16 88 43 7 39 74 0 83 42 55 25 95 53 78 29 20 62 12 80 68 97 82 76 15 14 28 33 90 63 34 10 54 93 11 27 77 30 5 13 36 44 91 4 70 51 48 66 60 87 26 6 86 52 84 1 94 35 9 71 61 96 56 23 85 57 89 98 67 24 38 65 92 99 2 3 64 81 17 32 58 45 40 50 72 75 69 
TEST 169 ARG:67 85 92 54 0 79 46 21 66 5 53 90 64 68 38 48 60 87 77 12 93 23 16 27 33 30 37 52 40 71 20 19 70 86 4 82 88 59 69 18 7 80 2 73 13 3 1 42 35 11 6 31 25 81 75 63 28 26 56 45 62 8 55 96 91 47 49 57 99 84 50 72 78 9 89 24 43 58 97 29 34 65 39 95 94 41 44 76 32 17 51 98 14 83 22 36 15 10 74 61 
TEST 170 ARG:35 48 58 50 43 47 65 55 23 98 28 52 4 26 87 63 90 5 27 25 32 19 95 31 51 67 59 78 53 79 71 88 16 85 83 74 54 92 15 61 2 10 18 93 73 96 84 76 75 70 29 94 89 24 49 0 37 3 44 57 39 68 80 34 62 56 86 66 38 12 1 69 99 22 36 21 33 30 17 9 14 11 40 82 46 64 97 91 8 72 81 13 42 60 20 41 7 77 6 45 
TEST 171 ARG:23 72 41 37 76 93 14 53 11 27 42 25 19 30 46 51 35 84 67 97 86 64 33 56 9 81 75 7 39 74 82 5 92 8 99 88 16 98 77 21 65 96 94 48 70 17 52 73 91 61 45 26 66 54 85 69 79 0 38 43 13 32 34 90 55 18 31 80 71 15 1 24 62 59 87 47 29 63 6 2 60 22 83 12 58 49 44 10 78 28 57 95 3 40 20 36 89 50 4 68 
TEST 172 ARG:4 15 28 21 88 37 98 19 95 13 77 38 32 6 23 16 35 30 75 66 52 43 96 93 76 94 83 7 86 9 10 2 49 44 71 82 84 51 89 87 3 72 54 67 91 46 20 17 26 70 64 0 47 68 45 14 61 11 92 22 36 29 25 41 53 5 97 90 18 56 34 62 12 33 65 42 58 80 69 57 73 27 63 85 24 39 8 1 81 31 50 40 48 99 79 78 59 55 74 60 
TEST 173 ARG:57 65 28 23 46 66 82 56 39 95 20 18 63 78 42 99 75 87 91 49 69 45 8 53 72 76 5 7 29 34 60 93 73 58 32 94 26 70 80 13 54 30 90 86 67 12 71 85 64 14 47 84 77 48 96 35 24 97 40 41 83 21 38 22 62 81 19 16 10 88 0 15 9 92 11 2 4 6 17 52 61 74 33 36 31 68 27 25 55 50 1 59 98 44 79 3 37 51 89 43 
TEST 174 ARG:57 75 94 6 58 55 47 81 72 64 85 10 61 69 77 97 0 82 13 28 21 90 3 80 51 98 59 44 60 20 86 46 78 43 76 65 2 71 23 56 30 42 27 95 32 68 96 22 18 14 74 9 62 24 8 5 31 89 99 66 4 16 84 26 41 63 93 29 33 25 52 92 53 38 49 34 88 83 37 54 79 70 73 45 7 19 50 12 67 48 11 1 39 36 40 87 35 91 17 15 
TEST 175 ARG:39 83 61 76 15 84 75 48 32 25 31 22 5 54 96 90 79 14 81 51 78 70 98 91 19 28 53 18 69 13 12 29 52 72 6 37 85 2 4 3 65 86 64 40 8 95 59 56 43 93 38 71 82 23 60 9 16 46 94 44 20 77 33 68 1 58 97 55 27 67 45 24 17 57 74 10 30 66 41 89 42 63 80 34 50 92 11 88 99 49 7 36 26 87 62 21 73 0 47 35 
TEST 176 ARG:58 89 45 76 2 59 8 53 28 4 19 77 32 73 78 72 79 61 55 86 3 64 22 18 69 63 10 84 68 1 90 39 52 41 70 6 80 24 67 94 27 37 56 20 57 98 11 44 12 35 48 15 0 17 87 93 92 50 38 99 46 91 14 40 31 5 81 60 7 65 51 21 88 42 26 49 97 16 62 74 83 34 66 75 82 25 36 29 9 47 13 71 23 30 43 33 54 85 96 95 
TEST 177 ARG:37 31 28 81 73 78 58 45 38 53 11 43 98 8 54 35 57 23 2 51 93 6 10 96 59 82 61 1 42 24 99 44 41 86 27 91 22 88 29 17 46 72 87 67 77 48 52 26 69 16 25 34 62 74 66 92 21 47 55 89 79 19 15 56 40 75 76 5 49 80 4 7 71 95 64 90 14 70 20 97 85 0 30 12 39 3 63 36 32 9 65 94 84 83 13 60 50 68 33 18 
TEST 178 ARG:44 62 4 97 16 40 87 83 18 84 91 24 12 42 10 5 11 29 75 13 99 39 27 68 90 35 23 20 98 7 81 31 58 1 70 59 9 86 17 51 89 15 61 0 45 34 66 32 95 80 43 3 8 85 65 22 76 82 49 74 36 37 88 63 48 54 71 21 73 94 96 38 28 14 67 72 56 92 53 46 69 93 57 79 19 26 50 60 55 64 33 30 52 2 77 41 47 6 25 78 
TEST 179 ARG:76 6 19 49 24 10 25 44 40 67 32 21 99 7 79 66 91 3 33 15 71 17 8 70 69 92 98 68 97 88 75 48 46 30 36 81 54 78 93 9 63 57 72 89 53 27 28 59 83 29 82 20 50 86 2 51 90 22 41 64 35 56 5 77 80 95 62 13 65 34 43 38 96 39 45 37 55 4 85 42 73 74 84 47 16 31 12 52 18 60 0 94 61 26 58 87 23 11 14 1 
TEST 180 ARG:76 72 89 73 12 23 15 43 58 8 66 0 82 80 6 87 16 78 11 71 34 75 62 77 17 69 44 31 85 86 49 68 13 21 41 67 7 81 46 57 50 32 26 64 25 28 40 63 88 93 97 4 59 24 91 38 2 90 1 47 42 92 56 65 27 74 33 14 19 20 3 96 52 51 39 36 35 70 95 10 45 37 22 84 60 99 30 61 29 83 54 94 79 5 48 18 98 53 9 55 
TEST 181 ARG:54 14 42 26 53 60 2 27 48 9 71 76 64 73 36 41 17 81 33 32 18 90 31 59 93 57 69 83 85 67 20 15 91 87 3 23 99 72 6 56 21 49 89 88 37 44 11 5 52 55 97 30 16 65 0 61 1 86 24 34 84 39 82 98 77 43 47 58 70 62 12 22 19 79 92 80 50 68 38 75 63 8 13 96 78 25 45 74 28 10 51 95 7 35 4 29 40 66 94 46 
TEST 182 ARG:44 47 14 92 26 74 61 2 49 29 50 43 62 78 9 64 6 40 25 33 59 36 69 19 76 31 89 8 97 80 1 84 11 82 55 93 13 39 23 85 75 22 28 81 46 20 4 57 7 99 71 60 65 67 3 79 32 54 16 68 17 15 18 45 91 96 63 37 70 27 21 56 30 0 87 94 98 42 90 12 34 95 83 53 10 58 41 35 66 52 48 5 51 88 72 86 24 73 77 38 
TEST 183 ARG:31 73 12 29 64 69 20 26 13 72 47 62 59 52 80 98 76 24 96 86 84 95 45 83 56 22 54 4 87 75 14 42 99 46 88 5 50 93 94 25 51 90 66 92 7 27 18 39 1 41 57 6 43 11 9 89 97 49 15 28 44 61 36 60 67 34 30 40 32 58 77 17 70 53 10 37 3 16 81 33 23 65 2 78 63 85 21 0 71 35 38 82 55 74 8 68 91 48 79 19 
TEST 184 ARG:61 65 14 4 35 40 60 97 62 63 47 54 74 89 78 36 49 84 76 39 77 90 16 29 64 23 75 0 20 45 91 66 41 87 50 73 30 52 15 83 38 69 53 98 28 99 86 88 42 67 93 51 18 79 58 17 70 46 68 12 80 5 26 96 10 9 32 1 2 31 82 34 48 95 21 25 11 57 59 72 6 3 94 33 55 81 85 24 71 27 19 22 8 44 56 7 13 43 37 92 
TEST 185 ARG:70 28 76 66 6 65 16 98 97 14 35 83 19 93 32 68 81 34 85 45 50 24 0 1 2 79 3 39 18 92 55 80 62 30 36 72 52 73 89 8 7 11 69 78 20 13 84 57 31 51 10 15 95 48 64 88 27 91 67 71 60 42 59 38 82 37 17 47 96 94 90 58 54 5 29 87 77 26 23 46 74 9 75 49 22 12 63 86 61 43 33 40 44 53 25 41 21 4 56 99 
TEST 186 ARG:13 69 17 31 89 93 21 87 1 72 41 37 30 78 5 61 42 73 19 18 35 95 80 56 20 90 75 82 92 68 66 79 59 54 84 81 34 71 76 24 51 63 14 44 58 22 39 70 33 16 86 27 11 38 29 99 2 23 98 64 9 85 8 53 7 26 12 15 96 47 4 32 45 55 97 48 52 43 62 74 6 46 10 28 3 88 83 0 25 94 65 49 36 40 60 91 57 77 50 67 
TEST 187 ARG:12 80 65 85 17 7 67 21 13 64 61 4 14 86 45 25 18 54 40 24 36 97 98 49 43 60 99 57 37 84 28 6 30 87 66 46 32 23 48 76 82 33 59 56 53 75 83 50 15 22 70 51 3 9 16 63 91 78 68 92 29 34 95 79 94 72 96 19 39 44 8 93 69 42 27 10 62 90 47 1 88 0 38 20 77 41 11 81 2 71 73 55 31 26 35 52 89 5 74 58 
TEST 188 ARG:76 69 64 75 89 45 61 81 83 21 66 18 37 49 99 4 94 42 92 31 98 91 62 30 78 38 44 3 27 59 57 97 33 40 71 53 77 15 16 10 34 43 86 5 25 1 20 88 47 2 26 50 12 87 46 22 23 6 65 54 14 68 52 39 24 63 11 13 17 93 29 67 36 28 32 84 82 9 79 72 95 35 60 70 41 48 55 80 58 90 85 74 96 8 0 7 19 51 73 56 
TEST 189 ARG:80 51 92 55 77 49 90 19 28 3 5 40 70 26 2 48 7 17 50 83 32 75 37 4 57 56 84 29 60 13 79 72 24 18 76 95 93 62 44 14 61 54 59 96 20 78 22 10 86 73 8 11 21 91 64 34 25 16 27 9 15 43 85 74 65 36 89 35 97 1 94 31 12 39 63 58 38 46 0 87 47 66 68 99 69 33 6 52 53 88 71 82 45 67 30 23 81 42 41 98 
TEST 190 ARG:2 35 52 6 78 66 24 34 88 58 95 94 91 77 54 72 8 60 57 82 92 85 21 1 80 5 17 84 55 25 97 63 59 98 41 12 87 86 28 45 44 31 69 68 73 65 43 46 14 13 40 7 51 27 53 50 93 99 22 96 26 81 64 0 83 49 79 33 48 61 90 39 4 36 42 76 11 20 16 75 67 29 37 70 19 15 9 30 71 10 18 47 89 62 38 32 56 23 3 74 
TEST 191 ARG:20 61 81 22 25 7 82 45 73 13 67 68 23 44 34 77 46 78 30 8 91 93 11 83 3 64 27 15 55 87 88 65 50 17 97 41 70 40 14 32 18 95 75 57 94 29 9 49 84 19 63 51 62 96 54 1 48 74 43 58 36 2 33 10 24 6 59 72 99 12 85 16 21 98 5 47 79 42 80 53 56 90 26 35 39 86 28 38 76 89 92 31 69 66 0 4 71 52 60 37 
TEST 192 ARG:61 56 9 89 11 58 91 46 71 48 73 38 97 92 32 31 64 83 2 22 96 84 99 43 78 65 16 24 6 34 76 88 90 77 87 33 95 17 62 25 52 0 21 81 86 98 35 23 1 18 66 26 57 69 49 40 3 42 70 79 60 12 4 15 20 13 93 94 53 50 45 8 28 7 72 37 80 67 39 59 54 44 75 27 36 30 51 14 63 19 10 85 74 82 5 68 29 55 41 47 
TEST 193 ARG:69 27 72 26 66 32 53 74 36 75 63 87 18 44 82 42 0 23 35 22 41 98 78 9 1 56 59 28 19 60 77 61 37 33 24 96 16 30 80 49 95 47 88 68 46 5 25 92 58 94 90 29 64 8 45 21 85 97 11 73 15 79 48 13 62 67 7 76 38 51 89 39 43 65 12 57 4 3 34 93 91 40 14 20 71 70 55 81 84 83 99 17 31 86 2 52 10 50 6 54 
TEST 194 ARG:45 48 89 88 77 8 31 44 2 72 30 67 11 68 33 99 96 75 29 20 15 32 49 24 64 3 7 93 65 81 0 38 76 5 59 28 10 95 56 60 71 50 25 85 58 84 26 40 9 27 57 55 19 35 13 63 6 23 62 94 36 61 79 43 14 22 73 46 87 1 74 41 34 12 66 92 17 37 98 51 39 52 83 90 86 16 70 4 78 91 42 80 47 97 18 21 54 82 69 53 
TEST 195 ARG:50 77 84 32 95 90 60 7 33 30 11 37 97 14 46 49 44 2 51 27 52 21 5 57 80 92 10 69 24 28 61 43 41 86 88 53 82 72 67 71 89 75 15 63 35 73 91 81 79 25 58 31 66 0 94 17 93 8 55 83 96 74 45 1 12 56 34 19 26 78 68 39 99 4 76 36 9 59 98 54 22 42 3 23 85 48 62 29 70 6 40 13 16 18 87 38 65 47 64 20 
TEST 196 ARG:98 59 15 39 36 58 34 82 41 1 72 57 83 87 28 94 88 93 91 47 53 81 67 64 77 50 95 97 78 42 60 45 29 80 14 79 8 90 43 76 20 70 86 56 9 24 25 99 73 52 19 21 6 54 85 7 49 66 30 65 17 2 16 44 18 89 62 23 69 3 74 13 12 68 84 0 51 33 55 4 48 31 11 61 35 22 63 46 27 75 10 5 32 96 71 37 92 26 40 38 
TEST 197 ARG:81 10 85 16 69 49 61 19 93 80 12 23 37 3 17 42 47 98 26 4 79 74 40 6 18 84 97 77 7 55 96 82 21 68 36 86 28 67 63 39 35 71 92 5 33 73 66 27 9 60 34 95 94 65 56 8 52 50 51 32 53 43 11 59 22 88 83 13 48 99 91 44 76 45 58 25 90 31 38 41 20 87 15 14 78 64 54 24 30 2 0 29 89 46 75 57 62 72 1 70 
TEST 198 ARG:78 89 43 70 38 76 19 73 17 59 4 80 34 84 36 40 23 72 35 52 0 67 37 47 65 45 15 50 7 12 41 74 64 44 28 42 5 30 48 66 62 46 29 63 20 87 11 95 98 27 55 60 9 26 56 86 71 16 77 1 25 31 39 91 88 22 94 85 83 92 51 10 68 54 53 18 24 33 75 93 2 21 3 13 90 57 82 32 81 58 49 61 97 14 99 8 6 96 79 69 
TEST 199 ARG:48 68 25 73 27 98 64 44 32 72 3 53 80 85 28 74 57 67 24 17 10 52 50 31 36 13 40 94 9 6 20 7 93 1 45 14 39 69 5 42 29 23 43 22 34 11 63 60 82 78 76 38 65 47 71 58 37 96 0 88 21 35 33 59 16 84 4 30 75 99 15 86 8 62 55 66 19 70 51 79 2 89 77 83 87 18 49 26 92 41 12 97 81 90 56 61 91 95 54 46 
TEST 200 ARG:22 18 84 0 89 42 40 97 47 34 98 2 23 85 31 12 45 3 21 88 6 70 96 65 93 28 74 38 27 77 80 76 90 72 49 37 19 36 7 4 82 29 95 57 91 55 66 8 5 24 99 54 16 9 51 14 26 92 25 17 32 20 35 44 62 39 64 67 63 71 50 94 78 69 30 73 41 58 83 13 11 33 75 61 56 15 60 48 43 87 79 59 10 53 81 86 46 52 68 1 
TEST 201 ARG:16 18 1 49 43 57 94 58 97 65 10 33 69 51 26 13 52 84 42 2 60 68 74 9 30 0 56 25 40 54 64 88 75 36 17 85 27 19 21 45 73 66 8 41 50 86 3 90 98 32 5 14 47 91 93 92 77 37 87 22 59 83 29 24 23 53 39 61 76 55 31 20 72 80 35 4 70 15 78 11 46 96 7 48 63 89 81 12 67 71 95 44 6 34 82 62 79 99 28 38 
Multiple size <= 500
TEST 1 ARG:58 -49 -197 32 -120 195 222 121 42 82 -115 -153 -124 137 54 -166 -9 -179 122 -77 233 -43 -74 86 240 247 224 -68 211 -223 -75 202 -66 114 -42 213 -4 38 245 -37 238 -27 -119 -139 13 -188 -59 -71 5 -69 -60 -62 118 67 -232 -189 -54 26 -92 89 98 -116 34 -8 104 128 -64 24 81 -112 -239 66 -85 -23 132 20 -15 205 40 194 135 -83 -80 203 -123 -214 -161 -238 63 248 131 -36 -137 200 -56 -150 223 -184 115 -165 165 -222 41 -230 22 65 -126 52 -88 -13 -128 171 74 188 78 -31 29 -151 -29 -160 110 173 143 242 11 170 -145 -134 244 -72 -127 -104 -7 16 -183 -169 201 -130 -219 -154 -227 100 -200 97 -90 -53 -206 -142 -195 56 -220 189 -117 -6 35 -70 -211 -96 21 126 124 140 -143 -28 196 119 -107 -121 -24 -175 -248 47 -133 -172 49 180 31 139 117 87 -157 113 -176 176 -50 -135 182 -249 144 -113 84 204 169 160 -187 -144 106 -210 210 -1 -138 -84 -171 136 163 125 -156 107 -226 50 -205 225 53 156 101 -146 -170 -164 216 -242 71 -2 28 -229 186 4 219 133 -52 -186 43 -11 -38 -57 96 214 -82 -41 -190 99 -250 162 -103 -12 -191 103 -105 15 157 27 2 108 -162 37 166 241 209 0 23 109 1 -198 -180 -202 167 239 198 -196 234 -207 46 45 -3 178 -122 91 199 112 -67 -118 -102 -209 -30 215 -5 -78 -182 123 -89 61 154 77 -35 -167 -108 69 79 164 246 -215 -114 -216 226 -237 -245 -168 -158 73 70 -18 10 -228 179 -14 152 -155 138 -97 -173 -235 120 185 -131 -148 172 -51 220 -208 -94 -46 -141 -147 39 9 -87 -193 19 193 25 90 218 -159 -55 159 146 -26 -48 -225 187 -76 175 207 183 -234 -79 64 48 181 -47 -22 -129 229 -101 212 111 -136 -221 -132 228 92 148 158 -16 -181 161 51 -163 -40 -65 -174 235 190 -247 -194 -152 197 149 72 129 33 177 151 142 130 -236 192 60 -93 -44 -224 -244 -111 95 134 127 94 155 217 236 243 -17 227 -233 75 237 -241 230 -10 191 232 55 -58 102 -199 -106 -100 -192 -19 8 14 -91 -231 -140 -109 249 -99 221 -185 105 116 -149 -20 -25 -243 68 -73 -21 -81 93 -125 17 184 168 85 -95 83 -34 -246 59 30 76 -86 88 -203 -61 147 -212 208 3 12 6 -177 -45 -218 -63 62 36 206 153 141 -178 145 -240 57 7 -204 -217 44 -110 18 231 -98 174 -39 150 -32 -213 80 -201 -33 
TEST 2 ARG:-127 21 -205 -134 156 -146 97 47 161 -42 206 83 -175 -65 81 -212 -16 116 -91 -38 11 -245 -19 205 -75 85 191 -105 70 -195 -170 36 27 148 -79 117 78 -83 17 -92 -22 -45 -209 -129 46 223 -46 -49 114 -90 198 -165 74 -139 246 15 12 195 -232 236 -187 34 164 -158 -98 108 -151 -63 48 -206 -69 -51 32 -161 -239 -39 -52 -202 -228 88 -78 -130 61 60 -180 235 89 20 -238 207 171 -28 18 -182 65 243 -94 -248 -118 213 -56 240 -59 -204 109 -192 3 22 102 242 -101 -53 229 -169 49 232 -225 -82 -171 160 -220 -233 119 -250 222 -13 -181 -211 212 94 0 248 -85 249 -103 -25 125 -197 113 8 -20 214 -123 52 -198 -44 -119 112 -96 -40 151 224 128 180 137 239 -185 -184 19 -215 98 -176 39 -231 150 153 -189 121 -160 -11 -213 -33 -60 -10 -224 -147 227 -100 -214 247 86 187 -155 225 37 -9 -93 219 -37 -136 -144 -216 190 14 -73 -2 -34 168 73 204 143 95 196 66 -194 76 244 217 35 -3 -50 -145 193 -109 -246 -173 202 -229 -71 209 106 -221 26 -193 69 210 -68 131 -84 -76 203 -140 -179 155 -4 -217 -117 57 132 -21 -237 -222 129 149 100 -107 234 55 28 50 62 -23 -243 42 172 181 147 -43 135 175 -137 4 -207 126 -154 158 -178 245 -18 220 -153 96 71 215 -77 139 6 -111 -81 68 72 -99 -70 -30 134 221 1 -67 -135 211 241 145 -241 -7 -95 80 -14 -110 230 133 -186 -57 167 -164 -89 -249 -5 54 -226 -138 228 130 127 140 33 90 -199 -124 82 183 188 -61 56 194 184 216 120 138 30 233 -203 105 154 -141 92 -201 192 170 -167 178 144 -188 -120 169 -17 -240 67 -27 185 -157 -80 226 118 189 -6 -15 -210 -133 -54 -208 75 -162 59 123 141 165 -113 -114 179 104 91 10 -174 -142 -24 -132 -247 -163 -126 -196 31 -86 -74 -122 -97 40 -230 84 -125 197 -106 231 7 -26 -48 -150 107 -242 157 177 64 103 218 -227 -31 142 24 110 63 93 152 -87 -156 146 -234 -152 -47 79 238 166 -177 -1 -191 -235 -148 77 -66 -172 -8 -244 -102 -88 -218 176 136 237 200 38 -149 -58 -35 16 44 115 -190 111 -64 9 122 101 -183 -108 58 -29 5 23 -219 201 163 43 53 -128 182 -55 208 99 87 -116 -223 -36 25 29 -72 2 45 159 -112 -143 -166 -131 -159 -200 162 -168 186 51 -104 -62 41 174 -41 -121 -115 -12 199 13 -236 -32 124 173 
TEST 3 ARG:-204 -145 -164 -72 21 23 178 -73 226 171 165 172 -6 -196 -15 35 231 64 -46 -174 -180 -151 145 -106 42 194 -207 25 -30 -146 -147 34 187 224 -225 -182 13 152 -175 223 122 246 57 -115 81 -62 -63 78 247 -32 -189 -231 63 -97 -64 95 141 218 -104 237 100 65 -138 -56 26 133 -66 219 84 -178 140 -102 -220 181 -81 158 -179 -130 22 24 -244 121 229 15 -206 76 -199 -113 -142 -226 -171 -163 -59 191 -100 -78 -247 -21 41 155 129 -211 -224 8 -157 -70 234 -165 68 -7 200 -22 185 196 -192 243 20 228 186 230 118 233 -112 248 70 211 -27 -187 10 -39 -117 166 82 -219 94 175 -3 -202 -193 160 -37 80 49 143 221 7 -126 92 2 -24 102 236 198 101 -79 45 -94 -96 -172 -93 135 69 137 -35 189 -191 -91 37 44 -210 -1 -162 90 -133 -26 -8 -246 86 205 107 180 87 77 -128 36 -84 -53 -184 91 220 85 48 -85 -19 50 28 -29 -86 58 -232 -239 -5 -88 -124 -248 202 119 -160 -77 -208 195 131 -41 -122 -201 168 125 177 -181 -61 -82 110 -169 -129 33 18 -76 244 -40 -216 30 -242 -4 -16 -167 241 245 106 130 -13 -148 -18 -71 173 9 184 -205 113 116 -132 -38 -54 59 98 -170 55 114 169 -194 -155 -74 215 -69 132 227 -11 -156 -173 75 -137 -149 -48 -139 157 -95 -222 111 147 239 210 -153 208 242 -65 -101 -144 128 104 -135 201 6 47 -203 -68 -190 174 -213 156 -47 -114 -131 -227 19 -103 93 88 -28 -44 -99 -240 -119 -2 -45 -195 51 99 213 151 134 170 115 105 -134 -166 -188 150 43 -158 190 -212 240 -154 14 60 -141 -51 -108 -33 176 188 123 -186 -98 142 71 -150 -107 -243 83 -10 46 -118 -245 -183 3 38 -176 109 73 -9 206 164 -185 120 -217 214 -14 -83 -120 136 -25 -209 -12 127 -52 -23 29 -233 32 -110 61 -90 -234 212 161 183 -235 193 -36 197 235 39 -87 1 -152 207 209 74 79 -237 12 -230 -17 217 16 153 -159 225 103 -200 -116 199 222 -42 -229 -121 72 -249 -218 167 5 159 4 -140 126 216 148 232 112 56 -55 -57 -92 17 154 -111 -241 53 54 -168 163 249 -89 31 108 -43 -214 -215 96 144 124 -50 -221 -228 -125 182 -238 -34 -109 238 203 0 67 179 97 -60 62 -75 -49 -127 40 -123 -105 162 -20 27 66 139 11 -136 -80 52 -198 -58 -31 -250 -177 117 146 89 -236 -143 149 204 138 -197 -67 -161 192 -223 
TEST 4 ARG:139 -216 -131 85 -19 -165 -31 231 -161 -213 -239 237 -127 206 -217 113 -151 24 -142 -250 167 246 -135 -38 134 21 -119 223 190 155 -248 61 -96 -23 153 -185 76 84 -137 -198 210 -173 -29 52 235 16 -8 71 -72 -49 158 -43 -160 -219 116 -95 37 156 -207 96 198 78 -240 126 -190 -110 122 109 -149 -63 -113 -18 145 65 117 203 66 -231 171 -51 -91 69 -230 -146 -125 -128 -234 -118 -58 44 -174 -35 127 205 90 -186 238 -7 163 110 80 28 169 8 245 227 -206 -214 -225 -106 101 -81 41 2 -177 -152 99 -36 -122 -37 95 -90 111 -59 94 -55 -56 193 177 -175 157 -226 13 -148 183 242 239 -132 -54 -171 191 247 -79 178 192 -244 7 -147 -108 204 168 -42 -192 160 47 -86 -200 -220 -105 -141 196 32 128 -4 -107 88 -126 10 104 -191 233 23 54 -44 -48 -65 -102 -83 -199 -145 70 181 63 179 112 56 -112 -120 201 -93 189 -104 87 -73 224 103 105 -85 5 -57 -211 -116 236 151 -30 125 107 228 -41 -196 -60 34 176 -69 30 221 -12 123 -138 -189 102 -16 81 -243 129 38 142 174 -75 79 29 53 222 -109 43 100 -114 -67 146 -166 241 217 -78 -162 35 -115 131 -92 207 -32 137 -210 -87 -130 188 197 170 -181 172 140 -143 -140 -88 -84 97 -176 -26 132 27 108 -13 89 -45 -97 91 -167 -100 36 211 220 -17 -249 17 83 77 208 -94 -66 -80 -82 -129 219 130 26 161 -236 115 144 -247 -158 0 -99 234 180 -20 -1 40 -245 -222 244 -34 72 147 45 249 -233 -163 -205 225 -203 248 75 232 218 -123 173 -215 -117 92 166 202 148 -241 209 -101 118 -52 164 -139 135 -150 186 50 -179 -61 -188 -227 149 58 -228 -187 -47 -238 -89 -25 55 182 39 19 124 138 119 -197 213 230 226 -170 51 200 -6 22 62 -246 74 -74 159 162 -136 12 -224 48 25 -121 -178 -103 60 -201 165 15 216 -50 -2 -77 6 -3 240 -202 133 -164 -168 -184 136 -218 -183 14 18 106 -208 3 -169 57 -98 -9 -21 214 212 -157 59 -172 -155 -209 143 154 9 68 141 114 199 120 -46 -212 -144 121 -124 -14 -10 187 -64 20 175 -153 -134 -15 243 152 -156 215 -33 93 -229 86 184 -235 1 49 -68 98 185 -39 -5 -111 -27 -182 4 -154 -195 -53 -62 -133 31 -194 -242 -223 -204 -76 42 -24 194 67 150 -28 -40 -193 33 -232 11 195 -237 -159 73 -70 46 -221 -11 64 229 -71 -180 82 -22 
TEST 5 ARG:7 -84 84 159 248 237 -234 176 235 -73 141 113 181 -50 -116 52 -154 -81 198 -168 -242 9 238 -92 222 31 -70 -237 95 -85 247 78 55 -189 -156 -245 170 243 -83 203 -75 227 24 34 -238 -229 124 43 199 -4 -61 72 223 194 -204 -250 12 -9 -12 6 14 38 -180 147 59 -139 -165 175 -148 -153 -182 -107 125 -136 239 -111 -30 -38 107 -78 246 204 226 -132 -210 206 -203 -201 -28 -94 160 103 65 -46 74 -161 96 -72 -63 -174 63 8 -122 -160 -40 -115 -171 56 139 -60 144 -212 -184 -193 249 -13 -68 -216 85 -27 154 -31 245 229 77 16 87 99 241 101 -69 -150 -87 -130 92 150 75 -232 123 -178 -183 -102 68 3 104 53 189 233 171 129 -239 -173 -140 -74 58 23 -66 -177 -20 -211 -45 -172 -117 -65 73 94 -125 -15 117 44 162 -29 135 -57 -196 -187 111 -248 11 151 -121 -164 -41 -227 -8 109 -246 46 -56 -101 218 -109 20 -235 224 -228 119 -152 146 -44 67 195 121 191 -108 -243 174 -144 -82 -64 -185 49 -240 -195 214 177 -202 -90 86 39 -32 -244 169 -198 168 -76 76 -7 -6 -214 145 -247 185 -249 51 -162 122 210 50 80 -26 19 -194 -100 116 149 179 -166 33 -23 201 219 112 205 196 -3 217 102 -71 -47 -157 -143 45 156 -35 166 207 231 -1 47 62 36 -18 79 -97 -11 -53 35 -226 -10 -200 228 71 -175 83 27 134 -147 216 26 -113 -188 180 66 -155 -59 -14 -190 202 48 22 130 -16 -49 -141 114 -39 100 -25 -22 178 161 -133 -146 -167 152 -129 165 182 29 242 -62 212 -67 57 -213 -42 133 21 -106 -169 37 -181 -17 236 13 -86 -93 25 186 -96 164 190 -34 82 192 -205 28 230 172 -99 -142 1 -24 17 -104 126 184 -138 -163 163 200 208 153 110 98 167 0 128 211 197 -209 4 -145 220 -119 -230 -98 -126 -33 -218 -149 148 187 -120 -197 -37 -5 -103 97 93 54 -135 -118 -221 158 -77 5 155 -220 131 10 69 120 -51 -179 -208 -36 -124 -151 -112 213 40 -159 81 142 91 90 41 -158 15 118 -233 2 140 244 -206 -215 209 -43 30 -241 127 -176 -55 -91 -207 221 -80 -170 -223 157 240 -236 234 70 -2 -95 193 232 -52 -192 64 89 -137 183 -134 108 42 18 -54 -19 88 -21 -191 -224 -131 136 105 60 -79 -105 115 -199 173 -219 -128 138 -222 61 188 225 106 -58 -48 -123 -127 -110 -89 215 -231 -88 32 -225 132 -114 -217 -186 137 143 
TEST 6 ARG:60 179 114 28 -226 -159 -31 -9 -211 199 -244 -20 105 195 -86 41 -202 70 -112 0 -164 20 66 -169 -49 -205 185 -120 173 3 118 188 238 77 131 -241 109 187 -118 158 240 53 75 -59 29 -96 227 234 136 67 130 -179 -106 64 -232 -162 -245 25 -137 -78 184 -123 -150 -93 -203 -141 100 69 182 74 217 -233 -168 -13 150 -175 -250 -238 177 22 -71 -38 172 226 -134 -181 52 170 -178 152 159 161 -191 13 232 -237 23 -8 -151 197 174 229 -41 -56 -117 205 -221 -142 222 63 21 201 -42 135 -16 79 -125 -131 167 -70 -214 -116 -62 231 -109 -26 -135 -119 -227 7 209 61 56 145 -89 90 54 57 -83 137 95 140 -84 -127 219 -126 -82 132 171 153 180 73 -165 216 162 -36 -153 -195 149 168 2 -10 -209 -87 46 243 -30 -196 44 -139 122 -105 -94 -48 125 33 155 -207 -197 -124 -61 117 193 -198 91 -97 -157 121 55 39 -152 -204 -216 129 97 103 192 -110 -188 163 -148 84 107 203 -57 -240 236 -5 -121 -65 -183 183 -14 -201 -242 210 18 -17 224 -143 -60 35 -91 242 -212 104 113 -161 123 239 204 51 8 134 228 -248 -113 160 -34 194 139 181 -55 119 207 -138 -145 -192 147 47 202 -104 68 12 211 -107 42 -80 169 165 -236 -249 233 230 -92 -12 -69 -239 -247 -132 -231 120 -72 235 -101 214 154 156 -158 -243 49 247 175 -37 -200 142 178 -50 4 19 -77 -28 76 85 92 249 -208 -130 -4 99 -54 31 88 37 -39 -147 -81 -156 -225 -206 -79 -144 -53 -108 -68 -163 -76 -75 -115 -67 -223 -99 -32 102 -7 -11 -210 241 82 213 -172 87 148 26 -6 -194 -27 -51 -154 -95 138 -218 -193 208 86 71 -47 -171 -85 24 -230 -25 -44 16 -217 -160 218 -173 -166 -73 -190 -111 -228 11 -122 143 -2 106 157 -66 30 15 -45 80 190 -215 133 -189 5 50 -174 -155 81 -170 101 -224 -213 -246 96 -35 -146 144 27 -234 62 -129 212 93 127 58 45 -235 -74 146 38 111 -149 -3 -63 40 191 206 -88 -103 43 223 48 -29 200 244 -229 78 116 -182 -220 166 34 89 -177 -219 -167 225 -140 -98 245 -18 198 -187 -180 176 126 -33 -133 -100 151 108 -222 141 -23 36 -46 -184 128 237 110 -185 220 65 59 124 14 112 -21 -102 196 -43 -58 1 6 -1 -199 9 83 248 72 189 -186 164 -128 94 -176 221 -15 -52 -19 98 -40 186 32 215 17 -114 246 -64 -90 10 115 -22 -24 -136 
TEST 7 ARG:35 -13 82 -197 -27 -143 91 -71 163 181 -119 -138 -97 -60 -35 -213 16 -237 -12 -142 -112 -39 -86 167 192 54 59 60 122 -16 19 188 239 -68 83 124 104 -95 186 136 -11 -105 -152 -85 -37 150 162 -84 183 129 123 229 -61 -41 -214 -69 -9 46 52 206 -118 -155 168 143 -141 -120 101 219 -153 232 34 173 194 193 -218 131 126 -226 73 -116 139 67 55 -166 -206 205 6 132 -239 203 127 85 -24 146 179 -136 155 -129 -17 164 195 -167 208 -250 -19 37 58 187 -207 -242 222 -238 -33 -173 142 -162 48 -56 -199 -134 -55 -52 -248 -236 -76 -187 121 -209 151 169 235 -123 -32 -109 230 -14 14 -94 -191 -10 102 -99 153 119 190 71 240 223 144 18 -241 197 107 56 244 47 -49 -156 -130 157 -180 221 -182 -82 -57 -245 81 -204 44 -30 45 -48 99 90 41 217 -223 215 -47 174 96 -115 200 -96 -137 135 64 12 249 76 -87 111 -190 -80 22 210 -203 -26 -31 120 -201 -46 -176 140 -232 110 -189 -230 -4 248 -88 -117 31 172 13 -179 66 -231 42 38 -194 147 88 -40 -211 -51 26 27 -148 25 -249 224 160 2 -144 89 24 138 -73 -246 -186 225 -124 159 70 189 -224 -110 -185 -212 243 156 191 17 97 201 39 149 176 -106 213 -228 185 57 -113 61 -67 -139 -158 -200 -63 -44 -216 -127 -114 117 28 32 -215 98 84 -172 20 23 207 -133 92 -89 68 -169 -90 62 -234 -170 231 228 63 95 -50 75 116 -229 -79 246 211 -131 141 105 7 94 236 3 -15 199 177 -98 10 -8 -149 -219 -75 -78 43 -165 -104 237 11 226 21 -163 0 5 -121 40 -72 29 -29 -28 214 4 137 -171 234 -93 -161 -233 178 182 108 -91 202 -198 -243 -2 -146 -3 1 -102 152 -21 196 245 -65 -6 49 216 166 8 -22 72 170 -174 -111 -175 209 77 53 220 227 93 -108 -217 -58 -5 79 51 204 -164 9 -181 -221 -235 115 -157 -53 30 -103 -107 -25 74 247 -62 -220 198 -184 -101 -23 113 241 -20 -135 145 -1 -132 50 -92 118 69 -177 -42 33 233 -178 -74 171 -83 -192 -154 -196 180 80 -100 -151 -244 -208 65 114 106 -160 -54 -202 -45 -140 -193 -225 -38 -122 161 -168 165 148 130 -128 -222 -240 -150 175 212 -145 -183 238 -7 -66 109 158 100 -195 154 -227 86 -59 36 -205 242 128 103 -210 15 -43 -159 -126 -64 218 -36 -81 -70 -147 -34 78 134 184 -247 112 133 -125 -188 -18 125 87 -77 
TEST 8 ARG:-187 12 128 67 -90 -151 178 249 -46 -212 -123 -111 201 -78 -52 -197 235 116 -214 -168 -243 147 188 -177 -66 37 171 -138 10 -22 -219 -218 187 -23 -185 -223 -171 -157 231 226 -7 -88 177 127 -146 -180 -231 -122 -40 -72 245 203 9 82 -174 138 -133 -134 185 -28 -175 -249 68 79 -39 224 -30 164 66 -33 239 -186 64 -245 153 -27 -141 192 70 -224 96 -217 150 58 -1 -104 -225 73 54 -154 48 46 45 93 189 -112 -87 21 136 -213 -77 23 108 -51 -234 142 30 1 -190 208 162 -144 -13 -93 -67 -155 205 -195 204 -54 -166 -35 170 217 -103 87 182 106 -244 76 -211 229 75 39 -70 -56 110 57 207 -202 60 -94 151 -102 134 -142 74 158 -24 -124 -2 -8 -114 -228 169 63 -109 152 206 71 -25 85 137 107 -158 -80 191 31 238 40 20 -235 -118 244 -125 14 17 -233 -139 33 29 55 100 -116 193 219 -128 132 121 62 -73 198 -221 92 241 -199 -62 211 -97 242 -107 -135 -16 -105 -3 -115 227 247 167 -172 43 172 -143 140 -193 160 184 -89 157 -15 123 -200 -49 101 -227 98 -239 25 -48 237 -106 173 113 183 35 -129 -248 3 196 -64 -173 -98 -37 102 0 215 -126 -75 -32 -82 133 -150 90 -12 155 179 -81 -117 -96 -149 -9 -57 36 112 19 -61 124 117 -206 -242 -183 -191 32 210 -69 -132 161 50 -10 200 -152 -216 -55 -176 144 174 -19 97 -184 -182 154 -131 105 -92 22 53 -208 7 88 -153 -99 -43 221 199 246 -170 -100 84 81 -6 233 -232 -5 214 -194 216 -84 -240 8 -247 -241 223 -179 -163 -147 186 -45 78 86 77 95 80 -17 -20 6 26 69 51 149 -238 -237 -188 56 -31 -160 -220 111 248 91 225 -164 -59 -229 -161 230 168 -127 -38 49 38 44 213 -178 15 27 -169 18 -181 130 222 202 122 232 -41 103 141 4 -165 -167 -21 129 -140 236 -203 165 -120 42 -63 143 -79 65 -47 99 -121 119 240 -11 -145 228 -53 180 13 -74 -204 -58 -44 2 41 -36 131 243 181 148 126 83 -236 159 -205 212 -50 -71 -65 109 28 -113 118 175 -156 209 166 146 -210 89 -60 -130 -85 -230 24 197 -18 -148 -29 94 52 -26 -4 -108 -34 -68 163 156 139 -207 5 115 114 145 -215 16 -209 34 72 -226 -196 -110 -250 -201 120 -42 220 -76 176 104 11 195 -83 -136 -246 -159 61 -101 -222 -95 190 -192 47 -137 -162 -119 135 125 -14 234 59 194 -198 -91 -189 -86 218 
TEST 9 ARG:-234 -119 188 -172 -161 147 -179 -226 -154 -194 56 232 169 -244 67 218 130 11 -42 -246 221 -108 -41 192 -75 -156 153 -187 237 -76 120 195 60 -171 -247 -40 -160 -238 -118 239 194 -225 112 -144 107 -82 -28 -151 -177 57 155 12 215 -132 -181 -227 70 189 -44 24 -35 178 -195 -87 -125 75 225 -155 -54 -106 -8 -112 -84 191 143 48 -221 -4 154 166 -88 -137 83 173 37 -12 177 -189 8 -74 176 -241 118 135 -34 -60 -237 86 -140 -223 -78 -121 171 -236 -53 111 5 -64 -196 10 17 -93 -3 97 -180 -216 -15 131 -146 30 134 -117 -67 68 -228 193 238 -62 -149 45 18 -128 -9 -11 179 1 -192 145 -51 233 123 -45 151 -85 51 -204 249 183 -100 80 -199 53 92 -174 198 -139 -115 26 140 186 -81 41 74 -69 -209 -61 213 236 -126 -175 -2 85 162 -98 -133 -219 -182 103 175 -70 -94 -57 129 174 -16 -19 156 -135 93 23 -200 -240 9 -197 203 -230 77 -13 -79 -193 245 -56 -32 -148 84 -245 88 -130 247 184 -25 235 -173 -14 157 -138 -6 -27 -176 16 101 206 -63 -145 -116 -26 49 27 -123 -43 -96 -29 243 -59 -38 38 19 116 -104 149 -90 -36 -142 222 105 196 -10 125 64 141 148 -211 -111 -48 -141 63 -105 78 114 209 43 119 -101 217 25 -147 -190 -242 234 -22 185 138 31 -65 -109 -163 -222 -50 -159 -239 -185 36 212 -37 -248 180 42 132 59 -71 -150 159 207 170 -110 99 39 95 -208 79 -169 127 182 136 -214 108 -205 208 -191 142 230 89 -153 -184 -202 -91 -30 181 106 -21 197 -183 -114 33 242 98 46 -143 -168 72 54 52 -164 113 117 -231 66 102 -243 -166 82 115 224 -134 14 -23 172 227 133 62 201 161 69 -250 -170 210 137 -188 -95 220 226 44 -122 7 28 -218 204 -52 104 205 4 214 100 -102 -18 -68 -131 190 248 -213 71 -89 -220 246 -49 244 94 168 -224 6 -107 -158 50 152 -210 -66 -20 -97 47 -212 231 -47 200 -206 91 110 61 -203 -113 -103 -232 211 13 199 58 -73 -215 -72 20 34 90 3 -77 165 144 -5 241 55 -201 22 216 -55 -127 219 -33 -46 65 -80 -229 -157 -39 -24 150 -178 -167 -99 76 -198 146 228 -1 240 15 0 126 109 158 122 21 -58 -207 -235 164 73 32 -129 2 160 -7 -152 229 87 96 187 202 -249 -217 -124 81 -120 167 -136 223 124 163 139 -233 -92 -186 -86 29 -17 -165 40 35 121 128 -162 -83 -31 
TEST 10 ARG:184 -247 118 51 -90 -125 104 -168 232 -34 11 0 -173 -198 -70 -12 230 229 -118 -127 -66 -133 -81 196 -185 -174 32 -178 10 18 163 -99 -42 31 105 -157 -21 -162 -55 128 28 139 135 197 -112 234 -140 66 -18 191 -220 165 -48 150 98 144 92 36 -235 29 -64 -151 -115 25 -222 -137 -82 107 -80 57 -65 -45 -3 -77 -199 -229 146 2 -241 117 13 205 -169 206 152 -13 39 166 -228 -195 -170 199 74 167 123 59 154 -177 -221 100 238 179 180 115 -88 -33 -102 182 -249 81 -206 -89 15 -26 -207 7 26 -1 58 231 -24 -28 1 -37 54 129 12 -243 -98 89 -131 -14 -60 -9 -92 -49 73 142 83 8 226 203 200 -109 -205 -130 155 110 -187 95 -129 198 -218 84 214 -182 86 -76 41 237 47 -224 188 -211 216 -163 130 19 -210 119 -219 91 -59 -30 133 174 -86 -96 -111 23 -160 235 -141 56 -6 195 -188 -46 -44 96 -200 143 -108 -203 -138 35 136 -242 -31 162 212 94 -39 -50 -85 -47 -156 -78 -246 141 -202 -113 -106 -114 17 -51 -184 204 220 75 4 164 -20 34 -233 -4 -146 46 233 -154 -238 -120 -193 172 52 62 21 -122 -143 227 27 103 -23 244 -166 240 210 -91 -52 -217 44 151 70 111 -19 -159 112 -214 -190 -144 38 80 -197 208 -11 -29 -83 -150 -213 131 -53 -56 -245 -179 -95 -153 201 -100 140 -7 183 33 -192 160 -171 49 -107 181 109 153 -201 242 72 108 -234 178 -223 -136 -36 -15 194 -236 -155 -10 243 -226 -128 -8 -101 241 82 -68 85 -25 14 -73 -71 88 -227 122 -54 -139 50 68 -75 5 170 -164 -38 -93 -158 16 -84 138 -216 -176 215 24 221 125 -175 -79 193 114 -167 116 -232 156 149 -97 -145 -180 -119 -215 -196 173 -161 -248 -132 -22 69 -32 190 202 -74 217 -209 -110 22 -181 -225 -41 247 -94 67 120 148 222 -57 187 -149 -61 -194 245 -134 30 124 -147 239 -72 218 106 175 71 -63 -126 -87 -117 249 223 134 -239 3 213 65 37 -191 53 -116 113 -172 -152 55 93 -165 -35 246 78 -16 126 -231 -103 -189 45 -250 169 9 236 -121 248 48 61 -204 -135 97 -40 -237 -183 137 43 186 228 219 209 121 -43 147 -230 -27 224 60 99 76 -69 -244 145 171 159 -212 -124 -208 -186 132 -58 -142 157 42 211 -105 168 63 -123 -2 127 -5 189 79 -17 -148 158 -62 90 176 101 20 40 77 -67 177 -104 225 161 102 192 185 6 87 64 -240 207 
TEST 11 ARG:-103 18 161 -122 172 -119 -188 246 -127 -158 -212 -125 100 144 -233 -199 24 -76 -176 142 44 -148 -60 69 1 -84 -59 152 -24 233 96 2 133 153 -196 -81 41 82 -228 -87 -204 -244 241 221 213 66 130 -21 115 12 -242 -215 -20 223 19 -195 147 -54 -162 -17 139 -144 92 216 0 -208 166 126 -139 -163 136 107 184 203 -83 -182 88 -179 81 -160 -39 34 -30 -246 189 -137 -45 15 -171 158 -89 129 -193 160 79 -128 80 234 207 222 -147 231 -115 36 -95 -220 -19 -129 -29 -224 171 -40 -36 -170 85 186 -177 -7 -186 191 48 -61 39 -184 65 155 205 219 248 -53 -226 53 -56 4 -91 -14 198 -112 -241 -247 43 20 119 195 140 -101 -205 149 -48 -102 192 5 -97 8 123 -64 206 121 74 -82 127 -68 -150 38 -37 -10 114 170 78 -213 215 -120 -249 -105 77 -210 6 -180 -65 -23 -134 -113 40 -229 181 135 208 209 68 49 -123 37 -192 -250 -80 -135 201 27 -146 91 111 47 -41 -31 -93 -50 -43 -47 -3 -15 -55 228 -194 -85 -71 210 -141 -104 -116 -74 54 -33 70 87 165 -200 131 112 -114 141 177 -143 214 84 -1 180 -202 145 -77 93 -237 102 25 17 50 -90 226 245 -28 98 7 63 58 -216 200 -235 183 -22 -106 31 -168 -118 21 -159 -109 -211 237 -240 194 71 -70 -223 -218 176 197 -25 143 169 -57 150 -67 -132 -9 -234 -161 174 -133 61 199 -145 -230 229 151 -66 125 138 -189 76 -155 244 -46 -136 -175 242 163 -96 -225 -88 110 -219 -121 -239 -203 -154 26 217 179 67 -72 173 167 -27 185 -214 -221 202 -245 240 -98 -236 -178 -69 182 -18 106 128 -86 238 59 -130 -131 -35 11 154 -185 -38 -138 239 -217 52 -142 -124 -222 211 113 -6 14 103 -51 -126 -172 -108 178 -79 116 164 193 16 -13 230 75 -52 -78 122 227 22 118 23 42 -32 -16 -2 97 -117 137 -49 -198 -34 162 72 30 247 -243 13 56 -73 55 89 148 225 104 220 190 -187 -164 146 196 -191 117 -4 218 -167 -248 -197 -190 168 157 -26 249 -5 35 51 -12 -44 -63 45 -232 -75 124 -169 232 -100 -156 175 33 212 -151 95 99 28 10 64 236 -166 -201 9 120 -11 46 -181 90 83 -209 -206 243 187 -238 -8 -111 -152 188 134 -227 57 -149 29 101 -174 204 109 94 -231 156 62 105 -107 -183 -140 60 -157 -62 3 224 235 -42 -153 86 132 -165 73 -58 -110 -173 32 -94 159 -99 -92 -207 108 
TEST 12 ARG:185 -144 -30 130 -34 106 225 0 -101 40 42 151 -17 -248 61 133 172 162 214 213 -106 -48 212 -220 -134 -107 91 -157 -15 248 -160 190 14 114 -208 218 -155 -238 -139 160 189 -9 240 19 62 229 -46 138 111 41 93 141 244 103 10 221 -18 180 -120 123 154 -71 -51 45 232 161 47 -203 7 -191 -212 21 150 90 24 -68 44 -142 247 194 28 237 137 195 200 -148 53 -102 -11 -10 171 124 17 102 -211 -14 119 -43 -172 120 -162 246 4 -78 149 204 -205 -133 -239 228 -132 152 -58 -25 -169 76 -79 -110 -126 -173 84 -128 -117 239 -61 -226 15 -176 153 38 -218 -217 33 167 -6 50 94 2 -29 -209 -156 54 64 -52 158 202 115 -194 174 -233 -136 -7 55 -57 78 -73 -192 -150 110 -180 -201 -214 176 126 104 105 224 -115 233 -166 -91 -21 -23 181 122 143 116 -93 -138 -130 66 -27 222 -90 -84 -167 139 -82 -241 26 3 -74 217 129 -223 -131 208 -185 -147 -26 175 109 147 198 59 131 -99 -146 -236 -70 75 -184 -28 201 -119 186 -183 -98 -250 166 -152 -127 188 -63 60 32 85 -170 -118 -174 29 128 -16 -232 -5 -198 43 182 -216 100 -4 -179 134 183 -36 -229 72 9 -178 219 -88 -202 13 51 -129 -60 118 27 -47 73 -237 -67 95 -66 35 220 36 -175 -246 82 164 157 56 226 117 -19 -240 -2 215 37 169 -76 -243 1 -112 235 -75 -69 136 238 -31 -161 -210 -135 -122 -195 209 16 -116 -153 -213 197 92 -77 25 -59 -80 -41 211 127 -49 132 22 -187 -145 -86 -125 88 -189 5 107 -230 170 -197 159 87 -55 -219 -104 236 -149 203 71 70 199 193 -244 -109 125 121 -33 112 178 148 -32 65 231 -13 -56 -206 58 140 30 -24 -200 57 49 206 81 -196 31 144 -168 179 -222 39 -182 69 -3 48 -123 -228 -111 223 -159 -85 -95 -193 -87 -39 34 135 -92 -81 -190 -96 -249 173 -227 -65 -225 -114 -231 -181 -151 18 -163 -224 74 8 -242 -221 -62 -141 -165 -20 80 -38 -204 89 79 234 -140 177 46 243 -35 -245 241 101 -40 -154 -94 -54 192 -137 -22 196 83 -199 -247 -83 86 165 67 63 -89 77 -37 -72 184 -124 245 -171 -100 227 -188 -215 -103 -50 -42 98 -207 -8 12 -105 205 23 -158 -44 -97 210 -64 -113 -234 230 6 -186 145 97 191 11 156 242 99 -108 52 -235 113 168 216 68 -53 96 -177 -45 155 163 187 207 -1 -12 -143 20 -164 249 108 142 146 -121 
TEST 13 ARG:-47 45 -73 -1 29 110 173 205 179 61 86 -83 -17 -53 129 -176 -240 -72 -44 143 59 -146 181 -120 0 -218 123 2 117 -134 80 -34 234 -211 -222 102 -121 49 -187 -41 98 248 93 130 -24 -158 -123 -162 180 -100 -48 113 96 207 -115 58 140 232 195 -188 -138 15 -103 197 56 -230 124 213 6 247 174 84 18 111 -182 22 51 116 -159 -56 -109 226 -108 184 -111 229 -181 -23 -221 -172 -160 83 -219 -22 219 -250 -135 -233 237 -98 69 122 -153 -65 -59 -37 -191 -168 -99 158 -242 68 -194 -38 224 -185 -71 112 216 -144 75 -193 -200 190 134 -81 182 78 -19 47 67 157 -62 -78 -86 41 -166 4 19 25 228 -13 17 39 -229 -226 -52 -196 -246 52 168 -68 161 145 -247 188 -207 12 238 -91 -36 -67 150 24 -29 73 -97 221 108 -220 176 -33 -199 -209 -87 95 -165 187 223 154 105 -25 27 -54 164 -116 -110 194 -174 -132 30 -39 8 212 -237 146 125 235 114 203 7 -102 31 -42 104 -113 131 126 -9 16 -248 -63 211 65 217 208 215 236 -151 -223 -127 -244 166 9 -7 198 -79 159 -203 -150 44 -11 144 -95 136 -170 -215 148 -143 13 89 -6 -69 -96 243 -183 -235 -249 -45 -55 206 199 -192 -118 239 133 -122 -208 -8 46 -130 -167 -155 120 28 -89 43 -177 -163 -80 127 -5 -224 -18 -112 225 -2 210 81 21 149 227 142 92 -77 -60 119 231 -31 156 -10 55 23 167 3 -85 155 -186 76 94 1 -93 -94 160 -114 82 72 -84 171 152 -32 132 -161 -76 50 -164 -175 90 -27 -26 222 170 106 36 186 -133 11 -131 35 -101 42 48 -21 87 -142 218 162 100 214 57 -178 -58 202 -241 -117 37 -129 -106 -137 34 97 121 -139 -20 -3 -43 169 -40 230 -75 -28 54 70 -105 -210 79 192 -228 63 -179 107 115 209 175 249 -140 -66 -217 20 103 185 -173 53 -104 -126 246 85 163 -180 138 -64 88 233 245 -157 240 -147 141 128 196 -171 66 -12 -57 -201 -212 99 14 191 -206 62 -216 64 137 -90 -232 -70 147 -16 -14 33 -119 -15 -107 -169 40 101 -46 -195 200 172 -231 -128 26 -243 220 -227 -236 189 -245 -74 -152 -156 71 -88 151 -238 -125 109 -145 10 -149 -141 74 -136 -51 -190 -225 244 38 -214 -124 242 -197 139 -61 201 118 -239 91 -205 -4 60 -234 193 -30 -35 5 -49 -198 165 32 204 77 -213 -92 -148 -184 -204 -50 153 -82 -189 241 178 135 -154 -202 177 183 
TEST 14 ARG:17 81 99 139 -90 76 -158 187 21 -193 179 238 175 -127 -16 -97 -146 128 -23 -219 120 92 71 -119 -153 -28 244 13 -91 153 -76 -240 137 -49 -37 8 -29 211 -139 235 158 -40 -218 28 138 -24 -104 -143 -14 -201 -167 116 16 -89 35 -124 -87 52 -237 -128 115 26 47 64 195 54 -105 154 -121 60 160 130 50 -186 -101 -55 -5 -78 199 -114 134 -88 -247 -199 57 -207 -75 -66 -102 185 -53 181 -96 -165 68 -72 191 -77 -217 -32 -198 -242 -10 219 165 -194 15 -130 44 243 -141 -228 -98 -150 190 -180 1 -64 227 -56 -137 -148 -3 -60 188 246 90 212 30 -170 193 -44 -149 -140 63 58 0 119 -221 -233 -164 -175 -152 -210 178 -225 91 -62 -120 -112 -108 169 -159 -35 168 -26 -214 173 11 236 223 -82 -171 -249 -94 -177 -203 87 -134 -51 -206 -205 67 124 215 -226 74 170 149 -21 146 -169 6 38 131 105 174 -13 41 200 -125 72 172 14 -154 110 104 182 113 114 -196 201 126 -86 -227 -95 -213 144 -100 10 -145 -63 167 247 79 -129 -144 -17 189 -136 228 -9 -172 151 -19 -92 122 -15 118 48 -99 229 204 -38 -174 177 77 66 -20 -231 69 49 237 7 -65 -182 37 -18 249 152 20 -48 61 84 86 -27 -135 65 -45 82 -200 108 -161 208 241 220 194 -187 -118 156 230 29 -111 -59 -68 -163 248 -232 -157 100 -133 89 -42 159 -93 -192 -116 -245 -84 -50 -155 -183 245 4 176 18 162 -41 -222 -246 -236 93 39 -113 53 -30 56 -126 101 157 -188 85 213 -250 125 -178 43 -131 -162 -230 -34 -67 143 -107 -244 127 -54 -83 -25 -6 -239 205 136 -189 233 202 196 78 -138 31 -69 -132 155 106 109 80 206 -204 147 45 207 209 36 180 234 55 112 -117 2 -61 -79 117 210 132 -166 214 -209 -106 83 62 -235 221 197 75 9 94 -80 27 40 -103 -43 -212 25 242 103 142 161 198 -243 203 -220 -190 -122 -151 225 98 -57 -81 22 46 88 133 224 -142 -211 -46 -22 -70 -8 184 -147 107 -215 -202 -115 95 -168 150 148 3 -195 222 218 102 73 186 183 -208 123 51 217 -31 -234 -241 -184 -156 140 164 240 -238 -181 145 97 -47 -123 24 -85 12 -223 -74 -248 -197 -39 5 226 141 96 232 34 166 42 192 -216 32 239 33 59 -73 -191 -176 216 111 -4 -7 -52 -179 171 -11 -229 -71 -2 -173 70 121 -1 -185 231 -110 19 -109 -36 23 -33 -58 163 135 129 -160 -12 -224 
TEST 15 ARG:160 -204 245 -177 105 -58 187 -18 -165 -179 -11 5 24 231 157 -108 -37 170 -217 -245 189 31 104 -236 27 49 145 100 -241 219 67 -73 -98 191 122 -201 -205 -164 -124 -71 -90 35 -6 -62 205 194 224 40 -155 39 -169 176 236 208 -250 -119 209 -139 -128 66 196 174 142 222 -66 8 -52 89 155 10 198 -22 6 -150 11 -25 -239 73 -28 -80 -20 2 -8 -112 -135 -82 -125 -152 -187 106 -47 161 206 135 -142 102 183 -97 -105 30 246 147 87 228 63 113 169 -214 13 -147 -57 225 101 -137 -242 -111 32 -49 229 -87 17 171 -96 -7 -33 -95 179 109 -29 76 108 -24 71 -17 92 -146 -100 143 235 151 197 -83 195 44 79 -15 -63 81 -51 -171 -127 -226 233 12 188 -148 124 239 -195 213 -222 111 -75 -207 -41 93 140 127 218 65 -113 -186 -183 7 -59 29 85 -91 68 -203 -99 -190 241 22 -86 -38 -213 -2 -232 103 -172 244 248 193 -88 -240 -248 -117 -243 -246 149 -103 131 83 199 4 -107 -67 -160 119 -43 232 -219 -64 57 204 -13 -16 19 -110 172 133 78 -244 46 -102 116 34 -180 -70 180 -221 125 -109 107 -130 -74 234 200 -115 -174 158 -188 -189 15 144 -101 -229 -191 -42 58 223 138 214 163 21 130 247 -196 221 141 -225 182 216 178 -192 91 -69 238 -76 -45 -129 50 86 249 26 90 139 210 -77 33 220 110 -149 185 -159 226 -60 -154 80 38 156 -193 115 -156 -121 -94 177 112 -235 -89 166 45 -247 -209 25 237 23 -78 16 -10 61 88 -206 -132 201 62 -184 -170 -208 227 203 -72 -19 -223 -114 3 118 -182 154 43 -199 -104 120 -227 207 -178 148 -93 -53 162 -27 69 -23 55 -185 -138 167 14 -9 -50 -215 -14 -5 181 56 20 -220 -212 132 123 173 -151 53 -133 -153 -118 42 -161 -233 -197 -56 243 75 159 -81 9 47 94 -48 -173 36 -234 -30 -26 150 -168 37 -141 -54 -1 51 -106 129 48 -92 82 164 -175 -194 -46 -120 134 121 -34 -145 114 -176 -166 -162 -44 -126 84 190 -116 175 -68 117 165 136 -167 -134 128 77 -218 -158 54 137 -85 -210 -202 60 -157 -79 186 242 98 146 74 95 -231 -230 97 126 -32 72 215 -4 -65 -36 -216 -131 -31 -84 -61 240 -224 96 -40 28 -35 -211 -55 52 -143 64 -238 -181 41 -163 192 99 -200 -123 211 -249 152 230 -12 -228 59 -237 -3 0 -198 -140 -39 212 202 168 -122 1 18 -136 -144 -21 70 217 184 153 
TEST 16 ARG:199 -16 -41 -240 6 -14 -136 246 124 -141 169 190 -135 53 49 24 97 -148 60 -34 52 -43 -186 219 140 -71 -129 -79 -198 62 -248 -7 -151 226 -3 -83 -48 -75 -130 112 -68 66 116 184 87 -103 7 -88 -59 -78 18 71 92 189 238 102 -46 -104 -27 -214 -35 -241 -139 44 164 -145 -24 136 -197 149 152 244 -54 -74 120 -82 138 128 12 227 -77 -50 -61 -19 198 193 -66 -42 -162 -119 75 -242 -144 -193 -122 -150 -29 240 -80 91 132 -5 -168 61 222 -171 -116 231 -76 -212 178 -65 68 -111 1 94 -106 200 106 -64 159 70 -207 -117 -108 248 142 96 166 11 50 -73 -167 217 -93 41 55 -12 19 -222 -213 -175 215 146 -228 22 -180 148 84 197 3 -110 35 -58 -229 -20 -33 -140 -44 -152 204 20 -223 -72 117 -187 48 86 -182 -4 111 -30 212 123 -112 -202 82 167 -114 81 145 216 151 -128 -137 -185 -230 155 -153 126 -161 134 -235 -13 114 77 -18 221 -166 230 85 135 157 -39 4 194 -174 177 -131 33 -95 108 -84 224 -107 15 236 101 -165 -159 104 -179 191 93 -210 225 -57 -101 -10 -149 39 99 -233 -47 -23 -173 29 -205 -247 78 2 -218 -220 233 -22 -123 -154 209 125 147 211 237 -85 -200 -109 107 214 21 73 196 -2 -127 -190 109 -96 -184 -92 -8 162 26 115 -132 -67 45 -191 51 -99 -125 205 173 -63 -226 -100 -143 -31 -9 119 -62 180 14 127 23 -113 58 154 -6 16 -134 -87 -115 -243 -40 -181 -163 -21 -249 228 168 -38 17 -32 -246 10 56 182 -45 -232 40 179 245 -28 38 -219 175 144 -160 183 -170 76 -91 -157 186 -196 239 -244 -211 -69 174 -239 100 137 34 -97 72 9 188 -178 -227 25 -236 42 65 -120 -176 171 -206 -70 -147 170 187 -90 95 163 57 -164 -231 90 80 195 -36 5 88 -52 -102 30 172 0 31 -89 -1 -204 -15 143 203 235 -60 150 105 -215 -98 141 -126 247 160 -217 64 158 218 207 243 -199 139 13 -172 118 133 208 -250 -51 -203 -81 -146 153 8 54 165 234 -183 202 -225 130 69 -208 241 74 110 79 -216 -55 129 -209 -133 113 -49 -158 -195 -201 -245 249 103 28 -56 -11 43 122 -177 63 -194 37 27 67 -121 -221 176 32 83 -26 36 181 46 -124 -189 -53 -188 -155 -17 -238 185 -86 89 229 -105 47 59 -142 -234 213 -237 -94 -156 210 223 -169 98 201 232 -224 156 206 192 220 -25 -118 -138 121 161 -192 131 242 -37 
TEST 17 ARG:-50 135 -113 -152 -141 -249 -194 -16 28 -102 -96 -200 162 150 -150 -178 -203 -74 128 -46 123 -220 -138 -107 -226 -64 -17 90 180 -239 -186 27 -86 -88 -48 89 179 133 101 64 83 -32 86 95 13 172 215 191 55 43 105 70 -89 -230 59 -218 99 -171 -70 -123 -93 23 144 -31 171 -114 -243 -57 138 -163 57 -211 -22 -217 14 103 76 -139 119 197 -223 9 231 -18 -236 227 169 111 75 19 189 210 -130 -38 -80 -72 -77 60 -225 -177 -209 -146 202 -20 -117 -187 132 217 -35 -148 151 -67 7 153 -204 146 -12 209 -43 53 194 -142 45 -118 -110 188 -68 -250 152 50 48 233 -192 113 -58 -136 167 -232 77 178 170 -237 -112 -134 136 -154 -49 -100 -219 93 49 74 -184 -28 -156 -104 147 100 -9 -24 242 -27 22 20 139 145 6 -62 219 -36 -26 71 -51 -66 158 109 220 238 165 -122 143 24 -40 -241 -41 25 -83 97 -127 224 -140 29 -137 192 -160 4 -65 223 -97 112 244 140 211 -30 69 -92 46 56 36 72 -168 161 134 -201 131 -233 -42 205 236 247 -13 -87 -133 249 -69 -162 8 190 15 87 106 216 124 -165 -101 -116 40 -183 148 181 218 88 127 -135 1 116 -190 196 -29 -176 -111 -228 -185 114 42 -202 -14 -179 -210 -91 -161 -180 221 85 67 -132 130 177 212 154 39 -159 -246 142 -196 79 115 -188 149 17 203 -144 78 243 -25 -53 -158 -52 -129 68 34 32 237 96 54 62 -143 -240 -71 -208 73 110 58 -174 214 126 198 -76 -229 41 -99 -78 81 -214 232 -169 -120 -61 163 -191 37 175 -39 2 122 222 26 -98 240 -82 230 80 129 92 91 186 -109 -221 -244 63 120 -189 -44 61 -125 82 176 -54 -193 -103 -115 -205 -153 -181 -7 -45 229 228 157 47 -121 -79 -164 201 -63 -55 -85 185 -206 66 51 183 -95 160 -195 204 -124 -234 -6 35 52 -75 -157 -19 173 -94 117 108 125 121 -207 -147 107 -8 -1 -128 -21 -222 213 206 -198 248 182 164 241 -224 193 246 12 104 -175 16 38 5 -47 102 -10 174 -90 168 156 -11 -34 -23 -108 -33 65 -37 -227 -151 -199 235 -131 -3 -170 0 -247 207 -84 -182 31 159 -149 21 -2 -81 -106 225 -238 98 -166 118 -155 226 3 166 -119 245 -215 -245 -145 200 33 -59 -73 11 184 155 -212 30 -235 -60 -5 84 -216 208 -172 141 187 44 199 -105 -213 94 -4 137 -231 234 -248 -15 -167 239 10 -126 -242 -173 -197 18 -56 195 
TEST 18 ARG:-94 4 -4 17 -125 234 -85 -199 -119 -232 44 201 -137 -229 40 -246 118 -1 -18 -171 -155 59 221 113 130 -99 -159 206 126 212 -90 152 -40 19 117 146 -189 84 -180 -168 -106 107 -217 -100 66 143 189 74 -126 -203 195 -141 150 228 -226 236 -93 114 -37 -222 -241 -128 -162 240 102 -25 204 -205 106 -45 27 170 -80 142 -39 -51 174 232 100 176 79 180 241 -213 211 -231 147 243 12 -207 97 -5 229 167 134 -79 -44 -2 90 -59 -132 -188 -116 -124 71 148 -109 163 57 154 -161 99 -158 36 -145 -160 -33 -53 181 -143 18 220 38 -22 -200 -245 -114 82 -11 124 223 -111 175 112 122 47 -204 145 182 -220 -27 11 -76 80 -98 132 -8 -150 -230 -202 -244 -29 -238 103 3 144 95 -34 -196 -102 208 -181 179 -17 88 216 98 245 -169 184 -96 43 -55 -227 -95 218 -174 -58 -170 157 -69 -54 51 237 -32 -118 -236 -224 214 217 185 -186 -216 242 -63 128 -49 -71 -249 9 -19 65 -121 2 -12 -164 60 151 141 120 161 -208 193 61 -36 207 64 -176 115 49 116 198 85 -14 233 -237 6 111 77 68 -62 158 -184 197 231 205 -138 -105 -223 -107 73 -67 46 -151 149 190 15 -38 -83 138 -179 -78 0 -103 215 249 171 -212 -210 127 -23 -89 28 -214 -84 14 33 131 213 -250 -74 -149 -6 192 -30 129 -167 -235 -7 -130 86 -206 -146 200 -139 219 -165 222 136 110 -21 -68 -166 -15 39 203 -47 -81 -123 63 239 -64 42 -82 156 -9 -218 50 70 87 246 76 91 -193 169 226 139 26 -211 194 89 29 -234 -191 -42 -60 10 196 -48 -87 37 7 -31 35 -182 -24 -178 -190 -122 -142 -243 5 -113 165 -134 8 121 25 -117 -173 -115 94 155 172 125 -156 177 -187 -221 191 164 -13 34 -201 -148 -185 235 -242 75 -152 -41 140 -154 -72 -88 67 -46 159 -97 227 101 23 -153 -73 230 -198 -194 -52 186 81 -26 48 105 -75 -228 -136 -50 16 -3 109 54 -239 -91 -197 -192 -66 -133 69 -56 137 56 -140 160 -112 209 -144 210 -183 -209 -10 -247 -28 31 78 -70 -163 -195 -20 238 -177 83 55 72 21 -92 92 -233 24 -175 1 225 22 -157 133 -110 -104 -61 108 -127 168 104 -86 30 166 58 -108 183 62 -215 96 202 53 187 188 -16 199 13 248 -43 -131 224 247 -77 93 119 -57 -248 244 -219 -240 32 41 -35 -147 123 -101 -120 -225 162 153 45 52 20 173 -135 -129 -172 178 -65 135 
TEST 19 ARG:-170 -95 -227 191 -233 -102 -62 -118 -114 175 -65 -224 45 76 -241 -23 229 -138 -242 82 18 39 -109 -177 -71 -221 199 145 -90 52 6 -58 233 64 182 -160 -9 -78 -196 142 8 -85 106 -180 -123 -30 147 183 -244 -63 30 -132 56 57 -96 41 -83 200 90 -147 198 179 -105 -169 -173 42 89 114 -89 161 -47 19 85 94 -197 -42 -80 125 -234 -70 -153 26 159 -231 157 -53 193 72 49 -17 -125 50 -56 162 112 -205 23 -247 -178 -148 127 -106 -201 69 156 -18 -20 12 247 189 -206 16 186 -200 115 63 -161 117 -243 148 213 -76 218 -225 181 -184 -94 104 -187 -214 46 13 -217 126 33 -22 211 29 158 -72 -239 48 141 -66 -92 99 4 -82 -36 242 -237 -86 -43 -149 219 55 38 -13 119 230 -139 95 -163 60 134 -87 194 -54 121 136 105 93 208 -220 -19 -172 -48 -226 101 40 53 -203 -140 22 -240 44 -79 -165 132 137 -191 -211 -193 -101 111 -144 -112 -232 -50 -238 -38 -151 184 -44 1 221 88 -113 -137 243 100 -129 155 59 79 -91 -108 173 -141 245 232 188 -117 217 -59 108 -116 -228 -27 24 241 249 47 172 204 -107 -3 -52 201 -192 -110 31 -222 169 -171 -142 206 -57 174 -26 212 -131 216 -1 151 171 -40 -194 -98 166 -164 67 61 -168 -16 -122 -45 -182 -198 25 -126 51 -35 21 -120 98 27 92 -49 -29 -175 20 -215 -199 -134 146 -186 107 5 -213 86 165 -68 62 -246 224 -31 14 36 180 210 -11 -189 -235 120 110 -111 240 -77 231 -208 -155 74 234 154 -127 130 -179 43 -67 -99 -219 -135 226 197 220 178 -248 -97 -202 -14 -75 -119 -156 207 28 192 -250 84 153 -229 -146 235 -152 70 65 122 -249 222 -28 238 75 -55 149 128 246 34 71 -183 164 109 -46 -64 9 185 17 203 7 68 -41 -88 227 -103 223 78 54 168 -69 131 176 -124 -143 0 87 152 239 -12 -93 123 170 -154 140 -10 150 81 -150 -176 124 103 -210 -24 32 -15 -236 -84 -34 118 80 -145 91 -5 -209 -159 -190 -223 -21 160 202 -104 236 138 -188 -245 -33 167 -37 248 11 -74 -8 97 139 177 190 116 -2 -166 -73 163 -167 -100 -136 15 187 -25 -32 209 -81 -174 2 58 -162 -212 -181 77 -130 83 -39 144 3 225 -158 -61 -195 143 196 215 37 129 35 -133 -204 -157 205 214 113 133 237 -6 96 135 228 -128 -115 73 -121 -218 66 -51 -230 -185 -216 195 10 -7 -4 102 -207 244 -60 
TEST 20 ARG:-56 -13 -63 215 138 -77 -174 -57 -250 228 62 158 -220 19 120 -25 153 -127 95 -129 -12 10 214 179 25 119 -23 71 101 -177 34 183 -135 -22 -41 -111 212 -103 42 112 124 -147 48 159 -43 -6 210 49 -138 202 -189 60 -95 155 244 84 29 -156 -133 5 -192 51 -184 154 -112 43 -53 243 193 -33 -191 221 190 135 -243 32 -222 81 238 -179 -105 -52 233 -109 28 -167 217 230 194 168 2 -67 184 -99 -49 103 20 -20 -28 -60 -4 46 131 -244 40 13 47 -51 11 -194 73 -142 -59 -84 143 -210 203 64 -186 145 70 -225 241 -239 -85 -144 -86 -64 -246 133 59 -178 -217 -125 167 -212 -208 199 181 -211 -76 -117 239 -132 -19 121 -164 -102 -227 -197 6 65 91 80 -206 -182 204 -198 163 166 7 37 -78 -168 -34 147 110 -82 -215 -124 213 -107 142 231 242 -42 36 226 -97 -161 -231 227 94 -90 -158 172 -209 -29 -183 69 -232 198 197 -123 -228 -70 26 -207 -50 87 -16 -73 -247 53 127 245 236 90 123 76 -65 -1 162 200 72 -150 -139 4 102 -195 8 128 55 249 -10 218 86 -47 -205 79 151 246 45 -36 -199 -120 225 -94 -216 180 -169 52 -136 -155 -75 108 -9 222 118 -79 31 237 -89 205 130 -162 18 174 -113 224 -221 -219 85 211 208 -172 -92 -62 -14 161 150 74 -223 -233 134 141 99 75 229 -118 66 -176 -200 23 12 157 -241 67 -190 33 -165 93 -240 58 -31 -163 -32 207 206 247 122 176 -157 -237 185 137 113 107 177 -159 136 -242 -140 104 -48 61 -134 -80 50 216 -15 -35 3 -3 173 -58 232 186 115 -108 -245 -152 -74 63 188 195 140 189 -83 -122 -21 175 146 98 220 88 117 -44 -130 -185 234 -181 248 15 89 109 -37 17 219 -66 160 9 209 129 -238 -119 -151 -234 -218 169 192 -213 -141 -68 -116 -26 -55 116 -2 -93 187 -100 -160 -193 148 -202 -154 -96 -201 165 -7 -88 105 240 21 -248 14 178 156 126 -236 16 -45 -81 111 92 39 -235 -204 78 44 38 -173 30 96 -171 -17 27 144 201 -46 182 223 -104 -145 170 -229 -137 -121 132 -166 82 -69 77 54 -230 -5 -226 97 0 235 -40 -131 -91 -18 -27 -224 -114 57 139 -24 106 -187 1 -54 191 -153 -71 -38 -188 41 24 100 -143 -98 -170 -249 -203 164 56 -101 -149 149 -110 83 -115 171 -11 -39 -72 35 196 -196 125 68 -180 -30 -128 -146 -175 -148 -126 -8 -61 114 -214 22 -87 -106 152 
TEST 21 ARG:110 20 -56 95 73 171 -129 -71 122 138 -203 -45 -111 -145 198 10 222 182 -193 -109 -213 -49 -217 137 21 -79 -34 -136 -38 115 -132 54 230 -236 -17 59 247 227 -78 70 36 -23 126 -93 139 -146 179 -138 103 239 -47 -94 -75 133 -57 -87 51 87 -198 -102 -225 -188 15 77 -175 -159 175 148 -191 6 1 -135 228 199 224 -182 35 -5 -183 -220 3 215 244 -39 -230 -20 -160 207 -142 -144 26 192 69 234 181 236 25 219 60 172 -207 178 -103 166 34 -209 88 -15 -149 -240 193 -162 62 24 -31 -143 -199 -28 -35 -33 33 208 -27 -189 132 19 -172 -185 149 -86 -10 94 141 211 -82 -76 153 -233 68 -125 -77 -235 57 86 201 -114 -179 -1 -26 11 -22 -42 -127 217 -141 -80 -19 160 -170 -237 248 -158 -151 -202 231 -89 -99 2 170 71 -61 81 -84 -112 -90 191 229 -200 111 98 167 -222 249 206 -113 -37 -228 163 238 232 -32 119 -214 -192 135 243 176 -223 61 -243 -226 -156 246 107 -212 202 -115 155 143 205 84 -106 128 -210 -244 104 -245 242 -44 165 240 -121 -64 168 197 -177 -239 157 117 -66 189 216 7 187 76 29 -95 0 204 -232 -124 -7 16 89 -83 74 -12 99 -59 -184 -43 12 -63 130 43 -176 184 -140 -166 124 -72 121 100 96 -11 156 -187 -155 31 -107 151 -148 -234 55 -157 -194 -248 -204 -190 64 186 108 -196 -55 28 -246 -171 -131 210 -97 52 23 -163 -201 142 120 -221 -122 131 -13 -181 -250 49 183 -229 82 -152 134 13 17 40 -231 106 -205 102 38 -123 -116 164 226 -197 -130 83 -128 -54 -68 -247 -51 -100 72 -9 169 136 129 -6 -137 -67 67 65 -195 118 27 91 -105 -118 -242 -24 154 -16 -85 -58 -215 -30 203 225 56 113 -41 92 -126 -134 241 -206 -120 -73 63 58 112 -154 -249 93 -173 174 -174 -18 -117 -25 97 22 -169 218 152 -88 -96 185 109 -70 47 -53 -36 48 39 -164 212 -133 -167 -104 -178 -60 -91 -186 123 150 8 85 127 -2 32 -218 -219 221 -74 -241 9 90 5 -168 145 190 146 46 -211 -150 194 158 233 177 -48 -147 -98 200 -180 235 245 18 -65 105 114 -4 -108 -40 195 -8 -227 75 180 14 -62 188 -161 125 -139 162 79 50 213 159 101 196 -119 44 -52 144 220 -110 223 173 116 -81 -216 -46 -21 80 78 -92 37 4 -153 53 -224 42 147 -238 -29 237 41 214 -208 209 161 -69 -101 45 30 -14 -165 140 66 -50 -3 
TEST 22 ARG:-154 52 89 -93 -87 237 149 -52 -190 217 -10 -94 28 -43 12 17 -247 203 104 126 231 110 -111 37 123 -36 53 -144 73 -118 215 163 -91 130 -29 -101 -82 -248 -192 243 198 202 -235 -174 -199 103 107 -142 218 157 245 -117 15 90 135 106 -176 -191 91 209 -169 142 -81 214 -9 159 93 32 -83 221 85 152 -96 -203 -160 -223 54 -50 -106 67 136 -5 42 -99 -240 197 98 68 -181 70 1 117 208 63 -72 226 200 -177 74 -7 -51 -244 -62 -207 139 -152 88 133 -129 168 156 -130 188 224 96 140 154 -38 76 179 201 -164 148 119 233 -158 -159 115 234 -109 -120 169 108 -124 -58 31 57 -165 244 190 51 -40 -201 19 -208 180 16 -189 -193 -6 241 9 5 -116 182 225 100 84 24 -59 72 59 165 -113 238 114 -128 -32 -163 -18 -230 -167 -33 -194 -20 -1 -212 -55 29 -90 -102 118 18 55 192 164 -206 38 41 189 -31 205 227 191 -209 -232 229 -28 170 -78 -147 -107 -172 185 79 -24 137 143 -195 -8 82 -25 -173 -19 -88 2 -97 -2 -156 64 -57 -3 -53 44 -104 4 127 -76 204 184 112 172 150 -86 206 40 -138 146 27 -126 -121 -170 -89 34 158 -226 -108 132 62 121 66 -148 -74 36 -103 -179 111 -44 240 128 161 116 -77 -63 -95 -92 35 176 -221 193 -79 232 -71 134 97 -245 47 0 -56 23 -155 48 -73 33 -180 69 -205 39 -135 56 -16 -66 -30 -48 -110 65 247 43 -139 22 194 248 151 80 21 -224 49 153 7 199 -219 -141 71 -46 -105 -37 -45 -218 -249 -215 -210 -69 -47 -80 -151 20 -229 8 -161 6 -213 -243 -204 211 60 -13 -162 220 131 210 -133 -70 -166 -127 173 196 -26 -14 -175 -100 -153 -246 -119 -239 -237 102 174 228 105 177 101 86 -157 61 216 -39 -140 81 -136 -4 -17 77 -85 222 99 95 -22 162 -187 219 78 -34 -146 -21 -68 113 30 246 -35 -67 212 -171 -84 -250 235 175 -200 -12 -112 26 -238 -182 -216 230 145 11 213 -202 -225 236 -168 -11 -227 -242 -75 -134 160 242 -64 181 50 -184 195 -123 129 -234 -15 187 -228 87 -197 -222 -131 183 207 125 122 92 -65 -188 178 -241 223 75 -145 -27 94 186 -214 -150 171 58 -137 10 -23 -149 13 -143 109 -125 167 45 -115 83 -114 -220 144 239 -186 -211 -231 141 -198 3 46 14 249 166 -60 -196 155 -132 -178 124 -122 120 -233 -217 25 -54 147 -183 -185 -49 138 -61 -42 -236 -98 -41 
TEST 23 ARG:-221 93 138 187 -157 -113 135 -237 -167 -126 -193 163 210 25 182 -140 -191 -65 8 223 -194 -106 224 -70 47 168 74 139 149 -220 109 88 59 103 -197 226 -180 -117 95 55 -218 -3 -216 160 241 238 -72 235 161 49 162 174 -51 -71 213 104 -170 -110 171 54 -14 19 195 146 -55 65 106 245 184 -91 204 7 215 -82 -114 -184 165 207 -53 31 71 -85 23 -37 -33 52 12 -187 212 26 232 -134 192 156 -58 208 -62 -200 150 -239 248 -250 -96 43 246 -79 -42 -17 -78 -139 -235 -86 -108 -153 51 0 100 239 133 -243 -183 -207 -83 121 -120 3 140 -177 6 118 -181 119 209 -186 237 -57 -149 -8 98 -129 -223 -150 -10 -227 -244 94 -226 -203 -26 -63 -161 105 -165 134 219 10 189 -19 -109 58 -21 -23 197 83 113 -154 147 -141 45 169 -61 -229 -12 172 -132 -162 180 206 -38 -192 124 194 170 155 -195 81 50 -201 218 -144 -18 -234 4 -80 144 -182 -219 -15 159 196 -74 -48 200 -31 145 130 -210 -6 -97 -233 -146 29 -118 -90 -173 66 -176 181 167 -32 183 131 56 -125 -160 -238 -190 -35 -87 -7 -142 120 79 42 151 -222 -44 193 90 -179 32 -178 40 221 115 63 68 60 36 -68 -171 -112 -52 236 70 101 -77 143 117 198 34 123 -158 -39 216 -164 136 -224 46 1 227 112 18 -59 48 229 -206 201 220 -2 -137 -217 -232 -148 21 125 137 91 -66 -81 -28 -204 -67 186 -119 -136 244 -166 -147 -242 -11 -198 166 116 -185 225 -212 -99 -104 132 67 96 -211 89 158 -133 191 -105 -88 203 13 148 62 126 -4 -156 41 -45 73 72 61 -215 230 -50 -60 33 -92 -247 69 -174 -25 16 -169 -43 -205 39 -124 -196 -135 -145 -34 -241 -27 -128 80 214 27 -246 -54 -107 231 217 -209 -155 -172 107 22 114 157 11 247 82 222 99 5 -40 -29 190 -115 9 -175 -93 -163 -24 142 -103 -231 -208 -69 -214 -47 177 240 173 15 228 -188 -73 -228 -168 14 -245 -159 242 -89 -213 -36 -75 164 176 -22 28 211 -49 153 -98 20 -102 -1 141 179 -16 -5 84 87 102 -131 -138 128 53 -41 -127 -9 78 178 -225 -130 85 129 127 64 -122 -121 249 -240 -56 86 -64 30 199 -230 92 -95 -248 77 202 76 243 37 -111 75 -249 -143 108 2 -20 122 -46 -123 -30 -116 188 38 24 -84 -199 -236 -94 57 175 185 -100 233 97 35 205 17 111 -76 -101 152 154 234 -151 -152 -202 -13 -189 110 44 
TEST 24 ARG:-233 -6 166 -140 2 202 138 -41 207 -44 -180 66 113 -85 -36 227 -47 171 180 29 -168 -71 50 126 197 136 27 243 -73 129 -246 114 141 110 216 -50 213 81 137 -243 222 -62 -220 -244 153 172 -77 33 215 -145 -48 190 -115 -190 -110 -16 -57 -94 -4 -76 167 152 -189 -227 200 -109 14 6 -175 26 -208 11 205 -31 206 49 193 133 12 -186 -97 219 -232 -53 -181 -228 196 68 -206 -37 -78 150 -123 -25 91 -42 -39 -218 18 118 -247 -236 5 71 -60 -240 -135 -155 -7 -79 -225 210 1 204 -80 -219 28 -151 -133 8 -177 -193 -215 212 187 232 -221 175 -56 -169 20 -164 -207 -14 115 125 -90 245 -34 -19 145 -98 64 85 208 191 235 -171 -131 214 -137 -147 69 -100 16 15 60 160 -199 -26 -82 -192 162 82 46 21 77 90 -191 104 98 10 93 -11 -120 -139 -156 130 -10 173 -170 -200 -245 17 -146 -167 -149 -122 146 47 179 198 -230 107 9 101 131 32 230 185 19 -112 -102 73 124 120 -27 109 163 -5 53 -163 -217 -249 -89 -210 -160 244 -174 -185 -148 24 -72 -45 -28 -23 -166 -101 94 135 156 -32 -129 237 51 84 100 188 234 36 -119 -30 55 240 -130 7 159 -241 37 -22 189 59 -93 48 -184 111 181 -142 -40 57 241 -239 -74 164 142 -248 30 132 3 80 -61 157 -52 -24 128 -99 -226 105 -202 52 209 -172 -141 144 -150 -95 106 -143 236 -211 -9 103 -126 -224 62 -107 194 -209 -234 121 -67 -38 -2 89 -55 -15 147 -178 23 140 -29 238 -88 -81 170 -214 -197 78 223 -121 -86 117 225 -54 0 -250 -49 139 38 161 148 -154 -106 -229 199 -187 -66 123 -91 -231 -237 79 88 -195 41 183 221 -125 -127 -173 -69 22 -136 -70 155 -83 154 -114 40 192 226 178 -65 65 220 -33 -128 31 -204 203 -84 -235 -1 248 -64 -242 -104 228 -222 134 -108 122 -165 56 -43 158 44 -176 165 -198 231 -118 -157 13 143 217 -138 39 116 -144 242 70 168 -20 61 247 76 239 -63 -183 -117 -203 25 34 74 -182 92 96 -188 186 -21 151 -103 -124 211 224 -159 -46 -213 -68 -179 87 -162 35 97 -196 42 108 -194 -17 -116 -105 -3 182 -58 127 72 233 -113 45 -111 -158 246 -13 -92 249 67 75 176 -201 -8 149 99 -35 102 83 -212 -216 169 184 -161 43 195 86 -132 -152 201 218 -75 -205 229 -96 -12 63 58 54 -18 -153 112 -238 119 -87 174 -51 4 95 177 -134 -223 -59 
TEST 25 ARG:236 -178 -127 -108 -50 122 -116 -145 -167 -13 -136 -191 18 158 231 -194 183 191 237 -42 -30 75 -187 -223 33 56 200 -250 173 -180 -128 -197 248 -86 57 26 152 169 139 -97 -133 91 46 193 -181 -111 176 54 239 -58 -68 -120 15 -119 34 -48 -207 150 45 63 6 -92 -35 -59 201 60 84 244 -87 -2 -40 -98 11 -174 -192 110 218 181 164 188 48 -228 -83 -149 96 98 87 -3 39 -74 67 -176 -43 -45 -206 107 -218 245 -9 -208 20 80 -56 86 -14 120 175 68 -201 194 102 29 235 -65 187 132 93 134 137 -8 223 -125 -47 210 -200 51 -224 -144 9 76 233 -123 243 -140 -155 19 -27 213 42 -242 -81 -79 -61 -226 81 238 127 -96 -57 -31 -117 111 65 -82 -168 123 -5 -72 151 -138 -66 117 156 -1 168 186 -165 -112 -89 -132 -172 -23 -16 -20 214 -239 -166 -110 -124 79 -10 -199 -230 -184 77 -6 -215 125 179 -26 85 -188 138 -241 -78 -247 -21 -63 5 135 170 174 159 215 108 148 36 -39 -126 -214 154 -209 -90 114 104 -202 35 -225 106 -156 -80 -53 17 147 -75 31 203 -32 3 -34 -71 -243 70 -49 206 -216 -52 -19 0 24 -158 -233 190 -198 27 49 -205 153 224 126 -36 2 146 145 8 -70 23 101 -186 50 12 208 240 -137 97 47 -54 83 61 -4 38 -118 -249 -203 -204 -15 163 -236 172 7 -24 -115 -93 -85 -99 130 103 53 -46 124 40 207 185 241 219 205 133 -148 -67 157 -248 -245 118 -33 -231 -12 -73 -227 195 -219 -183 161 242 -38 -105 -238 162 184 74 -151 -51 -189 129 44 -246 226 -220 -130 112 189 71 90 109 -147 -177 55 -102 115 94 -229 177 198 204 142 -190 -217 30 -163 211 143 -195 66 140 -22 -237 165 62 -154 -210 82 58 -162 -134 -153 21 197 -100 99 73 88 166 -213 -114 78 -107 160 -234 -240 -164 -157 -91 -211 217 -104 -212 14 -160 155 -244 -84 216 144 16 105 182 -146 -18 212 -143 72 37 222 113 -141 64 230 119 232 -106 202 -171 -109 -103 -161 -122 -25 92 89 -170 10 -113 249 -185 -221 246 25 -235 -121 28 -222 227 -17 141 -232 136 -37 -135 -173 221 41 149 -76 229 -29 -101 1 22 128 -139 -129 43 -179 13 -88 -159 220 69 4 -196 116 -193 -64 209 32 196 234 -94 -62 95 -41 131 -175 247 -131 192 -60 59 -69 -28 -182 199 -7 -95 225 100 -150 180 -55 -77 178 167 52 -44 -11 -142 -152 171 228 121 -169 
TEST 26 ARG:-105 73 -115 28 -122 233 -76 -168 93 204 -198 94 -166 -175 -138 223 39 36 -203 -150 -144 103 26 -133 211 -248 15 -110 -47 53 240 99 57 80 144 105 -69 -22 -159 -230 -20 128 218 -205 -128 -17 -6 -68 231 -13 -173 25 148 106 64 97 -77 168 -53 74 95 229 -93 -65 12 -9 9 156 -227 -146 114 111 -219 194 -108 -231 -204 151 221 -117 -154 -114 214 173 67 147 245 -109 -58 220 202 -124 159 152 -163 22 186 19 -89 -15 -242 -10 46 179 -194 5 13 153 175 -167 82 -29 -90 243 -83 -75 76 -132 -12 41 -190 -151 163 136 100 102 11 -232 2 61 44 43 117 4 228 -130 208 235 -111 60 45 -70 81 -142 174 205 90 -4 -32 188 232 -27 -30 244 -223 -59 -195 -140 -238 48 -234 -244 -125 65 -188 62 -91 -157 -71 157 108 35 85 -235 -57 75 -245 33 -104 -56 14 16 242 -228 -191 31 201 77 -193 -176 -66 -165 -183 38 225 -171 154 32 51 24 -225 -92 203 146 127 176 131 230 -210 196 -196 213 -84 -127 241 -126 70 193 -226 66 239 -199 29 23 216 -5 -40 -99 234 -112 -60 -218 -23 -94 -18 224 -249 185 158 215 119 195 -82 -39 -136 226 -38 182 47 -236 -172 181 -51 -182 -181 129 71 122 115 -19 210 -211 238 -31 34 -98 -120 92 59 -116 139 -41 30 -103 178 -62 134 150 -1 -52 -143 -208 -24 171 -49 -239 -46 -145 8 -233 58 -64 123 199 -134 249 56 -241 -209 110 78 -37 -177 -81 52 -26 130 -2 -50 125 98 219 160 87 -214 21 96 -113 164 -137 42 17 -73 -202 20 -8 217 109 172 -16 -192 -170 141 -3 -48 10 -169 -11 -96 63 184 -207 -240 112 68 -164 200 189 -184 206 -161 113 -135 -88 -72 143 -121 37 -100 -160 155 227 -162 27 166 -43 -152 149 -21 -44 198 -67 -215 -80 -200 -36 248 121 -185 145 -14 55 -174 -61 49 212 -102 -149 209 -216 -246 -153 246 0 50 1 3 -28 -155 -222 -63 79 120 -131 -78 86 -87 -229 169 -107 -201 -79 -197 84 135 -123 -34 133 89 222 -247 -25 247 191 -224 107 -243 -250 -106 -189 142 -180 167 138 140 -217 177 180 18 192 -54 -129 91 6 237 118 83 -119 -213 126 132 -118 183 -221 -179 -86 -33 -220 -95 -7 104 -148 69 -101 -156 7 -141 -85 207 -206 197 54 -147 137 -55 101 -178 72 88 -45 -35 -186 -97 116 -212 -74 -158 40 170 -237 -187 -42 161 162 165 -139 190 124 187 236 
TEST 27 ARG:69 27 -129 46 85 -99 182 -93 -3 189 -130 -240 -210 232 -30 247 -77 -28 -83 158 16 -148 -154 173 161 200 -18 -74 -181 -11 147 -168 228 -213 -142 241 -114 -183 38 236 138 -250 109 -211 168 60 76 191 -160 222 37 197 231 -139 -243 -177 -55 88 -92 -35 -152 65 198 -233 53 106 30 144 -9 -187 -29 43 145 94 10 113 169 74 -244 193 185 98 91 -150 11 68 155 167 -56 141 172 246 -202 26 -40 39 99 133 -46 -124 -6 -64 -47 205 90 -22 -140 -86 117 226 35 -23 78 62 -174 -200 201 -135 82 -231 -212 52 -94 -34 -178 -38 242 21 103 199 -17 162 -222 220 123 -145 206 93 -235 -194 7 73 151 -159 209 -241 -21 -133 248 -49 196 -227 -61 -156 -91 -208 -246 -147 192 -155 -224 -70 -238 -249 -107 61 22 146 -25 42 124 -206 210 13 41 -136 -76 -144 -73 -182 -161 160 77 166 -167 67 63 111 179 -207 -78 -72 -179 165 -60 -171 59 127 180 100 58 -172 -195 96 174 140 -102 217 -79 -173 12 -82 213 -89 135 -218 130 131 54 121 87 -53 -19 244 -180 0 -190 -214 -193 -131 -196 -242 9 -14 -162 -116 175 -141 -54 -90 81 -186 -204 233 -123 80 -12 183 -223 -26 33 -120 112 101 18 -165 -163 126 128 -221 190 25 -169 143 72 245 29 -8 -230 57 234 -192 79 -20 -106 -105 -108 149 -189 36 4 -101 -198 -88 237 -149 -248 -33 28 134 249 20 -104 -197 -48 125 207 -175 156 -125 24 -247 -65 164 152 225 -225 122 105 -31 239 -62 -67 -132 -13 229 -43 -157 19 240 23 188 238 114 31 -45 -215 -239 -84 34 -176 -59 -199 97 -16 -185 -205 -5 75 -236 -228 243 51 -118 -184 -109 170 214 104 -7 118 -146 -97 -36 -111 -121 -58 -68 186 208 115 -37 107 137 230 95 50 -164 212 -95 -209 203 157 -232 -71 -66 -166 -229 -39 184 -138 223 17 -75 116 -217 15 14 49 163 92 -226 -98 -96 139 108 -24 224 218 132 70 -87 1 8 6 -27 187 119 -188 -50 -137 -100 45 194 -112 136 202 -122 -158 -85 -51 129 -191 215 211 -103 -127 -128 83 154 -57 -126 -69 -115 178 48 -32 84 -80 -170 47 5 -219 -234 -203 -143 110 221 102 227 32 2 89 86 -52 3 -110 -44 -216 -245 150 -237 219 142 176 -4 204 181 171 44 -81 120 216 -201 -153 66 -134 -220 195 64 -113 71 56 -119 235 -42 -41 -15 -117 -151 159 -2 -10 -63 55 -1 40 148 153 177 
TEST 28 ARG:13 22 -192 187 -22 -186 204 -213 153 -81 137 -190 154 226 16 246 -237 -229 -10 -176 -248 193 -88 -13 -40 167 -118 -245 248 41 -147 208 54 212 247 -138 -100 97 -168 -241 50 -123 -247 -232 -152 20 -3 -18 203 177 -159 -20 244 236 84 175 -56 -112 66 152 -150 158 -41 -31 -47 72 111 237 5 -14 -39 -25 -215 -95 163 -175 -145 -115 -202 -134 -223 39 -90 -201 57 -71 -19 125 141 147 99 -236 227 -133 -7 211 26 -214 -77 82 200 -64 241 151 -204 149 -142 91 160 -166 -46 117 181 -65 53 156 43 249 -111 -195 -101 -228 145 -54 85 -86 195 209 -37 222 229 31 -113 -73 15 116 -105 -140 18 62 -178 -129 143 -189 -52 -66 197 -51 -149 32 129 45 170 240 34 -45 -235 194 -97 148 -222 44 96 -167 81 113 -67 93 159 -243 -15 118 -76 235 201 -211 -62 73 -144 65 -146 165 -29 -49 -58 -224 37 -32 213 75 40 102 14 115 144 -53 -185 -93 121 -207 -72 -177 101 -162 -8 -12 -43 -165 -126 -244 -161 242 48 221 -188 -200 139 -82 -128 -83 128 7 49 98 -173 19 51 124 -108 -5 -91 -181 -249 55 42 29 -227 -94 220 206 -182 -74 192 -59 133 168 -246 56 -114 -84 -226 -26 214 -75 -30 64 157 -80 107 205 94 -184 87 -96 -116 2 79 -98 -180 105 -172 67 -179 68 25 -89 17 169 -57 -125 -23 -120 -117 -132 -218 -234 182 -35 -171 108 114 0 6 -155 3 69 -231 -137 -169 180 243 -34 -205 90 -199 -102 -198 245 150 -196 -141 239 -110 179 -44 185 -203 -55 238 8 224 -92 219 4 -130 -42 -69 -217 -4 -197 -187 -6 59 161 127 -208 188 -163 217 -99 89 86 123 104 -206 -50 140 199 -194 58 -103 -143 216 11 9 -156 -225 -48 -139 -233 -210 28 -9 70 191 80 -158 74 -170 -79 46 131 77 -136 -160 119 190 -121 -191 -107 103 -154 -17 122 -21 -38 10 -148 184 -193 83 47 -60 78 225 -151 92 109 76 -124 130 120 88 215 38 12 126 232 -70 -220 63 35 228 -122 -11 -109 -153 33 -221 166 234 21 -250 196 173 134 -239 223 231 -24 30 230 27 36 233 -131 -157 -238 -1 172 142 207 162 198 -230 52 -216 135 -68 -61 110 -36 23 -240 -135 -28 174 -78 -183 138 132 -85 61 -33 189 183 -119 210 -174 1 176 -63 112 202 24 95 100 71 155 -104 -106 146 164 178 -87 -212 -209 186 218 106 -127 -27 -219 -164 -242 -16 136 171 -2 60 
TEST 29 ARG:-196 -19 -93 102 172 51 -235 -35 173 -46 -34 98 -55 195 181 57 -64 -71 -223 -165 -24 244 88 196 54 -16 -65 -133 5 53 59 -157 229 231 183 225 -44 -203 103 238 160 -147 -244 122 245 -195 131 -102 -135 -45 211 -141 174 -63 -89 149 126 242 43 -6 100 182 -87 -38 179 55 24 -78 -125 86 218 246 -50 -74 -205 3 -60 -231 32 165 148 -53 -240 133 -15 44 -242 17 -159 115 23 -92 83 -37 -197 249 189 128 -140 109 22 219 -202 200 -51 75 145 79 -121 -70 -2 -161 8 80 178 36 -210 19 -9 247 132 72 199 171 -241 -69 -29 35 -75 -33 -20 177 120 -143 176 60 191 -104 187 -166 155 -162 -106 -76 -30 228 -199 96 -246 -13 123 226 -186 -206 -108 162 146 190 216 -18 78 -129 154 144 -112 118 -48 89 -173 -217 -209 -239 202 -134 -211 61 -86 -229 233 224 -137 234 -193 241 -198 33 -7 150 157 -127 116 158 137 124 13 153 -187 -171 28 -130 201 -185 -234 21 197 50 -101 12 76 147 168 -23 180 -145 -218 -124 39 37 203 82 237 248 -152 9 184 -182 -238 112 -154 47 -169 92 -14 -153 48 -132 107 -164 -233 -126 105 117 127 217 194 -94 -103 -39 70 -67 192 -190 188 -122 152 -237 -212 -172 -28 64 74 175 -245 -62 45 240 -192 68 215 -123 93 227 114 -79 -158 208 108 -138 -91 -58 -226 -52 91 -168 -72 110 -224 30 -98 11 -232 167 -194 113 52 -115 138 -47 156 -181 209 142 -139 62 101 -208 4 -214 -156 -227 -59 -21 214 -8 186 -191 0 -155 143 90 -228 -128 135 -170 -113 213 -176 -213 210 -43 212 -100 236 221 26 10 58 -118 -5 65 7 169 87 -215 -110 77 -95 141 -73 -77 -83 -84 1 161 -236 204 -222 220 41 -219 -248 69 -97 -68 97 -36 -12 121 -42 -225 -41 -200 14 -10 -90 -32 164 -177 -146 -120 159 -180 -114 -85 119 15 -17 -151 -131 205 -144 -167 -31 -184 -3 222 235 -105 104 81 151 -188 130 -81 136 -27 -204 16 67 84 -22 85 170 31 -96 -148 -26 230 -119 -183 -107 -111 -142 27 243 206 106 -82 -117 34 185 29 -11 140 129 38 63 -175 -57 -49 193 95 -216 232 46 -207 99 -174 -25 223 -136 -220 207 -56 163 -80 -243 -201 134 139 -178 49 111 -88 125 73 -163 42 20 -221 -4 -61 94 -150 -179 6 -54 56 -149 239 -1 18 -247 -116 -249 198 2 40 -40 -99 -250 66 71 166 -230 25 -160 -189 -109 -66 
TEST 30 ARG:-34 14 124 -90 -104 -41 235 -11 -3 150 92 109 -177 65 195 196 -121 -131 143 -87 -46 174 26 -47 -168 231 -145 28 -36 -141 66 -38 13 -28 187 -166 175 -149 103 208 35 -232 93 126 70 -227 94 213 234 232 77 -123 -101 -33 -201 55 214 -144 85 191 122 -39 75 148 16 7 58 125 170 -175 -192 180 -203 -162 -196 98 -111 128 62 119 76 -137 -169 -171 83 11 -211 -222 199 -93 -190 -81 173 -184 248 -63 133 135 -174 -180 104 -18 78 -97 121 176 -164 179 202 155 -27 -250 -76 -134 230 110 4 -129 102 -237 -245 -206 222 -153 -45 -69 3 91 -224 -67 -187 43 -53 156 -95 -59 -79 -8 -128 27 -194 88 -133 -181 145 -102 -51 -214 -159 22 80 118 147 -32 -113 38 159 17 23 39 221 -167 31 20 37 53 -215 -49 -209 183 -37 206 131 229 12 -82 168 -75 204 -179 -2 -240 52 113 212 -135 -10 239 -242 -246 -216 -84 -6 157 -77 162 -9 -30 -19 -98 112 -200 -143 211 194 -23 87 -132 220 -15 63 -147 226 177 57 117 188 -199 120 -40 243 90 163 -155 -74 223 -54 -127 -185 215 1 246 -31 -238 123 -229 200 48 33 228 140 141 241 -5 6 0 -108 107 207 -156 -17 130 74 106 -56 -71 158 134 71 190 -125 225 2 -236 21 29 -106 152 -89 216 -183 -60 166 -103 19 139 209 -195 -85 169 -217 -24 186 160 192 -43 -116 219 218 -220 -157 45 238 60 -120 -119 116 144 129 -22 -136 -193 245 -235 244 -61 105 84 -151 198 18 56 132 -62 61 -124 -204 -248 -25 210 81 164 227 -198 10 -65 -170 -55 -52 -26 -114 9 205 197 247 -140 171 185 -226 -96 237 79 89 46 181 95 -234 -197 201 -105 -233 146 -205 108 -80 -228 178 -92 82 240 203 47 59 -225 -244 -150 -16 -91 -64 -160 -146 -20 5 -161 97 -189 -165 -241 -57 224 -138 24 249 149 -219 -173 -42 -191 -100 42 40 -249 153 -1 -72 165 73 -70 100 -58 -188 -66 137 -112 136 -44 41 -154 32 -176 -4 -94 -21 154 -152 233 236 44 -210 -142 -247 182 -73 151 -107 -115 101 -202 -29 -186 138 -12 15 -178 142 8 -213 -148 -83 34 161 -48 -223 30 -122 -243 -221 193 167 172 -208 86 -109 -182 69 68 111 217 51 49 -14 -231 242 25 72 184 -86 96 -88 -172 67 -158 64 -110 -239 99 -130 54 -13 -99 127 -207 189 -212 -50 -78 -68 114 -118 -126 115 -163 -139 36 -230 50 -218 -7 -35 -117 
TEST 31 ARG:-176 3 -94 -121 29 -213 -106 69 -140 -178 -171 76 -77 -166 -83 -189 -202 -109 127 128 -120 194 173 -116 -117 93 -145 22 -198 25 150 -129 -193 190 -236 149 -150 -8 -76 242 206 -56 -68 -80 -26 94 -185 -229 75 -103 215 -85 207 -24 -58 231 175 -125 -164 -111 -99 -59 -92 -65 152 211 122 -156 20 8 248 9 -228 -113 -161 38 130 -3 162 -44 -108 -102 -210 180 123 112 -23 97 -97 182 161 -143 78 27 -64 89 213 124 -209 133 -114 -90 -206 -196 -21 24 -87 -242 -82 -48 -155 157 -182 -154 -144 -172 126 96 224 238 -222 -197 -204 -13 -152 205 172 64 82 -47 120 46 -137 12 4 -88 50 77 -238 -175 74 -214 -208 197 -35 60 208 -46 -107 -71 -126 -179 54 90 105 200 -5 67 1 243 151 -53 148 -216 -148 92 7 129 169 47 10 -86 -91 71 -177 245 87 -194 177 -67 -30 -190 147 -173 -20 45 138 -212 192 135 -170 88 -19 176 80 237 240 106 153 155 132 -151 136 235 53 234 -62 -199 -191 79 -188 -211 11 -153 -237 16 37 -57 -235 44 146 -139 -217 -110 -124 70 -9 -118 187 117 166 -195 -200 -226 134 141 185 15 -132 33 -43 -39 247 -157 -14 62 -60 -27 214 230 201 -203 -215 -248 49 -33 43 164 118 41 -38 65 17 222 223 -34 -105 -4 196 183 -223 -207 154 57 31 -147 -42 -40 -159 -36 108 95 233 125 -219 99 6 -31 13 72 -123 156 109 -73 -101 144 236 32 -63 115 202 -12 -181 51 -142 -135 -183 -130 -54 -168 -52 -246 -78 178 -245 116 218 -100 56 -127 140 -22 -149 73 186 209 -119 -138 -184 195 39 -146 -49 -95 -227 -1 107 158 181 168 52 98 28 -7 163 -234 226 -224 174 5 232 -225 -233 143 -11 -165 165 119 188 -50 -10 85 91 142 145 171 -2 2 102 66 184 113 -131 -96 170 167 42 203 121 -163 -122 -112 -247 -15 104 100 210 63 239 36 -98 193 -243 -180 -231 -141 40 -162 0 58 -230 -17 -72 68 -45 18 86 34 23 21 101 -133 -187 244 179 -232 -18 -241 -167 48 -249 249 -104 199 -136 -174 -61 -70 -244 -205 241 -218 220 84 160 -29 -240 -201 14 -220 83 -186 55 -74 -115 198 -134 -158 227 -37 -25 19 246 114 -239 -66 -79 26 159 -51 219 -69 -93 -81 217 -75 137 61 59 -16 131 -250 111 -89 -192 35 204 191 -84 228 110 30 212 103 -6 -32 221 -41 225 81 -128 229 -55 216 189 -160 139 -28 -221 -169 
TEST 32 ARG:-73 13 -58 -216 187 -27 196 -197 -48 93 114 52 169 -99 -1 -144 -195 9 -169 199 61 140 53 -5 -117 -167 -94 -226 -152 57 -12 -164 129 86 65 176 95 -78 -217 18 -160 -139 -192 209 62 -55 184 -162 -159 -97 55 42 -145 -40 -114 33 -229 137 94 -134 145 -100 138 -214 -150 -187 101 127 41 -9 157 -223 179 124 128 218 206 64 -179 90 131 -18 22 -14 -92 -220 -24 115 -165 162 -4 29 3 -53 50 198 -118 153 5 74 212 165 63 -3 -155 215 -198 139 147 102 248 -79 58 -59 11 -137 103 31 56 167 -33 -243 -47 200 -37 -119 -34 -75 24 26 -239 -248 121 -132 79 -204 -228 99 236 -182 224 -26 -153 54 -60 221 23 -221 -15 -46 217 -200 83 -213 -189 -212 78 174 166 130 -218 -31 175 -154 -41 213 -247 243 8 -205 214 6 -215 35 -88 89 -147 135 -98 59 -82 38 -175 -146 -29 202 116 -69 71 92 188 4 75 -163 -237 -166 106 -232 233 172 148 161 201 120 -108 -130 88 39 -129 32 160 -240 195 -110 122 -90 -85 -149 27 -250 222 20 -20 -56 -131 21 -112 -62 -151 -101 -102 -115 73 46 142 -209 173 49 228 -174 17 -43 159 123 100 -196 -173 48 237 44 -32 -70 14 185 -148 -22 180 -104 -127 105 10 -38 -95 170 -23 238 -219 -124 -222 -170 110 194 -107 1 190 -140 -93 150 242 -7 67 164 239 104 85 -211 192 34 -168 113 119 -185 230 70 232 -224 -96 37 45 77 -54 16 -141 210 -123 231 -83 -50 -17 125 -67 -161 183 204 -44 -210 2 220 -16 240 98 15 134 -21 -113 -236 -249 168 227 -191 -106 -133 -49 40 0 171 51 84 -57 -76 186 108 19 -111 -45 133 -10 -121 118 203 76 -6 -120 36 247 -188 -71 -231 107 -172 189 -135 -68 -86 -126 -84 216 47 219 208 -241 193 141 7 -242 -11 -142 -207 -66 -235 225 158 -193 244 136 -190 -177 -77 -2 -63 -184 -230 -171 -201 81 -80 -227 -246 43 205 126 -156 -125 191 72 97 149 -245 -183 -8 -194 -202 -105 132 -65 -61 182 -19 -74 -109 178 235 91 12 -25 68 -128 151 144 -203 -13 96 156 249 80 -89 -244 181 229 -208 -181 -158 -199 -35 234 -42 -64 -136 -36 -28 246 -234 60 226 -87 -91 25 207 -206 87 66 -72 -30 69 28 241 -143 -116 163 109 -103 155 245 -51 146 -122 -138 197 -186 152 -238 112 -178 30 154 -81 117 143 -225 -39 -52 -157 -233 177 -176 211 111 223 -180 82 
TEST 33 ARG:-176 -96 136 89 47 -248 -42 25 140 -49 -160 -23 -46 -247 -159 126 -177 -145 -225 58 -138 -24 -105 3 -21 -197 168 34 32 -146 88 195 -8 -216 -69 -181 -194 -108 -186 -26 -156 101 -224 -234 35 -174 -55 204 -116 -40 199 -73 -109 -9 217 -182 218 -62 117 -150 -144 223 77 179 90 -106 28 -58 122 183 24 -4 216 153 249 192 -217 -170 -83 -124 -100 -130 43 76 -110 239 -179 -230 -7 103 46 94 170 -14 -208 100 30 68 53 64 205 -5 -41 155 147 62 63 -207 124 107 -239 -54 -88 -17 -204 215 -235 -66 -169 132 -44 187 -99 -112 -48 -89 134 97 162 -71 142 -120 -215 -86 85 130 -148 82 27 109 74 -242 -167 -43 -149 -117 -64 -79 113 154 -187 -202 149 -212 156 -45 -3 7 186 -191 197 -94 -90 5 -19 102 -158 -238 -51 -85 -36 -157 -220 -39 222 8 -162 84 73 -171 -65 99 160 -61 -243 96 178 -192 -165 70 -200 93 -137 -81 -195 -240 -57 -129 184 13 152 112 190 -184 -30 -22 -75 115 159 66 -183 -206 -132 -154 -6 -13 -227 230 17 248 221 209 118 237 -2 40 19 129 -123 -203 -77 49 -133 121 -233 79 -218 202 -107 243 -205 240 120 -244 -29 52 -27 -53 56 -118 20 -1 39 104 14 173 -231 -78 4 -153 55 185 16 -214 -190 80 238 198 200 -113 233 219 -241 -37 -38 -142 161 -47 246 228 -211 188 138 95 -84 12 86 158 83 -223 242 45 220 65 -35 -152 81 -140 -139 -228 -193 194 -246 163 191 229 119 -115 -82 -56 180 137 169 -12 189 -136 -173 108 -121 193 -15 123 -32 171 -34 -74 231 164 201 157 87 38 -196 127 -209 -33 -229 236 244 -114 150 177 11 241 235 143 -63 -219 211 15 145 59 37 -70 214 -87 -31 -126 0 -188 31 148 144 44 -119 18 23 -80 -198 -250 36 139 6 1 106 208 42 151 -52 -161 41 -128 69 -163 -155 -60 181 105 174 114 51 141 125 92 -168 -147 133 245 166 226 -101 -102 -180 135 -221 182 -68 21 61 -210 207 -172 67 71 -97 48 224 -67 22 176 -111 -189 78 213 -151 -222 -232 72 -175 -93 50 -164 227 -104 10 -76 75 -50 -125 -20 196 -91 29 212 91 -28 -127 247 110 -72 -226 9 -10 234 -236 167 206 -135 225 -201 33 -245 -122 2 -134 -11 128 210 -92 -103 57 98 -178 232 -143 146 54 111 -141 26 -237 -166 -25 -131 116 165 172 -249 175 131 -18 -185 -16 -95 203 -59 -98 60 -199 -213 
TEST 34 ARG:-233 -181 227 19 32 150 8 -85 159 162 192 3 16 -17 39 204 154 37 -227 174 200 -82 -39 -1 -19 189 233 -144 89 -41 175 205 -223 -220 230 -199 -122 64 160 -179 -167 -111 203 -58 46 76 -198 -242 73 50 -182 132 92 -64 24 -243 -110 -138 -212 -145 -143 -173 146 -249 43 -88 130 69 -149 -69 -67 135 -63 68 124 193 -125 -119 -190 -81 106 54 -137 11 214 -139 -68 -172 -132 -86 137 -146 215 17 4 170 -136 -70 151 209 40 80 48 121 164 243 -184 -123 231 75 -109 191 6 168 62 -127 -20 -30 -156 -6 -157 18 -163 157 -112 82 95 -49 -250 -74 -77 -230 25 -113 57 -135 -16 140 -14 72 -116 -121 -114 70 58 163 195 -60 -239 -9 74 -32 -104 -50 71 -15 -7 240 83 1 -164 216 -133 165 -101 -43 182 -240 -89 -152 -59 -57 111 134 245 222 112 -128 -99 172 -247 225 -25 183 85 153 128 56 88 -215 81 -142 224 187 116 190 120 98 -51 -18 -211 158 239 -117 -24 -170 -61 237 -23 -107 238 -245 -76 -206 229 149 202 -177 31 186 -226 -21 -241 247 -73 -201 -186 51 219 9 96 -98 -231 -71 -187 21 52 177 -158 -80 -56 -46 -44 115 211 208 101 55 91 194 7 176 -246 -178 -87 -48 127 13 184 217 -35 -191 -189 -141 47 42 207 -2 15 -221 -27 0 -52 148 30 133 67 -95 -53 -90 -160 100 -66 -166 -196 22 41 -216 -126 -28 126 -234 145 -134 27 -115 -200 -83 -8 65 -185 -202 -93 -237 63 119 -232 -42 -222 -236 93 -228 -78 -207 29 144 -38 226 198 -183 -62 -153 213 242 -151 180 86 99 117 152 143 -217 -97 -159 -224 236 33 107 28 -204 199 136 218 77 221 122 232 -203 -96 173 -235 53 -155 -208 188 -154 212 -22 -65 -100 108 84 -131 223 -4 -150 234 90 -11 -3 102 197 201 -169 -5 -129 -13 -188 -79 -31 228 -197 -75 -195 -47 -120 181 60 -45 -118 78 -33 44 210 129 -162 -54 139 -180 179 138 -147 -92 241 -165 109 -248 12 118 94 171 -108 -29 196 -55 -218 -205 -36 244 -72 14 -175 235 36 23 178 -148 10 -176 114 61 156 49 169 -130 -213 -168 206 -209 155 185 142 166 -140 -84 -34 131 -37 123 -214 -10 -161 -229 141 38 45 66 -94 -40 220 35 105 249 -194 -106 -244 167 26 -91 87 -105 104 103 246 59 -26 5 161 -238 110 -225 2 248 -171 113 -102 -193 125 -219 147 79 97 -210 -12 34 -174 -103 -192 -124 20 
TEST 35 ARG:-193 204 60 -1 -245 40 -4 -191 -148 -127 42 2 26 214 53 207 -96 -61 -147 160 -238 -219 -241 -150 -152 194 -243 -102 -65 -142 1 133 -25 -132 217 127 54 222 -197 -85 176 148 -244 139 135 -40 22 -246 -22 -106 111 -104 218 245 -57 113 -33 225 -134 -27 -66 -163 -38 119 248 206 -59 106 -114 -187 45 123 -229 151 -189 157 -217 5 33 -6 201 -151 238 -20 68 -91 -42 -39 187 101 23 105 -169 -34 92 192 -211 -176 74 -130 -99 -18 -3 76 -226 -43 230 -175 159 -157 28 -15 -131 -209 -203 168 -79 -173 193 -135 91 -170 -115 -122 59 -72 120 55 -200 234 -49 -205 44 -58 -239 63 69 -52 199 90 122 39 150 46 -13 181 -164 -60 37 180 121 155 -29 70 65 -69 132 118 179 -88 219 -55 8 229 -155 198 -107 -2 -129 12 -161 49 141 -16 50 -128 -68 108 -233 83 87 19 16 -143 -97 -186 116 41 -172 38 216 47 -74 27 -28 244 -240 93 10 -98 -184 126 -123 30 154 212 -160 184 -235 -70 -117 -174 -216 79 71 239 -137 -118 177 -82 -154 -165 -248 61 -180 -185 -190 -249 236 138 -81 115 -126 103 24 72 131 -234 188 -144 -12 75 -46 130 -213 15 117 -188 36 29 -116 -227 152 -120 129 203 -182 -215 247 97 94 -214 156 231 166 191 -113 -204 215 110 -208 171 -30 -199 57 98 202 -247 78 4 -93 102 178 64 -112 -14 48 125 189 -19 232 197 -212 240 51 104 -119 145 -103 96 100 220 13 -80 172 -84 -71 -41 162 -75 -166 186 -225 43 147 -141 209 -146 -110 99 223 196 82 169 -207 221 107 -89 -67 195 14 -109 241 -232 21 -10 -149 -242 -183 -181 -194 211 -179 226 56 -78 -192 174 -7 -62 153 -86 185 182 -223 227 -124 25 -54 -218 -158 -250 95 124 -101 -230 -168 -9 -95 -222 -21 175 -35 235 -53 158 -31 -202 233 -133 -48 109 -100 -220 -50 170 161 66 3 7 80 -236 163 81 -237 -136 205 -156 228 -36 -77 -11 134 52 9 -105 -26 85 -228 -8 35 -171 62 -108 -111 243 18 164 146 73 34 0 249 208 6 128 -76 190 144 -210 -177 89 200 -44 242 -17 -231 -125 -64 140 -162 -139 167 -159 -167 -195 84 -206 -73 32 88 183 246 -24 -224 86 -45 20 -201 -23 -145 210 -32 213 -47 -56 -198 -92 -90 143 -94 112 142 67 -196 -121 173 -37 17 -83 -140 -51 114 -153 165 58 -178 237 -87 136 -221 -138 224 31 137 77 11 -5 149 -63 
TEST 36 ARG:176 50 -215 -46 -33 -30 -169 -108 147 155 110 -163 -99 54 202 163 -222 -247 -183 -74 -233 -120 -86 -117 -32 -235 112 194 -114 179 -128 11 -239 -219 181 125 -113 -244 61 -12 121 -50 -206 32 111 -69 132 63 -144 -96 -3 -148 -53 -52 -44 -221 -43 -168 -160 -95 -13 -189 77 -149 42 -229 247 188 139 72 -146 223 -121 -131 115 10 -11 -242 -61 -104 136 166 7 189 -75 129 98 171 160 248 73 124 200 67 209 57 229 -110 -1 -250 3 -64 117 -227 170 -34 -70 8 -57 236 -185 -89 70 -187 225 164 -88 -77 192 -37 90 107 238 122 -62 0 -152 220 211 -80 219 127 -129 -194 -81 -106 -193 -105 -124 -83 -76 66 20 -202 -142 -40 145 133 233 15 208 120 -230 235 -249 40 -73 47 65 178 69 -97 -192 -246 -243 -122 207 148 -186 -20 91 21 97 144 191 153 213 2 -156 -91 243 -217 156 -107 -39 22 -63 -237 -126 234 16 23 -98 -165 -26 228 -138 116 -100 118 162 -207 173 -79 -15 -60 103 -125 -166 149 -204 -145 137 -177 -38 -84 -170 -135 197 245 -161 -214 -90 45 51 -109 196 99 -14 -7 100 101 141 215 126 81 232 89 174 27 168 -45 224 128 242 -31 29 -181 -21 -51 -199 36 -238 -205 182 87 230 78 212 -49 -137 -4 -153 -56 -78 -224 104 206 152 34 -248 13 108 -65 93 180 64 140 24 119 -139 -17 43 217 30 -132 -123 -172 -6 88 244 -22 -150 216 150 -201 76 -198 -140 -141 39 -82 -93 -184 -94 -155 -16 210 1 222 205 203 114 -5 -240 -173 5 -180 -164 183 -151 -213 -92 -179 -19 221 -174 109 113 -118 190 31 -190 49 249 -188 -85 94 68 -133 240 226 -42 -2 201 -157 38 -59 246 -130 161 -127 -47 -209 -18 75 56 172 53 -67 199 -10 204 177 -210 18 185 28 -223 59 105 -220 159 -101 14 83 -115 143 44 33 -68 79 -119 -36 -134 151 -203 -241 82 187 -27 -23 158 -159 -154 -178 -103 -236 -158 167 35 -54 17 142 135 -143 184 -8 92 214 -234 198 -176 58 95 46 -136 25 26 96 138 9 41 106 -58 52 165 227 131 12 74 -48 -208 -66 -72 -41 -226 85 239 -218 -225 80 -232 -116 -231 -111 218 84 195 -147 -55 -245 -171 -162 186 -28 102 -196 -25 -9 -102 -112 175 48 86 62 -71 -211 4 -228 55 154 -24 -87 157 -197 -29 -200 -212 231 237 71 -167 -216 -175 60 193 6 37 -191 241 -35 134 -195 19 123 130 169 -182 146 
TEST 37 ARG:-167 -211 216 -86 -180 -62 32 -165 54 -105 222 22 204 -8 89 184 192 -49 137 -63 50 182 144 142 -231 177 62 -91 110 -227 45 -133 -202 205 -240 171 -178 94 148 -71 8 -143 157 153 -26 1 -96 -61 -209 99 11 -148 -67 -193 -35 -212 -156 48 46 196 33 -117 -74 158 -69 -97 214 -55 247 7 -144 59 84 175 37 27 -88 16 167 -92 -3 -4 -101 200 12 -203 -159 119 80 -15 -175 98 91 -191 96 181 108 -239 20 -183 52 220 -208 174 -45 -184 -204 128 -129 -238 -107 136 146 71 92 239 195 163 70 -81 -112 97 123 87 -150 237 -168 -232 202 -162 36 -198 -38 21 -196 -94 183 43 -219 -171 -195 246 61 -235 -73 -228 -242 90 -170 60 -234 68 -236 83 -220 241 140 109 -9 130 15 -164 179 -43 24 191 40 238 150 -225 -185 111 25 -151 -11 105 122 131 -42 242 -60 235 -100 199 -102 221 23 210 65 203 113 -34 -83 126 215 240 -163 -157 -82 -244 -24 -221 -206 -32 106 -75 197 -194 178 -169 226 -122 170 -158 -121 4 -141 75 160 63 -23 10 30 227 208 180 -166 -134 225 -123 -12 -68 -213 164 6 -31 -154 14 29 -137 -128 55 -5 85 -84 -17 -19 -127 166 232 -187 -173 -65 -114 217 -120 66 -47 -29 -230 156 143 -192 -243 162 149 -21 127 139 41 -110 5 120 -56 44 39 13 -115 49 -146 9 112 185 -64 35 141 -103 117 145 -51 82 189 69 81 -78 47 -87 100 -30 -177 218 159 -200 0 -41 -189 -27 129 -109 -80 -214 -36 26 231 -207 -131 -216 155 -155 165 154 194 -106 -245 -46 77 188 133 -76 -229 228 161 -215 42 118 -135 -190 187 114 223 57 -186 -54 53 78 2 -176 -174 248 86 93 135 -139 101 -237 95 -7 190 212 34 -53 56 73 -132 -222 -147 58 -52 -6 31 -50 -217 -130 -248 186 209 -126 152 76 -152 -59 169 -250 -118 74 -247 206 234 18 -37 -116 -199 17 -89 213 124 -136 -10 173 172 -58 -201 -95 -40 -113 -48 233 198 -161 230 -1 102 193 -145 211 147 -44 107 121 201 125 -182 -104 -124 -160 -2 -72 -57 -210 132 -98 -140 -142 -70 -181 138 -20 -90 -39 -125 -224 236 244 79 88 -85 -172 -14 243 38 219 168 72 224 -99 -13 -77 -223 151 134 -138 -22 -25 -188 -28 103 -18 -218 67 245 -233 28 -205 207 -197 115 -246 249 -16 -241 176 229 -226 116 -249 -111 104 51 19 -179 64 -149 -79 -108 -119 -153 -33 3 -66 -93 
TEST 38 ARG:41 15 -8 -38 -68 -190 -48 71 -136 69 246 -187 -82 -250 183 184 -139 222 -144 208 68 -69 -171 -44 -228 -109 -28 -51 -29 -90 -99 -168 124 131 -89 185 136 165 123 -16 -218 -98 20 245 -235 -21 -41 54 223 107 -188 204 -140 -214 150 -105 104 14 172 76 -205 -236 -87 59 -52 -152 211 -77 90 169 132 244 -40 192 162 62 -50 -128 224 177 127 176 168 181 95 -169 -142 138 -135 -182 -242 -200 188 -197 91 -173 -159 -43 43 -180 167 -31 70 -46 228 92 236 137 -238 61 -248 -198 101 -145 5 37 -206 -122 114 229 -130 -66 -33 10 -240 -229 -133 -59 242 -246 85 55 -179 -212 221 13 -162 51 133 210 23 170 -178 87 226 241 -97 -23 -67 -243 -27 110 -138 -143 -174 112 -207 212 143 -153 94 134 -2 -224 -156 12 -70 -18 67 33 122 -249 -176 57 34 220 146 118 -95 -211 -85 26 25 8 82 -239 50 144 49 157 173 -195 -26 -184 -232 209 -163 -118 89 -221 135 -63 -111 -186 88 -155 230 -36 243 198 213 -106 60 -124 130 -215 -127 72 -15 -22 129 -3 180 81 -216 -237 27 -110 166 -5 -37 -30 109 160 -119 -226 3 -148 140 -160 193 152 53 128 40 234 -88 -20 -56 -170 45 -208 190 17 -141 -78 -11 -79 -134 56 32 207 48 -49 -19 -245 145 -204 164 -201 -39 237 86 -25 11 -9 -151 -247 179 116 151 -154 -234 119 182 111 121 -6 225 73 38 -222 79 -80 -117 58 -13 -114 36 -203 -219 -175 -14 -84 -76 46 63 6 -75 -35 202 28 -164 126 -220 31 -102 42 247 239 -149 125 52 199 -96 -81 9 249 65 149 216 248 178 -17 19 117 235 196 108 1 158 -12 -227 154 -65 161 -103 -115 30 -230 -157 -189 163 -57 200 -225 115 -107 -113 -104 142 -71 18 203 -147 206 186 -91 -55 -233 -166 -74 189 -4 -191 105 -199 106 191 -121 103 96 93 75 240 16 21 74 -32 -177 -108 47 171 -92 -192 232 -10 205 35 -116 -193 83 -125 155 -165 120 214 -112 197 238 187 113 -150 84 -231 -53 -217 156 194 44 80 -34 39 77 -185 -42 -120 -223 -94 -54 141 233 64 -101 -241 215 -100 -72 97 100 22 -209 -123 218 231 -83 195 78 153 201 -64 159 -181 148 7 -7 24 -24 -213 102 0 -73 -131 -126 98 -60 4 -210 -129 175 -58 139 -183 -194 -158 -62 -161 217 -172 -132 -202 -1 -137 -244 -47 -146 29 219 147 -93 -196 99 -45 66 174 -61 227 -167 -86 2 
TEST 39 ARG:13 -202 60 -129 -7 -239 223 -225 -38 -179 20 -99 144 -105 249 186 29 47 -140 33 143 -88 156 -13 182 -192 -111 -58 11 -95 -226 104 -139 38 6 -177 -168 -72 244 -134 87 237 2 -106 -44 189 -34 -64 -29 -191 0 -224 212 159 248 -170 17 73 165 90 238 229 139 -156 -214 169 -176 -77 -165 222 -118 -241 -223 201 64 202 -59 167 -79 121 -151 -54 125 -229 -37 12 -216 241 190 65 -85 -196 89 9 -6 -82 233 132 157 -178 -42 54 3 147 74 -47 -243 34 -193 -28 205 -35 49 80 -8 -173 -233 76 -53 71 32 195 -137 -198 -92 -109 -83 -51 134 -122 -162 -130 -81 79 41 228 72 -232 -221 142 109 166 180 -146 192 30 103 119 50 -31 107 133 -194 -238 240 226 63 53 -41 86 -17 108 99 -164 -169 -183 245 -75 185 116 -98 -230 172 -113 -212 243 4 -63 -245 43 -131 198 67 117 193 203 36 199 -158 236 44 149 -190 -97 -185 191 230 -220 -213 175 -87 187 46 -175 48 -231 242 151 131 -128 214 56 -234 154 88 78 94 -96 -159 -132 150 -61 111 -218 118 84 -124 112 66 5 28 -104 101 -197 -101 -195 110 -66 -14 -23 55 -153 24 85 16 -248 -46 145 181 163 -89 -65 26 225 219 -119 -19 -167 -219 -49 231 -5 -24 183 57 39 19 209 -32 -187 -143 -30 82 -147 -126 128 158 162 37 174 196 213 -215 -45 -184 -74 217 161 98 -206 -70 170 -237 -25 -80 210 123 -36 -121 -203 -247 -199 122 160 -205 -26 -188 -110 27 -52 141 176 -186 -244 7 -68 -22 179 -249 -174 -242 148 58 164 -94 69 -149 -93 115 246 -200 52 40 62 -209 -138 235 207 -135 130 -246 239 -107 -103 -18 -155 -222 220 -57 173 137 216 -250 211 -125 -163 135 -33 25 -181 -180 35 -78 -172 -145 -11 -15 -204 -144 -12 -182 -10 -90 -161 -208 -207 153 102 -115 -102 -114 -39 -86 227 168 -76 126 -84 -40 152 -152 59 -50 -2 31 -91 106 120 14 218 23 127 -112 184 208 -127 197 114 -71 -148 -62 177 -201 224 -189 146 81 -117 204 -217 221 77 -43 194 -56 1 -240 -136 200 -1 215 234 140 18 -210 51 -55 155 247 -20 105 113 -73 68 -228 -120 83 92 22 91 61 124 -133 -160 100 232 -142 -150 -27 129 -123 -236 97 171 136 15 178 -227 -116 188 96 21 70 -9 10 206 42 -16 -100 -21 75 -171 -157 -211 138 -69 -141 95 -48 -154 45 -60 -166 -108 93 -67 8 -3 -235 -4 
TEST 40 ARG:149 -219 88 232 64 -193 -246 -185 86 -101 108 93 -49 -24 107 170 123 -52 -218 -5 110 -9 159 -139 -197 223 43 125 151 27 133 -57 -88 4 126 -225 201 22 -129 -144 -97 45 160 -233 -89 137 76 -68 -227 -126 -239 104 -21 33 -31 -69 207 -66 -162 -48 180 145 -142 212 7 198 -99 -248 -175 71 20 236 -128 -173 -143 -40 80 -47 -15 136 -212 169 35 121 52 215 195 185 -70 244 -234 78 -13 214 59 -34 119 -118 230 219 -102 50 -208 138 197 -180 178 19 -190 69 65 -159 -250 129 -29 102 199 -100 -203 193 -194 -122 36 175 74 -164 24 44 -11 237 142 186 109 -167 -157 146 118 229 -56 -60 -3 -67 224 111 -92 -30 -39 95 -147 100 -247 -94 -206 -46 -243 -127 235 191 -145 115 177 -61 30 -158 157 174 249 -132 -154 -86 2 91 -242 226 208 -172 -196 99 79 176 -146 164 -82 202 181 -73 124 -12 167 31 -104 -59 -44 13 -231 -105 196 29 -76 28 -91 77 105 -201 227 68 -150 168 106 87 -116 -55 163 -216 53 141 -36 15 -63 -62 -141 -50 -58 -235 -137 -156 -10 -16 -202 187 49 143 147 47 63 -109 9 -80 150 -72 -20 -240 120 -113 -187 205 73 -123 189 98 -114 -174 96 14 246 -153 -163 -176 6 -133 -130 -41 8 -214 216 -224 -64 -207 -228 165 0 -8 -98 -171 188 233 75 67 -217 114 -124 51 -244 -209 156 -165 203 46 -229 -32 81 179 16 231 158 21 -192 58 -84 -111 -205 139 127 32 37 -83 -117 -87 -161 -18 -148 -213 5 -221 183 48 89 -210 -249 103 -211 -27 42 247 -241 -134 241 -37 -112 113 173 -17 130 34 -2 -222 148 -169 -108 84 217 134 -42 221 -168 -85 -230 -107 -106 -26 54 25 -195 -115 -22 128 -199 38 10 -155 -90 112 225 11 -204 -65 17 101 -215 57 192 152 234 -223 -177 166 -33 116 245 -78 -51 -25 -7 70 -200 -238 228 -166 -1 55 144 -151 -125 -77 -19 -178 172 153 -182 132 -191 140 62 155 -71 -28 -226 -96 -198 -14 85 -136 -245 72 -189 -38 131 220 -95 -4 242 248 82 -170 -183 -35 83 40 -93 211 204 162 66 135 90 -184 -43 97 -138 222 94 -75 26 -120 117 60 -179 200 209 92 243 240 190 -140 -188 56 -160 213 18 61 -81 184 194 3 -237 182 -131 218 161 -220 -152 -110 154 12 -53 -23 23 238 39 -119 -45 -54 206 -186 -232 210 -103 239 -236 122 -74 1 -121 -181 -135 171 -79 -149 -6 41 
TEST 41 ARG:46 -206 96 142 -165 -47 82 133 111 243 198 190 80 67 -240 236 -96 179 -221 -177 -111 -200 56 -23 47 -65 26 -230 -109 138 -37 -208 151 -120 -101 92 193 -197 -233 166 -247 176 183 147 -190 -249 -71 -122 185 148 -184 54 58 53 -51 62 -2 38 -31 235 97 57 239 189 212 -228 207 -138 -161 70 102 -45 -115 -168 -210 -166 130 191 68 110 -128 109 14 195 1 182 106 -250 -56 29 -76 0 37 41 5 -178 178 45 -244 -169 -212 -174 -124 141 9 -121 -192 128 208 160 -26 -241 34 132 -112 87 -57 -86 136 -173 197 -194 -74 -137 81 40 105 -91 13 213 223 8 35 -176 -134 -79 -151 -199 -239 157 77 -102 242 199 79 -180 214 -64 -160 -238 -158 186 -117 -48 175 32 158 61 -50 20 145 -77 25 -52 -183 -222 64 -21 -53 149 -105 60 174 66 91 42 144 140 146 49 86 17 -84 -227 -209 192 -203 7 -94 163 -40 -88 -133 155 -150 73 -154 215 -148 -104 -82 -35 206 -83 -245 107 -225 -226 75 39 19 224 18 230 -43 -107 -157 27 -66 15 -132 -34 -29 -235 31 227 202 -30 -142 219 -22 -5 -12 -60 2 -131 88 -188 170 -243 -6 180 184 120 -7 65 125 -147 241 -159 -229 124 -95 -146 187 228 -144 -186 -110 -97 112 -175 -242 74 -193 -185 164 -108 240 -46 44 232 126 89 122 -156 -98 24 -164 -130 -44 -59 -28 -126 -89 -106 -223 200 -163 -215 59 211 -182 76 -25 -207 177 162 196 -55 118 169 135 -17 121 -143 104 30 -27 248 72 16 63 -198 28 11 165 -92 -246 -13 23 234 84 -153 12 -205 216 237 -187 -68 -232 -4 -167 -191 -73 172 -135 90 115 -189 -196 -100 -179 114 -87 -75 -231 -181 -49 233 -139 167 55 10 -93 -152 -211 -218 -149 -237 100 -15 94 205 116 221 119 -213 99 -217 -54 -33 78 245 6 225 22 -129 -141 156 143 -85 -123 -58 83 204 -118 127 -219 -116 244 -162 -204 -67 -81 108 -14 95 226 -170 123 -38 -155 -99 161 -70 85 168 137 -201 217 71 -127 43 -24 33 -11 -136 -3 159 220 -32 171 -62 -1 -36 218 -61 -42 50 69 -195 -171 103 154 93 139 -236 -90 209 51 129 -248 222 238 249 181 -114 188 -10 -16 173 -20 229 -220 -78 117 -18 -119 -103 -39 -224 -113 -125 246 -8 -145 203 194 131 -214 101 134 -41 153 3 -72 -80 247 201 113 -140 152 210 52 231 4 -172 -69 -19 150 -234 21 -63 36 98 -9 -202 -216 48 
TEST 42 ARG:-234 -164 -163 211 -162 87 145 221 -78 -225 204 207 -165 38 117 -142 222 33 89 163 123 97 62 214 136 -80 238 -69 164 -191 81 -227 -44 -192 84 -12 -89 -115 2 190 -221 -107 106 -149 30 -62 29 57 -17 218 27 -77 148 -205 154 181 236 246 -81 101 -96 -26 -187 -213 40 -14 -8 68 -146 -84 -148 52 -126 -90 92 -52 -207 -127 -216 22 82 105 -71 118 -3 183 -16 135 165 -50 -131 -29 162 50 202 189 -215 -152 -130 32 -249 -196 210 109 122 -168 -102 -174 59 64 -51 1 46 -183 49 13 -20 171 131 232 144 -116 -9 156 99 -241 -97 -61 -73 41 -180 83 6 107 205 28 124 -86 -211 -114 -93 55 166 -172 -236 -11 -95 159 182 -158 -208 45 235 198 -18 129 3 178 -92 18 72 65 169 85 5 -218 -243 -229 146 -87 66 75 132 119 194 216 -171 -33 58 -31 173 -244 31 61 -113 -111 160 -223 26 -135 -68 -10 -203 -70 206 -230 -170 172 -160 4 -238 -182 -4 -150 -112 -40 -206 -65 -57 78 -233 -99 203 42 -58 -194 179 127 -185 -228 228 -143 74 134 -181 36 -103 -176 86 177 -129 192 -119 7 91 -122 125 241 39 -231 -212 -48 77 226 187 98 168 -169 34 -25 116 234 -34 -138 -85 193 157 -136 -188 37 -66 -177 47 -133 225 -108 -137 112 249 191 -139 143 -98 237 48 -79 244 115 -45 80 -120 -235 -173 201 247 -197 113 139 104 224 -154 188 -42 230 239 10 -250 -109 223 -41 197 220 -43 -30 217 -155 128 200 -195 -101 -54 176 88 -117 150 215 -167 -53 196 11 -247 121 -141 -59 -13 100 -157 96 -7 141 -36 130 16 199 184 -202 111 -242 175 -179 -118 -72 110 -189 -190 -226 44 23 -15 126 -55 -132 -88 79 -19 -184 -204 -134 -222 -106 -248 93 -128 147 137 242 -199 -24 140 -144 -201 208 -5 149 95 -67 -153 -224 94 54 -210 -23 186 76 245 158 -220 -1 233 219 63 -145 -186 170 240 -124 -46 103 -161 227 -239 -74 -21 -35 24 69 -121 -200 151 -214 14 180 25 -123 152 60 142 -38 -6 212 -82 17 -83 90 9 12 153 -76 185 -175 -198 56 -147 19 213 -27 -140 195 -232 -37 -166 -2 15 -64 209 -22 8 -91 -105 114 102 70 229 138 -56 -125 67 35 -193 -217 71 167 -100 -32 -159 -151 73 43 -63 -246 -240 53 -156 -28 -47 248 -245 -75 -60 -219 243 155 21 161 231 20 133 -104 -178 174 51 -110 -209 -94 120 108 0 -39 -237 -49 
TEST 43 ARG:46 232 98 196 -71 116 -223 -49 192 175 -211 44 -81 223 -33 -122 197 11 125 61 -201 49 -149 1 -235 -142 -156 97 -24 -147 22 -25 -244 -3 0 71 76 -197 -169 86 -92 -101 239 34 238 -158 -79 230 -108 24 167 -117 -179 3 100 225 153 166 112 -2 -50 -28 79 205 227 -84 -69 94 -140 48 -222 67 -205 245 -85 143 241 -233 159 -128 -133 -236 -238 -73 184 161 -216 177 26 144 101 191 -47 -187 -72 20 -126 -217 204 -195 132 66 7 -68 91 115 152 87 52 -220 -177 -74 25 173 -89 -165 247 -90 -46 -200 23 215 28 -18 75 -145 -1 -125 -192 -8 95 -174 68 -62 89 -159 142 69 -224 -12 53 58 -184 -208 10 121 157 246 -51 -231 -115 -189 163 188 209 -103 -10 217 -7 216 15 -96 102 -232 226 -55 -64 178 -204 -144 -225 160 -190 -102 -82 -210 -129 206 88 145 -17 -97 154 174 -242 -164 -221 -152 117 -100 -67 -143 63 93 -57 -127 128 -139 201 -131 -150 211 -218 -61 -202 -53 -230 148 -124 47 -237 -35 235 -188 -42 195 5 -247 55 72 104 233 -21 194 -48 165 -121 169 149 -206 -157 180 139 221 -173 -246 -95 -66 -43 -132 8 92 51 -58 224 131 54 -227 -93 103 185 -94 -213 78 -106 38 -137 -76 74 134 57 203 60 202 151 73 -41 -19 190 -111 -180 -20 -119 27 -9 136 -37 -118 -40 249 -34 -166 -26 120 -80 -175 -88 -87 14 56 -148 -45 -60 164 -155 218 -212 126 -123 242 236 77 35 -182 182 30 9 140 -183 -229 119 -162 243 -167 70 172 -59 135 -249 -105 -15 237 124 156 12 -160 96 187 50 138 141 228 59 -52 229 -86 183 -168 45 64 146 219 -214 -38 -27 43 200 17 130 207 213 -83 129 -78 -31 155 -194 32 186 -36 90 248 171 13 214 -134 -209 33 -207 -146 147 -109 -13 133 109 118 193 -163 231 -239 83 158 -99 -63 -203 65 -248 -44 62 -32 179 -151 -16 -228 37 -161 198 -91 240 234 -199 210 2 82 99 114 -193 -23 -14 -154 -130 -98 -6 40 -136 -112 113 -5 -245 -186 -120 122 -181 -22 -185 -70 -178 -110 -65 6 -104 -4 -39 -116 -198 -11 -215 181 -170 39 29 212 170 -107 81 36 -114 162 111 108 244 -176 123 -153 127 16 41 105 220 -113 137 80 4 -240 -172 -77 85 18 84 176 222 -250 106 -54 19 107 199 -138 -226 110 42 -191 -196 168 -243 21 189 -219 -30 -241 -29 -75 -141 -171 -56 31 -135 -234 150 208 
TEST 44 ARG:-183 -123 -148 143 -116 136 77 -198 105 53 31 -233 107 159 -231 -96 -66 112 97 -188 57 65 -168 -94 -209 -107 -180 -236 228 176 241 -164 19 -97 203 -250 124 -185 81 -149 -215 -212 46 -187 2 -73 171 -41 127 98 -232 -151 -221 -117 151 -167 -131 1 230 147 -3 190 68 -122 205 -162 215 17 -115 33 5 161 140 142 3 -108 35 146 -142 76 -28 45 22 51 16 -157 181 41 116 217 -182 189 166 198 -230 -129 103 27 -197 149 179 193 95 -103 -199 44 18 11 167 -47 186 -59 212 -93 23 -205 -104 38 -143 -24 -140 -234 206 129 -213 -241 -95 -174 145 -89 -112 -9 66 -219 14 -2 -101 67 209 39 131 -70 -225 61 178 -184 -62 226 -34 214 -214 162 138 170 132 -77 180 8 -54 -152 219 56 -172 -65 225 6 64 -144 242 -146 175 -239 -224 121 125 -134 -159 55 -71 196 -207 75 243 32 229 202 130 -85 -165 110 -88 169 83 -100 139 37 73 114 -57 -150 221 -21 -194 30 -158 -64 109 117 -139 -6 -161 168 -5 -163 85 -83 135 -60 -48 -98 -106 -61 10 -99 50 74 -155 -23 78 -193 -166 238 -169 185 40 156 -44 -63 195 -141 -69 43 240 -211 -45 -92 -20 -8 -176 -82 -181 91 104 48 -26 -237 92 12 158 -137 137 -4 155 191 -43 -171 246 -40 -170 -46 -102 72 -189 126 -208 -227 -22 122 9 -109 -74 -136 -216 -132 152 248 13 188 224 134 200 59 -201 -138 -78 237 -39 204 144 89 69 150 216 -222 -145 174 -67 -79 194 80 -126 -246 222 -113 232 90 -90 118 -191 199 111 -42 -114 -52 -186 71 15 -12 223 -31 -14 -125 218 -1 184 108 -244 -75 -128 -127 -218 -228 -33 -192 -156 182 102 86 -175 -29 88 172 34 49 -173 -25 -240 7 -247 -36 -135 -177 25 28 -242 192 -217 -7 -226 -38 231 -147 208 -19 -17 -245 148 -223 157 -195 -204 -81 58 62 -18 163 -30 94 211 -206 -35 21 100 -200 20 79 -118 -248 -190 -37 234 239 29 227 -121 70 26 -10 -210 24 -243 82 -153 -203 -91 164 -110 -27 -120 -15 -53 -133 47 160 -220 -56 -13 113 123 235 119 -76 54 197 0 -229 -111 220 210 133 101 233 96 -72 -80 -49 99 63 -202 236 187 -119 201 -160 -84 244 249 115 -178 -130 -32 -16 207 60 84 4 -86 87 -238 36 -55 154 42 -68 93 -51 247 -50 183 213 -179 -58 -249 245 106 -154 128 -105 52 165 -11 -87 141 -235 -124 -196 153 173 177 120 
TEST 45 ARG:79 23 -41 -162 221 11 -111 53 50 -129 40 35 8 -223 -184 -245 95 -11 247 -12 142 130 68 -247 -92 26 45 -212 215 -47 -190 -46 -142 -103 56 164 -56 72 -94 -188 157 -19 -44 241 -60 55 -35 54 -192 122 62 -109 -48 -22 -102 196 -23 14 -161 65 24 184 34 -30 82 -213 -150 -87 -199 6 -24 145 42 -72 101 -16 137 192 -234 174 -233 160 -76 16 219 243 -157 169 10 115 208 -95 74 -96 -249 -215 141 190 166 89 19 -101 165 235 -133 81 -85 87 15 29 175 38 -242 197 120 -164 246 64 148 202 163 153 156 200 73 170 -214 -243 -122 -27 -53 -116 43 176 -210 80 222 124 100 -153 5 -206 231 71 27 212 -144 -196 -59 -229 -63 -152 -113 104 240 103 -132 85 -120 -64 -154 -226 237 -185 -112 168 -204 189 -137 -197 61 -67 102 123 -8 -6 -180 228 -170 57 -224 60 -68 -169 -58 151 -186 36 127 -160 229 131 233 -227 113 -100 220 -194 -20 -176 -193 -237 223 67 119 -159 242 41 -86 91 -4 48 4 -181 -151 92 51 -219 147 177 -202 139 -135 211 -29 110 -38 159 -128 -3 -125 -61 -238 239 -231 154 17 248 2 209 210 132 155 94 -52 143 -165 -145 182 121 -183 -208 -235 -33 158 -221 13 -217 173 -232 214 -90 31 171 32 -225 245 -216 -158 76 -43 -171 186 -136 -240 30 -13 33 118 -211 114 -65 3 -155 47 249 -9 -187 -15 -45 181 133 39 -34 -250 -57 107 -172 18 -108 52 106 -140 -209 236 -32 191 218 90 49 206 -81 224 99 -114 126 -191 -74 198 -2 -179 -80 150 -69 226 111 -14 146 -174 -104 -228 185 -115 -182 187 204 -131 -130 -82 -127 -244 -21 140 -146 136 -83 -71 46 238 -10 83 -178 -220 12 -49 -246 -66 -222 -207 138 7 -168 -173 234 86 -28 -88 172 -107 179 195 167 -203 -236 188 -248 -106 -31 -156 201 1 -105 152 -121 -98 -40 -124 63 -201 -1 -230 -195 205 77 -26 -84 -97 59 9 134 -200 84 -110 97 20 69 58 225 -39 128 232 -241 -205 44 -36 -91 -239 135 -55 -126 -117 117 75 -18 193 70 -70 -54 -7 244 -147 216 199 25 -166 -198 -119 98 109 -148 230 93 -78 149 -93 194 -75 112 -141 178 -17 129 -25 227 -143 207 -138 -42 -51 108 88 -218 213 -73 -5 116 -50 105 37 -167 -99 0 -62 -149 -89 -189 162 -79 203 161 180 21 -37 -175 22 -163 -139 -123 78 -134 183 96 125 66 -77 217 -177 -118 144 28 
TEST 46 ARG:218 -187 120 -3 98 -100 -62 -61 1 64 -194 -69 210 110 -211 143 34 -221 -96 8 18 -174 -53 87 45 112 3 -118 97 126 2 -6 231 -114 41 234 -161 88 65 103 -126 -238 -5 -51 -155 12 62 -204 -39 121 -177 184 -43 213 -209 -138 -9 -158 70 -30 -2 100 162 -94 221 159 -203 248 147 151 66 -154 13 -14 54 -48 -222 -74 170 -249 -34 -4 11 175 -87 9 -228 108 30 74 -205 154 -195 -54 -247 -232 -160 -68 -105 10 -143 36 40 174 237 123 -80 208 192 -17 116 225 -12 -193 -110 -86 -176 -106 -7 -21 182 24 249 -236 -50 128 -99 107 77 35 -103 -198 166 15 138 -26 227 -11 188 91 -70 -190 93 -8 -141 -124 118 200 105 -213 -166 -76 232 -199 -231 78 -183 -29 125 -202 -192 -168 -175 -27 207 -210 -214 84 92 -102 -92 233 202 211 69 -243 -191 150 -224 141 176 -77 228 -153 -189 -157 28 217 -98 -55 155 59 -75 205 171 -234 -45 243 -117 71 -85 49 -49 -81 20 73 -244 -89 -1 139 114 -116 17 137 133 109 -24 149 81 -229 -129 75 -134 -35 193 37 -180 135 187 183 -63 229 -163 185 96 -145 -164 67 158 80 215 156 -112 4 -101 173 -90 172 189 -150 -223 -132 -217 -147 38 21 206 -125 -71 152 180 194 14 186 51 19 -165 -135 -15 181 -41 -136 52 -111 235 -139 -104 -246 -42 -167 241 -162 222 -16 240 -13 61 -137 16 -66 -82 -133 196 39 165 -18 -59 -91 -123 199 -172 -170 -152 -95 -212 43 -146 23 -64 -131 -225 157 115 -93 0 76 -83 42 -230 -56 -235 -186 -207 -31 -52 -46 63 -119 -200 -188 223 32 -148 -109 -107 101 25 79 -181 -240 99 195 26 -250 -20 247 -233 -65 -84 191 -239 -44 226 117 -72 -159 -208 236 245 164 168 160 -185 242 239 -169 -47 122 55 95 82 167 -206 -19 89 27 129 -242 -78 -38 246 244 -184 -219 -140 -60 178 -32 7 -215 -144 44 -67 161 148 -178 130 140 58 56 -179 47 -226 -196 -220 86 -97 90 -25 203 220 111 -241 142 -22 131 -127 -245 85 197 -57 -33 113 -197 163 136 201 169 177 94 50 -58 -108 190 -40 -227 31 83 -171 -218 6 145 106 -182 22 68 -248 127 132 216 -36 -37 60 -201 124 153 -88 57 198 -237 72 -79 -173 -73 -121 209 204 -151 219 144 -142 -216 -156 -115 212 238 -122 230 134 214 104 -113 -128 48 46 146 -130 224 102 -149 33 179 53 -120 5 -10 119 29 -28 -23 
TEST 47 ARG:48 236 105 -197 11 221 -109 152 203 -175 5 -44 -42 -135 50 43 2 -40 223 -114 231 157 -122 -166 -48 -134 -82 86 151 32 -246 -55 -158 -202 54 205 215 155 -171 -164 -113 -60 166 -83 40 45 241 186 -181 28 109 -165 112 -195 -16 -137 227 -116 -99 190 79 -220 41 65 21 -149 13 101 -155 90 72 -57 -18 -72 -168 141 -225 -66 66 -242 -10 -77 -119 -92 3 158 42 -229 67 -76 198 146 234 -236 23 -216 160 99 -73 195 92 175 207 167 182 -70 -100 -226 -170 -129 51 208 -205 172 59 71 249 -147 -188 169 81 128 96 -94 211 192 -68 -152 115 -102 -231 -43 -167 15 118 -58 210 64 -179 25 126 -150 -105 -111 62 36 -22 224 229 -26 139 -189 245 131 53 -161 -224 188 -182 18 -95 201 216 14 -232 -36 -148 121 -153 -30 108 39 -7 -191 -61 37 -207 82 27 -169 237 176 196 100 -125 187 12 -146 94 -50 125 -227 -203 -89 153 35 -140 31 -106 -208 4 213 16 -136 199 98 0 -78 -29 181 -176 61 -39 -154 123 -173 -35 171 -126 204 34 84 -13 -177 -14 -107 -239 183 69 -145 7 -213 142 9 168 38 -222 -120 24 95 -238 124 110 -219 178 -46 68 -12 1 -51 219 156 -41 -249 -75 8 97 206 -56 117 218 -228 -127 180 242 -110 119 147 -245 185 -98 85 191 -87 -90 120 -138 217 30 10 -1 235 57 -199 -186 63 220 -235 -223 -103 -115 -118 -184 202 -64 130 83 149 89 138 -163 60 214 114 -24 93 -121 -97 -196 -25 -192 -91 111 200 136 -69 -101 -54 -88 189 144 -159 -211 -67 -8 -79 77 -221 238 80 145 137 46 -19 -241 -240 -117 162 -250 113 246 6 -178 107 20 230 -5 -81 56 -17 88 -151 159 247 -234 173 -131 70 78 75 -180 -190 132 104 55 -62 -93 -187 -215 193 -160 233 -104 -4 -204 -28 -185 222 91 -193 -123 140 -183 29 -37 22 -45 150 74 73 87 -198 240 122 116 -59 154 148 -15 -53 -237 143 -11 174 -86 -80 -143 212 26 -217 -233 -230 -248 -209 -200 -47 -124 -33 225 244 106 209 -21 47 -84 165 228 -144 -194 -71 -218 184 -49 -130 -27 -139 177 197 179 102 164 163 -214 -157 -174 194 -85 19 129 -112 170 -108 232 44 -206 -172 -9 -63 135 248 -31 -65 134 17 103 -34 -32 -2 -96 -20 -74 58 -156 -38 -6 -132 -23 161 52 -201 -128 49 -141 -162 -210 -243 33 -133 -247 -212 76 -52 133 -244 243 -142 127 226 239 -3 
TEST 48 ARG:-99 -244 -96 112 -140 42 22 79 205 84 -25 232 29 9 -74 -215 30 -152 215 -38 57 17 233 -184 -120 -231 133 -222 63 -110 -46 168 150 32 -163 141 219 -212 -111 163 217 114 199 193 176 -55 -162 -169 185 242 125 -155 -53 103 -193 111 130 -36 62 136 -54 144 -29 51 159 -135 129 210 -37 239 -84 120 -20 135 61 -197 -32 69 -65 86 -66 -149 -164 -42 128 -143 161 91 -15 -122 15 -21 -186 -5 138 34 -176 67 212 -221 70 8 -151 170 -34 -126 -209 14 162 184 -179 117 -57 -31 -227 -129 -35 -81 99 102 -134 166 -75 238 -137 2 104 -117 -124 26 52 207 83 189 78 -118 11 -40 -48 -158 126 -132 218 -206 -198 -85 -130 -153 12 139 -106 148 240 -245 236 97 -16 -56 -167 216 -196 208 107 -95 211 -147 -70 241 192 -242 -123 214 -1 -160 -82 -211 -50 -239 -101 -11 -235 0 131 -102 28 -13 87 -178 183 164 18 221 187 188 16 -10 -141 -230 201 93 191 27 -204 -203 -52 -202 -105 147 23 -190 -24 -194 -107 200 -247 -195 109 -71 -214 1 33 234 244 247 235 -181 59 20 -73 -200 -98 249 -243 -89 -76 178 169 -226 -240 105 -145 -150 -7 -19 -17 179 115 -91 -59 39 146 68 45 116 -225 222 48 -3 -238 -183 -58 -114 171 90 53 -49 -69 173 157 -161 94 -104 -241 -116 -170 -168 248 35 -127 85 40 -182 -26 -103 140 -216 -72 -88 -33 -2 44 -92 -177 -172 -201 7 -112 -217 -207 134 -208 41 -77 190 -4 3 -233 -67 226 137 -248 -62 -43 -131 167 56 -246 50 186 113 -78 -205 175 73 -220 -41 19 -27 195 143 196 -166 -108 21 -30 25 228 158 181 37 132 180 13 209 36 -180 -223 -187 75 47 227 243 55 92 108 64 -51 -189 106 6 -174 66 54 -234 -146 142 -232 198 4 101 -79 31 96 151 145 177 82 -94 -133 -199 160 124 -61 122 -236 65 -191 -139 119 -154 -63 -109 -157 237 -18 -80 -22 -249 -45 -165 224 -228 -83 89 46 223 60 80 -237 -23 -250 -218 88 77 118 197 -175 -229 -9 203 -173 38 172 -136 -8 -224 -188 -213 127 231 -142 149 245 -28 -171 71 49 156 213 72 -68 -185 -87 95 -113 202 182 -219 -156 225 -60 154 152 -14 -115 81 153 121 24 -125 165 -121 -90 220 -12 100 -138 229 206 -44 110 -64 10 -148 -119 43 98 -159 155 -144 -128 -47 5 76 -86 -39 -93 74 -6 -210 123 58 174 204 194 -100 -192 230 246 -97 
TEST 49 ARG:93 178 -213 -190 -107 -39 -6 48 115 39 -54 -75 -9 196 80 -241 1 -48 -4 56 220 -68 -144 -113 129 -112 -37 -31 -171 -130 -60 -101 -164 -104 97 -179 -249 -181 -50 209 -45 -91 136 108 88 -219 124 63 -186 -73 86 53 2 246 -226 51 -231 -14 128 239 198 144 -35 244 23 -116 62 21 233 123 -227 95 216 -199 187 -237 -95 -97 199 -84 114 104 3 41 139 120 -126 -218 0 -206 -138 213 -187 13 -192 183 64 132 164 -248 -65 -148 217 -233 -189 47 8 -134 78 -15 -32 226 121 -43 46 -94 -162 -188 85 218 -41 82 225 153 -106 -204 -128 -17 43 67 -235 -80 -177 -115 181 101 -220 25 10 138 -88 -180 177 -197 241 -10 192 31 -238 127 -47 111 -205 -52 229 -139 242 119 102 -92 -222 -96 76 -79 -196 179 -89 18 -200 -221 173 184 -109 -244 -182 133 195 -2 -108 -120 55 -194 170 -117 5 -247 -163 151 -98 50 16 -135 -7 -178 -132 -216 -168 -152 205 110 -46 -118 203 -1 49 190 -36 238 -203 162 206 -61 -122 72 224 -56 -71 -157 -53 -183 -77 75 -72 20 -82 249 -175 -18 171 223 -99 -209 231 191 142 -230 154 -229 237 70 176 -114 -40 -3 188 -246 245 -217 -155 -153 -239 -159 -125 194 125 -151 146 165 157 96 172 9 -86 -58 -156 -146 -129 130 -225 4 69 182 29 -8 207 -210 27 61 240 -119 -11 79 -19 98 90 92 186 77 145 -57 -42 -62 -195 6 -207 57 228 89 22 -110 248 -20 -124 19 212 -123 -165 -90 -38 166 68 -34 -185 12 -5 112 -184 -136 227 32 -143 87 -26 -55 -100 167 219 -145 -198 -74 60 99 -133 71 122 -214 -173 66 -250 83 -87 161 15 65 -93 -83 -111 118 28 -102 -212 -67 109 200 94 -211 33 180 -172 160 -141 30 81 38 222 235 -51 215 42 -149 36 -64 -228 -193 -85 197 159 243 34 -69 37 214 117 210 236 134 107 135 156 106 247 35 -236 105 -142 208 189 -167 -158 149 7 169 232 91 155 -131 -78 -24 175 -234 -224 -66 -13 -16 211 -27 -76 11 137 -243 74 26 204 -137 40 -154 -44 141 193 126 150 147 -242 202 -240 -63 -59 -223 148 234 -176 -150 -22 -121 -127 -147 -170 -166 158 -140 -245 84 -49 -160 52 -161 -169 73 59 -202 163 -201 -23 -29 -174 -21 -12 230 58 100 -105 14 -232 152 201 -81 116 185 -30 103 -25 221 140 -103 -33 113 143 -215 44 168 24 54 -70 131 174 17 -208 -191 -28 45 
TEST 50 ARG:-231 -223 -21 204 193 -188 114 199 167 -208 44 -89 -29 69 -81 232 -45 216 131 88 230 58 145 -228 117 -222 -197 129 -68 -211 96 12 -63 -134 179 -217 28 236 -132 65 -102 -104 -90 48 -130 -148 46 -65 -207 21 -51 156 -227 229 107 -218 -151 -86 -4 -140 -47 -149 -204 -163 111 188 -14 106 93 47 -139 23 33 208 -160 -138 210 -80 4 -117 53 147 -182 -250 64 -99 51 -32 -200 149 -11 -214 -54 123 186 85 224 172 166 170 127 -53 173 -58 200 -135 35 187 -56 -174 -43 212 168 -213 -220 0 -13 25 -176 239 75 231 191 98 209 24 90 217 -92 94 -236 87 -226 -205 55 165 162 -201 42 -60 -154 -30 247 -127 -61 -179 -230 54 -10 -98 -110 -125 -2 -239 -171 -83 190 -108 152 -232 220 159 235 -237 142 -114 116 130 180 16 160 -26 244 -215 30 -66 31 -210 194 -78 -155 102 -180 228 222 -103 -206 -95 -107 -72 -7 13 73 155 126 -93 -100 154 -69 -168 -186 -85 -158 97 -126 -79 181 134 -165 143 124 100 -187 -146 68 -153 -41 119 101 146 169 -245 74 -18 223 -209 -49 238 40 78 -15 -144 -247 135 36 -12 -31 -150 19 233 91 15 249 84 225 -181 -178 109 -111 -122 -46 153 -164 182 221 -212 86 202 59 50 37 -74 -190 -55 -192 -141 157 20 -112 77 -136 -23 -128 163 195 -244 -123 198 -73 248 -59 -34 -106 -195 103 139 -118 -38 105 133 67 120 -91 174 89 237 197 -242 -196 207 -97 -248 115 -249 -33 -62 9 92 -20 61 -166 -224 -142 -189 158 148 246 128 227 -143 211 62 -246 22 45 -77 -67 205 49 196 -157 -44 -167 112 -145 189 110 -243 39 -9 201 144 -16 83 -234 -229 177 -193 71 -101 95 -183 -48 1 -64 -185 76 -120 -94 175 104 99 141 226 18 -57 -40 125 14 -27 5 -88 -161 184 -219 108 -147 79 7 56 -1 -115 -124 -3 132 66 138 -76 -109 -17 -82 -235 -121 122 2 150 219 -162 -131 -170 11 215 113 -87 27 183 80 -199 -35 -119 -70 243 -8 29 -238 52 164 118 -28 -37 63 214 137 -84 218 3 203 70 -159 -184 178 -137 206 -225 161 -240 240 -39 192 -177 -116 241 -50 60 -25 121 234 -42 -194 213 6 72 -191 26 -241 -129 -216 17 -203 242 43 136 -36 -172 -105 -22 -202 245 -75 171 -156 -173 -175 -96 -19 -221 140 32 82 185 -52 -233 151 38 34 -71 -113 -133 -5 -24 -6 10 -169 -152 8 176 81 57 -198 41 
TEST 51 ARG:-3 -4 155 -200 -99 190 -50 213 198 132 -135 119 233 -29 -70 -45 -78 -229 18 210 108 215 224 -79 227 180 218 -11 236 63 230 15 183 81 -187 36 -92 217 -218 -48 -161 138 100 68 -159 159 -194 -72 -236 -233 42 -125 55 139 150 2 -143 160 188 -211 47 56 -102 197 71 -150 -40 -192 66 27 164 62 -51 219 4 -103 187 84 16 216 -220 52 87 -27 29 65 -52 143 24 10 88 -163 247 212 -86 -139 -111 127 -172 -226 -204 23 -129 221 93 72 172 43 46 -12 9 -123 142 74 -208 171 8 85 -238 -174 -83 -222 -199 205 -73 -210 -188 26 -120 -54 118 -203 -148 182 -124 199 -156 -166 134 40 204 -127 116 97 175 98 211 7 -173 -41 -234 -30 177 -34 -171 192 223 13 -74 -37 -221 54 -212 69 -147 -179 130 22 75 225 -121 -94 -170 162 45 92 -32 -215 -85 129 37 -55 -183 110 178 -176 -130 44 -186 -97 78 14 -15 17 -162 -235 228 -160 -157 41 103 57 -117 -19 235 -95 181 158 -180 196 -14 -57 206 148 -90 -184 -22 234 -47 -46 31 128 111 -21 59 232 -133 67 -13 109 -5 -244 241 189 -181 32 -175 -23 -96 -43 -134 137 -59 48 -190 126 80 245 -33 -132 -223 -232 107 123 96 -178 0 -16 208 157 237 173 -149 146 167 -241 -80 -67 -168 -106 115 -185 -247 104 -91 105 124 149 -140 102 -9 -195 -158 -165 -141 165 -169 -225 202 3 -213 -25 214 168 240 -38 -39 82 169 246 -128 64 -75 -104 -167 242 -206 86 -245 77 -196 91 -217 -66 28 -164 140 152 121 94 -155 -207 -82 5 -240 145 -209 -98 -243 -136 -227 -231 -6 249 -138 -131 -112 -64 222 144 60 -7 -60 79 191 184 243 -248 -28 51 -118 -116 -24 -219 34 -8 131 -42 114 -61 20 -201 -193 -93 -237 12 -44 -249 135 207 11 136 99 73 -122 151 -224 220 238 -100 -126 -145 201 -49 -246 122 -69 194 239 -191 39 226 95 163 -216 -10 174 -114 161 120 -17 -20 166 179 -36 21 -81 -31 38 106 89 -89 -109 90 83 195 -62 -58 53 -230 -119 -87 176 -35 19 -242 170 -202 153 -77 -53 61 229 25 -189 117 -107 248 112 154 -18 6 -2 101 113 -197 -56 203 147 70 -250 -154 -71 156 49 -177 244 -68 -105 -63 -142 35 1 125 -84 -113 -182 -115 -26 -153 -151 58 133 185 -239 141 -144 231 50 -137 76 186 -146 -88 -65 -228 -101 209 -214 -198 200 -110 -205 -152 -108 193 30 -76 33 -1 
TEST 52 ARG:149 -119 36 92 67 26 22 -168 -49 -230 222 7 -207 218 -59 177 152 178 -109 0 -19 90 207 47 -129 -148 231 -144 31 217 -139 65 14 -118 94 99 162 117 -164 -33 3 33 -223 -185 -205 40 32 97 -92 -50 229 -151 -81 -130 -91 -249 214 17 -218 -7 45 -95 192 -224 -29 107 49 -79 -85 89 -116 -28 189 -67 210 72 204 -135 96 -12 212 53 -187 -100 -32 -200 -24 246 161 -124 -51 -238 84 -250 -206 137 168 103 -209 -212 119 239 244 -87 -179 20 -123 75 187 -62 -153 118 -239 -199 87 -157 -128 -15 -161 -142 145 -60 155 237 172 16 104 21 174 76 227 60 -78 -133 -99 -76 -112 11 28 167 95 -132 -13 -127 38 -208 211 -48 85 148 -30 -27 108 126 -75 -143 198 114 -176 -2 220 200 219 -65 202 80 -126 -235 50 -232 -41 102 82 -17 52 181 -241 165 -247 109 -1 83 203 4 -184 110 -93 140 -114 54 182 -115 122 -248 194 -169 233 -102 120 -77 56 -213 -216 171 -86 133 -192 -4 -110 230 -211 -198 98 -63 241 73 -83 -46 46 129 144 -61 93 -177 -108 -194 139 15 -138 -55 -38 -196 -202 -195 -183 -11 -221 51 -105 10 -149 19 -84 124 -178 188 234 -14 134 -121 180 175 130 -122 191 44 -203 -136 190 -36 -52 86 64 -145 -120 -245 116 111 128 -9 -193 -204 -240 166 2 147 -44 -181 -47 35 247 57 69 238 186 61 58 125 -88 100 -69 157 -68 77 -141 236 -101 -98 -80 221 -21 228 -171 131 135 43 79 -58 138 173 -103 29 -18 -180 -175 193 184 -226 209 -214 -231 66 -23 208 70 -26 -165 -90 39 164 -150 -39 -229 -57 -191 -170 -71 -66 -152 -186 -188 -162 -233 -53 195 59 42 13 -25 -242 136 -56 -182 160 -104 5 215 -163 -234 225 23 -189 163 153 199 81 201 -117 -228 179 91 -246 141 -220 -43 -96 -10 185 235 -70 -174 -146 -160 71 41 -113 62 -73 169 -35 -155 -219 -237 -140 24 -227 -156 159 105 63 27 -64 197 -106 -74 170 -172 -147 1 183 101 243 248 -97 6 -20 -210 106 -167 78 -125 154 -107 113 112 -190 -42 34 146 151 -236 -94 -40 143 123 -225 226 -243 176 127 -34 150 18 223 132 -3 245 -5 -8 196 12 8 224 -37 -154 -244 206 68 156 240 -89 -166 121 -173 158 -159 55 88 -215 249 -217 -134 -197 -158 205 -137 -54 -222 -16 25 74 216 232 -31 242 -111 213 -131 -82 -22 -6 142 9 -72 30 115 37 -201 -45 48 
TEST 53 ARG:77 -85 -36 241 15 152 198 244 92 -25 -177 -82 25 0 -1 -127 100 125 230 -197 115 200 -247 -113 42 -50 148 110 -3 150 -59 154 17 -150 -201 -106 -140 -204 117 -56 -151 -119 107 -38 -168 173 2 78 -93 -245 30 -95 177 135 53 141 208 -33 -70 57 -110 85 -164 66 -60 -162 -141 -79 -67 128 -71 -207 -130 -208 27 -99 -249 -80 93 -128 221 240 -35 170 -108 -31 172 -188 168 60 68 151 -86 97 -222 171 -55 116 91 -58 -196 -101 233 29 -161 -91 -19 -87 -199 227 -202 -24 -53 -157 -107 -7 -41 -135 147 132 -66 -27 181 167 -149 49 38 126 -143 -248 -195 -136 186 20 -167 106 36 -240 242 12 -226 -32 -57 138 98 196 -73 8 248 -21 40 142 157 -163 -216 -74 -10 -142 -43 67 162 -69 -193 -234 229 4 -8 -155 48 195 62 50 -220 -238 134 -144 -223 225 -243 129 247 -46 -89 59 -190 187 -42 210 -72 -2 76 6 -198 206 43 238 223 -92 -115 -166 -165 205 185 37 -219 -180 1 211 73 -179 164 -191 65 -137 130 47 -134 209 -78 -132 -96 83 -20 22 -221 224 165 -174 -158 -203 61 178 -51 -84 219 -159 -183 197 -123 -14 -13 217 118 94 123 -47 -4 -12 -17 45 99 -139 105 95 -170 212 -61 31 127 -218 114 -171 -22 140 156 -126 -146 -100 -160 143 215 -105 -63 237 -154 7 180 -45 -172 -175 26 204 -213 -192 -211 33 231 96 139 -104 9 80 -206 220 108 41 -232 222 112 34 176 39 -122 190 -121 46 -148 228 155 202 -83 166 -15 -173 201 63 -16 103 169 119 144 218 -235 159 -62 16 69 -153 52 109 -182 -225 191 71 -48 -187 -29 -124 -37 -5 86 -117 133 -237 -241 51 149 161 18 90 14 -49 -6 -228 11 194 216 84 35 182 32 75 174 -224 -54 -215 -242 -209 -97 226 81 70 -120 -250 146 28 -184 -11 -98 -64 -231 199 -129 -9 -131 -114 -181 -244 10 -81 89 58 88 175 -229 -109 121 207 -176 111 183 -169 -111 -90 55 203 -138 235 145 232 5 -236 21 19 189 -112 -133 -18 -94 -34 74 160 236 -214 54 188 -23 -103 -116 3 -145 -147 24 -88 137 56 -230 -152 -194 102 -212 23 -65 122 124 -210 243 -77 -118 -75 -217 -40 -28 -30 184 13 193 163 -189 213 -125 -227 -200 104 136 246 -102 82 249 -239 -233 64 79 -44 120 -246 239 -68 72 153 -156 158 131 -186 -178 -76 214 245 -26 -185 192 -39 -52 101 234 44 87 -205 179 113 
TEST 54 ARG:-208 137 174 158 -81 -74 78 245 226 -73 127 -13 86 119 38 121 29 -181 144 115 188 -186 -9 -16 181 -192 -216 227 -166 214 -82 -190 -108 -107 117 26 -78 -212 -25 185 -125 94 -235 -91 12 118 175 -114 -196 -239 198 218 68 -133 -182 -146 -58 49 -6 -95 21 155 -174 34 239 212 36 101 0 -56 67 161 31 -118 -211 113 104 -248 -53 -209 -11 -221 184 213 234 163 -50 24 77 208 240 -20 205 27 114 64 -92 176 -55 89 81 -241 151 186 16 -85 237 17 11 196 116 -138 232 -142 -159 153 30 -172 -184 43 -164 -77 -64 -18 107 76 247 149 -205 -37 74 -128 -79 -187 51 79 164 -113 217 202 103 28 71 -70 5 222 -240 -224 85 126 40 90 -218 -213 229 -135 225 9 233 242 -72 -144 -38 56 179 -102 166 -40 -158 -67 -155 -140 42 -173 -229 -14 -122 92 -148 -243 -131 19 7 241 230 109 -245 143 223 154 69 -170 -167 173 -43 3 -59 39 47 168 -201 93 -101 -250 -168 123 249 -185 4 -112 -117 -75 53 95 148 191 -34 -160 -178 -106 14 97 243 204 -46 -236 108 120 -119 -163 159 -5 -21 -222 8 231 -139 37 -22 -71 -198 -156 70 -51 122 58 190 -63 -52 106 112 131 -207 248 -246 211 -29 180 -15 59 172 -191 -80 -31 -49 -33 13 -194 -206 -161 -66 99 -116 192 -141 -99 -30 156 25 -4 200 -220 169 -137 72 10 -47 221 -28 -115 -147 246 146 220 133 -110 152 -62 199 -129 60 -123 -104 219 238 84 134 150 -44 62 50 82 132 -90 224 130 46 177 -204 44 22 -98 75 -162 -180 -54 -242 -3 -27 52 -48 102 128 182 61 -8 -94 201 65 139 -86 215 -120 -217 -1 -151 -193 -69 -219 -83 -171 -126 145 -45 33 105 98 -17 18 48 15 32 87 -130 20 -26 -76 -23 -197 -152 -100 207 171 -145 -249 236 -103 -39 88 91 194 141 -177 -231 -214 -10 110 -149 -188 -228 -169 -132 -150 -36 -238 6 -24 80 140 111 -61 147 165 235 100 -200 -157 83 203 -88 66 -127 210 45 -124 -237 162 -57 -143 -176 35 -153 -232 216 54 135 -65 -41 -42 -84 -226 -227 -247 -111 178 -225 73 -230 63 1 41 -2 125 -233 187 244 -109 2 138 -7 -89 136 124 206 195 -136 160 -199 -19 23 -165 -96 170 -183 -202 -215 -12 -203 -154 -223 193 -195 -189 96 -234 -121 -87 -68 -60 189 -210 -105 -179 197 129 -97 -175 209 -134 183 142 167 -244 -35 157 55 228 -32 -93 57 
TEST 55 ARG:220 -73 -195 -181 -26 64 81 -147 34 -133 52 -228 116 104 62 -240 -236 -155 43 -197 -168 159 -64 -164 -90 -13 42 99 -53 174 78 -67 -72 -49 160 211 -37 -103 195 -111 0 -250 8 229 -75 -238 224 28 171 18 180 -25 -100 -48 -220 41 84 -199 55 235 -1 218 -128 143 94 144 -205 80 -237 -180 -150 -126 249 156 -224 -28 -235 -152 -57 -14 -185 -74 210 -30 -158 32 239 -77 72 -138 142 -191 -109 148 -68 -190 157 3 -81 179 135 -188 -32 -247 -156 66 -44 -186 36 92 -127 -17 -21 -148 -83 5 101 -61 11 -217 163 -105 149 201 208 -135 51 -124 17 -210 -193 -206 69 121 -2 -106 213 31 97 7 -143 125 -162 74 -20 102 58 -198 15 232 146 -233 -232 -117 132 181 -120 -194 243 -160 -204 -201 -246 237 -244 -192 -230 -219 228 222 -85 -104 -107 -82 202 57 203 170 -170 -216 -196 -24 184 215 -163 117 22 -122 212 -94 -39 -125 162 -159 141 -19 90 231 -121 -166 189 177 49 -175 124 209 -165 182 -102 21 248 -97 167 152 -36 244 -93 73 29 -132 -242 150 -174 -29 106 139 120 6 240 44 108 -245 -91 103 -23 165 -218 1 -70 77 225 -5 -221 -243 -241 -149 128 192 95 -95 136 86 -157 147 -249 -114 -78 -38 -60 245 221 -34 247 67 168 70 -118 173 191 -86 85 -71 -41 -171 176 200 207 214 -189 -215 -183 100 112 -89 -16 -56 223 9 -115 -212 65 -66 37 -101 24 -87 19 122 -18 12 83 105 -22 -84 -96 -131 186 -234 126 46 114 -140 187 130 193 53 138 -182 131 -154 -144 -65 10 -223 48 -6 -113 -172 20 16 82 133 33 75 -55 -207 88 -214 -8 155 2 -146 161 50 -229 -176 -134 -226 -58 -123 -231 196 242 204 178 217 230 -43 206 -178 127 169 -184 -35 96 115 166 -42 -179 47 79 -213 -169 -136 -50 -88 -98 134 61 199 -9 107 14 -129 246 198 -227 234 -63 -187 -142 68 227 -46 89 -4 -110 -7 113 27 154 -31 185 -33 -80 -99 -62 -139 4 -27 137 -200 -92 236 140 197 153 63 -112 123 45 98 216 93 26 -79 -239 238 233 -151 190 35 -54 13 -3 56 -208 -167 -10 71 -141 -211 -15 -153 175 119 183 151 59 -11 -161 -177 -203 -47 -173 188 158 91 219 -137 164 76 -45 -40 111 -209 -130 226 -116 -202 -59 23 40 -12 -248 205 -108 39 -52 -76 129 -222 145 118 194 -225 -119 172 -145 241 54 110 30 -69 38 87 109 25 60 -51 
TEST 56 ARG:-140 225 127 50 49 -150 149 10 -212 -159 -206 173 27 -249 249 171 -180 -59 -116 -100 182 99 -16 131 -67 172 -117 1 -122 -102 184 -58 -44 -162 89 179 -38 155 176 72 -129 -110 117 66 -126 243 -46 120 242 -225 167 -135 -34 200 125 121 -245 85 102 -241 177 -132 -13 -242 237 -215 -130 227 -173 -167 -50 -15 -198 58 124 163 218 -31 -40 -223 36 -236 0 229 56 -87 -70 31 -114 244 86 142 -26 -52 -94 -164 201 234 191 -57 196 48 195 223 18 -42 54 230 140 108 60 -75 -165 213 -68 -176 -229 206 -99 68 -193 -63 -228 112 46 -49 -163 -143 -237 -202 -166 122 3 -109 -184 -41 -111 -174 123 30 180 -170 -2 -141 -112 17 51 203 189 -56 246 -154 80 -136 150 -199 61 19 -146 -83 215 198 -124 91 -191 84 205 -101 -92 -28 -227 185 16 -80 -133 -77 -20 24 -188 -156 135 238 160 148 247 -148 -200 -89 -155 -157 164 90 40 -125 228 -79 178 130 -32 -108 -81 -119 -84 -220 101 214 70 -97 136 -4 15 -234 -161 133 -60 43 -168 -105 107 -82 -18 -78 -189 -222 -238 109 -142 248 -177 216 226 181 33 -226 141 -76 -185 183 -29 221 32 165 139 4 209 -169 -230 115 -158 119 -183 98 -71 -147 -10 144 236 169 -61 -45 -152 -178 -145 222 -23 166 137 -194 69 138 174 -134 -186 -153 -128 159 231 -35 -248 233 -14 82 192 59 145 -3 8 -54 -98 -214 79 103 -37 -224 -247 29 134 224 132 -121 -172 -138 -221 170 52 -197 28 11 -106 114 62 186 152 143 113 71 100 -118 37 -104 111 -139 2 212 -239 156 -72 -123 -73 -187 211 53 219 -218 -36 -27 193 -210 154 -231 63 104 9 45 128 217 -160 220 235 -233 77 13 67 -217 -208 187 -250 26 -107 97 210 -203 -12 240 -74 162 7 161 96 -232 76 88 -205 -137 78 35 -213 -195 92 204 83 -235 -47 -196 -24 -246 245 157 55 93 -55 207 116 25 -85 -5 23 -8 -182 -17 -7 -179 5 39 208 -96 -115 47 -62 202 -48 -90 -91 147 -25 158 -144 -151 168 -175 -9 -93 -127 -21 41 34 74 -240 118 -86 153 -66 -64 12 -65 95 -244 110 -171 75 -201 190 -120 199 -207 -6 -53 87 -190 57 126 44 42 -103 -88 -211 21 232 38 151 -243 14 -1 -131 81 -219 73 6 175 -43 -216 188 65 106 239 146 -204 -69 20 -39 -181 197 -149 -11 64 105 -192 -22 94 -33 241 -209 -95 22 -113 129 -51 194 -19 -30 
TEST 57 ARG:87 -165 208 -41 166 -30 -124 -50 184 -72 139 -156 -117 109 3 235 -205 79 183 -45 209 105 -151 -238 17 -176 168 -26 180 -207 -143 96 47 46 213 165 83 126 -162 -5 -206 187 220 -20 -187 -196 -27 144 26 133 71 91 -94 179 72 -102 -240 134 240 167 -209 -232 -59 -142 -203 -7 178 97 -87 -98 -157 6 182 -18 -131 185 -53 -129 94 -173 42 -60 63 -40 -204 140 -171 211 30 -246 -112 117 -161 14 9 -36 -113 16 -38 34 -219 147 172 -105 -84 -29 -123 -133 11 19 53 -13 -82 -70 -42 -99 20 190 -225 111 22 27 -183 219 98 -71 121 204 161 -58 -134 245 237 -155 90 -237 247 132 164 65 159 110 -61 -221 -241 36 -192 -86 202 -153 -166 143 -223 195 -78 -135 170 -208 -181 -116 0 -100 -215 41 -186 -178 -243 21 43 -185 -198 -216 -9 -44 -54 -172 70 -217 -226 74 -31 239 -108 102 -194 -51 234 -81 -85 13 210 236 -245 69 2 -32 -67 -224 -148 152 -65 192 -141 244 138 73 106 188 -74 -118 39 104 -19 -73 125 -197 7 248 -11 -174 23 -149 145 -37 35 -14 103 233 176 -110 38 15 80 -233 -177 155 92 86 -114 -218 196 148 205 -83 231 116 225 -228 137 -17 -189 175 -23 93 85 44 158 1 -15 214 -145 216 223 128 150 -138 -169 -122 -91 149 24 -64 243 -210 68 -235 221 101 58 -28 82 -68 -77 -109 -179 59 -227 123 -236 -33 -90 -247 -119 -248 -249 -97 -154 -52 120 -125 -159 5 48 40 -139 45 191 115 -211 -137 -213 62 -147 199 -195 156 142 61 84 -146 -163 177 -121 -190 242 -239 57 -222 25 238 151 -182 -201 -16 162 31 -242 193 51 141 -164 218 -168 241 -1 203 249 -231 -95 135 108 -10 198 174 -140 -96 217 171 -188 -47 -88 75 50 10 -128 28 -127 78 -89 122 -229 -103 -63 -48 -214 -93 -175 29 -3 89 60 207 -55 -126 -39 54 -22 -25 200 -62 127 -150 224 212 146 -158 -220 -8 52 12 201 -43 157 186 -111 -76 -24 37 -144 49 88 232 67 -115 -180 -130 99 -202 226 -57 -69 -234 154 -184 -200 -152 -104 -199 131 -160 169 -66 -120 -12 -101 -4 64 194 -191 119 -34 246 81 130 181 173 112 66 100 114 -106 -107 -35 -170 229 56 228 227 4 189 8 -49 206 33 -230 163 55 -21 -2 -132 76 -75 124 113 95 -136 77 -167 118 215 197 -244 160 -56 136 222 18 153 -6 -80 -193 -250 -92 230 32 -46 107 -212 129 -79 
TEST 58 ARG:216 -244 -140 -170 -242 34 93 -112 -129 -158 -104 -150 -95 -224 -249 76 -200 -178 -28 -19 138 -175 -151 -107 -135 -145 187 95 -169 -160 68 -3 156 217 161 -149 -146 127 -58 -1 -89 -62 242 192 110 -35 88 -43 15 85 -79 149 -47 -30 199 -45 -84 -134 25 -68 50 79 125 198 -71 -237 160 122 58 -49 207 -27 140 -197 -210 -37 18 239 236 -177 211 30 -167 241 -13 90 54 -64 103 -187 225 150 137 10 226 181 12 -63 98 186 -18 249 124 -16 -94 191 -46 212 -96 163 -53 -231 -214 172 7 196 220 14 -133 -132 -218 102 -199 66 -152 245 -207 -184 -141 -29 99 -221 -56 -103 -110 -119 19 -216 243 -205 -139 -15 -138 69 193 -17 -172 27 37 -131 233 -156 -171 -113 162 -23 -72 -215 -245 -212 33 167 135 72 -48 26 -126 -12 -211 -88 -241 -226 104 -127 11 24 -220 8 197 78 145 120 -10 -26 214 -65 202 -40 -234 -130 -246 94 3 146 96 -192 244 9 155 59 136 45 -159 190 46 203 -102 -229 -78 52 112 -142 -11 -5 218 -190 -188 -100 44 210 -31 2 6 -143 -121 23 118 -125 -115 -22 -227 -4 230 17 180 129 -117 183 -93 -179 92 247 0 121 -87 -108 55 174 97 115 -42 -194 148 177 159 170 38 -51 39 -193 20 -98 13 70 73 209 -38 117 57 -222 -219 -114 61 101 -206 195 -223 40 -236 53 144 -147 62 -183 113 -50 -86 -8 -230 235 -111 205 166 139 -157 51 189 152 -34 157 75 194 132 60 -99 213 126 105 154 4 -238 -7 109 141 173 114 204 142 -55 246 -248 91 -123 -166 -148 71 -201 -240 80 81 178 179 -83 35 153 237 221 -173 -174 -70 238 188 -217 -154 -6 56 -235 41 -69 -9 215 219 -57 21 227 87 -176 74 16 -39 182 -232 222 -208 -124 -153 -101 -73 84 229 143 184 -91 116 64 29 -191 -20 67 -60 -85 -225 22 -54 131 106 -36 -120 248 43 -228 -137 -185 119 -74 -243 -209 36 82 -59 -33 89 -82 -25 47 130 63 100 -118 -186 -162 31 -109 -165 228 42 -163 -198 206 1 -116 -168 133 65 -81 -189 -196 5 86 -182 -204 -32 -233 231 -195 -66 224 49 185 -52 -44 176 -128 -90 -144 48 -61 -239 234 -97 -67 -77 -75 123 151 -2 147 169 -164 -76 158 -14 -181 111 134 -247 128 -80 108 208 -213 28 175 -106 232 -202 -203 -41 164 171 201 165 107 -155 -122 -92 -136 168 -24 240 83 -21 -161 -250 223 200 77 32 -105 -180 
TEST 59 ARG:-143 -142 -87 -191 56 51 189 208 127 122 221 5 64 47 -156 126 39 209 -1 198 -68 12 211 171 -212 117 -150 52 -73 -204 -221 149 161 190 92 -82 75 -126 -18 246 8 220 -112 163 -110 -164 -59 -232 199 203 -190 -106 -61 28 -155 154 195 -148 -192 -104 223 -237 -199 128 197 -182 -247 -19 -33 89 -233 23 -229 100 -193 -32 -202 136 -163 44 -34 1 90 -84 -78 82 -114 -181 -169 -103 140 -102 -75 -77 138 79 -83 -63 133 15 -197 157 -139 -210 65 226 225 -70 168 18 -234 234 76 -124 111 106 -171 -209 -24 -85 55 73 215 -113 233 27 -183 67 -224 68 -29 -149 -242 -116 -43 -92 21 -223 204 -74 -216 -66 -184 98 49 -30 -71 216 -158 -10 -168 -89 -38 -14 -47 -211 231 -189 40 -117 -200 -67 -230 148 -188 -118 95 -248 212 137 244 236 -41 -13 119 59 176 6 112 103 230 -179 32 -31 249 85 155 130 -56 78 34 191 147 232 16 -161 -60 -154 -9 60 93 -144 41 139 2 -27 201 -120 237 -20 124 -4 135 207 -98 -39 -121 -22 -180 -12 -97 206 -28 -203 -222 -194 219 -249 239 -108 -244 169 158 -51 -80 -16 -58 -151 -207 -76 30 -250 42 188 167 -129 151 -44 187 166 213 -45 -115 80 144 -88 -26 -173 91 -135 -93 142 -53 115 238 43 0 -196 -243 123 118 -111 152 45 -187 107 31 -213 -86 -94 -100 -52 145 61 -46 25 19 182 131 10 -219 -5 -138 247 -3 11 -2 -239 54 159 62 -208 242 210 196 -186 -6 66 -134 -37 22 -246 175 -176 -122 -227 -57 63 217 81 153 -62 202 105 -152 -236 -165 46 146 -206 33 -105 224 -17 24 243 173 3 -172 160 -11 102 222 17 -25 120 -175 -90 116 -218 35 71 -133 -65 69 -107 70 83 88 -174 9 -91 -79 -8 -240 -159 227 -146 -160 -166 245 -245 -201 172 -125 -123 235 229 -101 121 -185 -40 101 -238 214 194 37 241 -55 -145 141 96 57 170 -241 -177 -157 -131 125 218 134 178 58 -198 -228 77 181 94 7 -137 -178 -128 104 205 -109 -7 -225 -217 -23 132 97 20 -195 50 -215 -153 -231 200 72 53 180 -170 -99 38 -127 129 -136 -205 186 -226 -96 -72 177 185 162 26 114 240 14 109 86 29 -119 -36 193 174 -147 -42 -220 -64 -54 4 -167 -140 -21 87 156 183 164 108 -69 248 74 150 184 -132 143 -35 -50 110 48 99 -48 36 192 113 -235 -95 -141 -81 179 -214 228 -15 -49 165 -130 13 84 -162 
TEST 60 ARG:41 -165 69 141 193 -169 25 139 228 -15 43 37 92 -212 91 -67 -237 -59 -39 214 -242 -174 -137 -162 104 -52 135 -139 -25 -94 -221 -220 248 -133 -55 78 140 114 -30 3 -84 -6 21 50 -161 220 -148 107 157 -201 47 -173 11 132 195 -64 -71 -194 170 86 -46 -158 -80 245 185 -91 217 -57 56 -216 118 -198 -3 125 97 112 211 27 102 57 -81 155 -150 -121 -87 117 -142 -180 -82 -120 95 -42 55 42 177 2 -151 179 -44 12 -28 174 -113 59 175 168 213 -47 -100 -244 167 63 20 -196 180 18 51 66 161 -249 -18 218 -231 45 208 160 -23 -250 163 34 153 -17 65 234 -10 6 -24 32 -5 24 -217 36 -154 -72 46 -90 244 -105 127 246 121 171 -219 -38 -184 -135 73 -128 68 61 -241 181 -111 -232 -73 -157 -235 241 113 31 98 162 -199 224 94 99 -14 -60 227 -140 150 -102 64 -1 206 -227 -164 -141 -126 -186 221 152 -45 -171 -37 -246 -68 -122 74 -19 -49 -7 239 172 173 44 196 126 159 -16 -20 9 49 -188 -11 77 219 85 -132 -53 103 -230 249 -143 -195 30 -234 -245 212 -75 -51 243 143 -228 202 -236 -92 110 197 111 -205 194 192 -58 225 -189 -166 -229 -243 115 151 -204 223 108 190 -168 -29 -247 71 226 -40 -155 -65 -156 203 -125 -62 81 -206 189 -203 -210 -167 -61 -74 216 164 182 204 -2 96 87 -66 -215 75 29 -36 -93 90 191 148 -178 -207 -211 -70 -86 169 -112 -41 35 -78 -233 -97 -185 33 209 70 -130 136 17 72 -34 -170 48 -159 116 -153 -248 119 186 158 -179 236 -152 210 156 -21 -177 147 130 -145 232 146 -146 -109 5 -85 188 -106 131 201 84 -101 89 230 40 -191 -149 28 166 -27 128 7 -124 -50 -160 -12 -33 -26 -131 60 -144 -214 -95 -222 145 129 -138 -8 82 -98 233 -115 -176 -48 10 -4 -43 100 -104 165 205 184 38 54 -63 -99 -239 15 -77 -114 83 106 22 -116 52 -119 -89 26 237 80 23 -110 231 122 123 133 13 222 -35 -208 -213 200 -76 -69 137 144 187 -123 178 -163 247 -193 149 199 109 -22 138 -226 240 62 -224 120 -190 -182 -200 -9 53 238 -127 235 105 -32 -172 79 1 -197 -107 39 88 -183 124 215 134 101 -136 -108 -181 93 67 -129 -218 -225 -209 -223 -202 -118 -175 176 -54 76 154 -88 8 -240 -192 -147 -13 58 183 229 198 16 -117 -83 242 -238 0 4 14 -31 -134 -103 -56 142 -187 -79 207 19 -96 
TEST 61 ARG:42 45 -250 196 -9 208 -226 73 146 90 -12 -93 -137 -157 124 74 -56 138 78 -204 137 -60 116 -192 -243 234 150 -202 213 -85 -114 125 -184 89 -170 -135 -4 -198 4 6 241 121 142 33 8 -175 -39 -82 19 -58 188 -55 195 -24 123 108 -144 143 220 -97 50 103 160 126 191 219 23 -102 -131 91 -32 14 104 -227 -210 97 -187 -214 59 -201 140 -182 162 204 34 119 52 -190 -87 72 -78 -234 -247 -63 -80 -152 -164 -223 -46 51 -244 -51 -231 -141 -27 68 10 102 -25 21 131 238 93 -165 -66 -19 -72 -37 -240 161 -20 31 -232 -207 -68 18 235 54 248 -193 76 111 114 224 243 -57 -222 105 -91 56 128 249 139 -183 -213 -16 -54 -17 187 -139 -49 197 -70 -127 227 66 -146 144 77 -123 222 180 1 -75 230 156 -106 -38 60 -140 -41 141 -196 136 127 -14 -8 182 -228 39 -133 -77 -150 135 12 0 202 -129 -53 -230 -180 -249 41 -246 207 -136 95 -153 75 -120 -118 -96 154 -21 -124 226 177 86 242 203 237 199 36 -50 -138 166 -211 9 26 212 49 120 130 -134 148 40 -22 -176 -194 -161 209 169 159 -224 16 -130 -81 -64 206 -88 -15 94 -218 -208 -109 -69 -155 -242 28 -94 -197 -237 -217 -206 109 115 47 117 53 167 157 -174 164 67 -28 -92 244 229 -2 -98 176 63 83 -248 217 -45 100 -239 -6 81 -149 55 152 38 -143 183 106 -220 17 -229 13 -76 20 98 246 -104 -33 153 -73 -29 193 101 -101 30 225 -158 129 -154 168 -233 -179 214 -178 -132 210 -34 175 221 184 -44 -65 -241 178 198 107 233 -30 -43 -126 -71 15 -188 92 24 65 -168 -171 -219 69 194 -117 134 181 -166 -156 11 -238 -35 37 -200 172 -145 239 22 -10 25 -1 3 205 -111 -26 62 -105 99 155 44 -61 -59 -172 -185 -121 -90 -169 122 -48 -151 200 179 -31 -52 2 -84 211 -116 32 -209 -189 -18 132 113 218 71 -100 85 57 79 247 -191 -40 -67 165 -79 -162 -62 -5 -245 232 231 -108 -199 173 -89 -95 133 -23 -236 -216 -225 -215 -42 -119 185 228 35 5 149 -113 -186 27 29 -83 88 -181 -148 236 -36 -11 -177 61 -125 170 -128 -74 -13 46 -205 -115 190 -147 43 -221 192 96 112 145 147 -235 223 -173 -160 163 215 186 80 84 -142 -110 -163 -3 189 64 -107 240 48 70 118 158 -159 -47 151 -122 -167 201 216 174 245 87 -195 -112 -103 -99 -203 -212 58 -7 82 -86 7 110 171 
TEST 62 ARG:-187 -118 -170 -199 226 170 -237 245 -213 102 -64 -78 -185 56 -65 -143 69 63 -225 115 -219 202 132 53 135 72 81 -53 -9 249 138 149 -37 -87 -211 -16 58 -59 207 -99 185 146 -22 -223 67 -49 123 -70 -249 -217 -189 -132 64 223 -175 -186 -173 -236 -246 -234 -94 -69 -124 212 -105 -27 141 9 110 -25 -97 213 -190 -7 -156 36 157 33 206 174 -228 39 -131 -220 193 118 -230 208 -95 229 14 233 42 235 -26 97 71 83 -163 79 -135 -4 -21 -241 -146 -28 -214 24 -206 -42 -92 35 144 -202 180 -222 90 199 -171 10 -180 82 -68 -162 190 -218 189 -57 -134 104 96 -60 166 177 -155 99 93 16 248 25 -46 -81 -106 171 126 -38 169 228 -98 -50 143 84 122 -108 92 -239 -205 -58 -10 -212 155 -6 -18 -24 -147 112 41 -90 -157 191 -177 -198 152 20 -72 134 120 225 -149 -172 80 -215 65 98 -136 142 -51 103 -113 73 -8 38 231 -23 -77 167 175 236 220 5 -29 -195 160 52 195 -2 12 62 31 86 -73 -227 -110 -209 -88 88 186 -123 179 -150 -39 -159 91 136 -71 -36 137 4 128 113 -153 215 -122 -33 168 117 -116 -188 127 -245 218 -244 156 162 247 59 154 222 163 -204 17 227 -121 51 -15 244 74 116 85 -174 131 -17 -82 210 -13 -183 -86 -96 -14 -107 -1 87 -165 89 148 219 -126 192 40 -62 -144 -191 37 239 203 75 -101 -176 -129 29 161 133 119 43 -120 -233 -91 201 -125 -119 8 -52 -19 224 181 -247 129 48 0 -141 45 19 -67 77 101 214 -47 -31 -84 100 -5 34 -137 -229 -250 -89 -75 -142 -197 232 -30 -196 23 173 78 -221 178 -66 241 140 230 21 211 -45 -243 -178 153 -140 183 -216 176 -43 66 11 -79 151 95 -179 188 121 -203 164 159 -100 -128 54 -158 -63 -74 -184 61 -154 200 184 -112 -208 106 -111 -103 -224 -192 -20 238 1 -248 -201 -102 -3 172 3 22 -35 234 -169 -231 55 6 70 -207 47 60 -83 -164 -32 -34 -139 196 114 49 111 -114 -93 -130 -148 -152 -166 -145 57 -54 -138 -80 76 -61 -181 242 -160 216 187 2 -117 27 124 -194 -200 -226 13 -115 -109 -210 150 -85 -56 30 237 145 158 -161 28 -11 44 -55 -48 182 15 -76 246 -127 -133 -232 130 165 32 -104 68 139 -182 105 194 -40 240 -167 50 108 217 -44 94 7 -151 209 243 147 -238 125 46 -235 205 26 107 221 197 -168 -240 198 204 -41 -12 18 -193 -242 109 
TEST 63 ARG:63 -134 -28 -189 -130 25 177 -81 209 136 65 74 117 186 -88 152 -198 85 -9 27 -185 -124 151 -228 -131 -143 182 242 -107 -210 -85 102 140 -139 173 34 205 -211 226 -135 183 -113 54 58 -117 148 -213 -138 -30 156 -231 -26 -242 71 46 236 88 -126 -223 -158 145 -52 -119 -136 179 200 -94 -222 217 240 -32 181 -199 -115 -188 129 165 191 -12 3 161 138 203 33 199 -78 53 -184 -171 -71 -58 -95 170 -150 -53 -21 248 -224 -17 -118 50 162 -41 -66 163 -159 -50 -235 201 195 -149 83 56 -45 -23 -20 204 -145 164 52 225 246 -221 149 96 -202 -208 100 -160 -106 131 -70 -194 169 7 92 -133 13 -219 175 -240 -216 21 40 -250 -140 -220 171 29 -112 66 180 -75 -19 -142 -31 192 -176 -65 -105 -59 -192 104 119 214 211 194 -97 166 -6 122 229 -68 -83 -40 69 235 109 158 -148 -99 -225 150 -102 -11 212 36 -56 -128 218 -100 84 0 -187 80 -120 -77 -178 43 126 101 39 -5 31 -245 94 -4 238 210 -215 -229 234 -103 -13 -241 -169 6 78 -246 87 18 -248 -162 -153 -63 222 17 -87 -182 -46 -48 73 -93 118 -125 221 159 -121 -181 -108 128 -3 -247 -116 16 90 -226 -173 8 188 197 -114 -239 230 67 -91 215 -25 -54 178 193 19 11 168 -137 -39 107 167 241 216 -230 60 110 106 -42 -64 -49 -24 -205 139 9 68 -57 -36 98 -151 24 -237 232 -195 1 -165 108 45 -207 82 -35 99 -157 244 146 245 -129 239 116 -69 -163 91 -177 -73 249 247 -90 147 79 -190 89 231 2 -80 -236 14 105 237 155 134 -101 -98 -155 28 189 154 32 -196 23 -86 -2 141 -33 41 -214 -37 -206 76 -217 -179 -204 55 120 -209 -7 -55 224 -154 185 -218 -96 124 -122 220 -212 61 137 228 -22 64 26 37 207 103 -110 223 62 -201 -60 -92 176 -175 127 57 -147 114 48 172 206 -47 133 -146 86 77 -74 -76 123 -16 -38 -132 213 -200 51 153 70 157 -104 -186 -233 -234 198 184 72 125 59 -123 -167 142 112 15 208 -29 -62 -89 -164 30 -141 -43 196 44 -156 -111 -27 10 -72 -170 -174 -44 111 -197 160 -8 135 190 -249 219 20 -203 4 95 -180 -51 -244 233 227 -79 -144 -161 -67 75 113 243 47 -243 49 143 -191 12 144 -109 187 -168 97 -14 -152 -238 -172 81 -193 38 115 174 -232 93 -82 -61 5 121 -10 -18 -127 202 -84 -227 -15 22 130 -166 132 -34 42 35 -183 -1 
TEST 64 ARG:-108 -204 -71 90 42 176 199 119 209 -197 -224 85 -229 180 -35 -92 -196 -44 -38 -59 156 171 66 46 -182 -247 -221 -134 235 -90 147 -106 -82 212 -120 -228 207 83 -158 -19 159 12 136 174 -70 111 122 166 144 6 78 160 98 25 165 130 -119 21 -8 -195 -74 -39 -238 -173 -22 -132 -56 -20 28 -172 -99 -129 -62 84 -55 -5 -102 -136 -27 55 31 -203 -6 202 -147 246 242 -167 -122 -45 -236 117 -42 68 -192 -218 -75 -103 65 52 47 26 4 -3 220 115 -164 -143 -69 23 -244 -18 -179 177 150 -152 -28 93 -243 225 208 158 -43 157 -76 -104 -245 -84 43 -40 87 170 -1 182 56 -232 -47 -31 -174 185 168 -51 70 129 -235 120 -12 -17 -170 -52 206 219 218 -249 -60 72 -194 -16 -13 248 -185 -250 -101 17 245 10 -219 -36 178 -141 197 -32 243 215 59 134 138 191 -225 -100 108 -34 -168 190 154 54 76 123 -150 34 155 175 95 -165 -237 -163 -199 239 -154 189 -2 -156 -171 -127 222 -83 145 22 125 -201 211 15 -186 106 173 -248 227 -95 153 -207 184 -46 244 75 -246 -148 164 152 -114 -160 -10 -29 92 -184 86 50 109 -109 169 -113 20 73 61 3 217 -128 146 -68 241 -53 14 58 39 64 205 149 -217 113 -137 187 44 -231 38 -116 179 -58 200 237 -212 -73 -239 -209 128 163 -135 -65 41 96 -67 -175 135 137 -177 232 238 -227 -7 103 140 -80 204 -139 -11 -169 81 167 -93 67 -98 213 37 203 142 -188 118 -110 5 188 -208 -21 110 233 226 62 -131 -233 -223 -189 -214 101 139 -85 -230 181 -14 -79 -107 30 -91 -166 231 -198 -153 195 -216 69 11 -81 -121 -210 60 -23 -72 -25 240 -50 141 -146 45 -145 127 223 -78 13 -66 88 148 -226 162 89 -205 63 121 -149 -206 24 36 -111 -30 183 -157 -77 -115 230 186 99 18 198 143 249 -133 -161 116 229 -155 -183 33 -130 104 -200 -64 112 -142 91 80 19 51 97 105 -215 -89 161 192 216 0 1 -4 -240 151 -190 236 48 234 7 132 -140 224 -48 -87 114 32 210 228 -180 -193 -97 107 -144 -176 -86 -63 221 126 -124 -213 -191 74 100 -24 -241 -138 -112 201 247 -234 -162 8 -123 -117 194 71 -105 77 133 -88 -125 -126 29 57 94 102 -118 -178 172 40 16 214 82 124 -187 49 -57 53 27 -151 -33 2 -96 -26 -222 -242 35 -9 -61 196 -159 -211 -94 131 -220 193 -202 -181 -41 -54 9 -37 -49 79 -15 
TEST 65 ARG:173 200 248 -42 -168 -129 -241 62 -2 -151 36 -245 183 51 223 101 -83 -214 -174 -63 110 -106 -62 84 -136 -204 148 -147 -221 -235 -223 -114 195 12 -145 210 215 158 -112 -79 -6 5 20 -172 109 177 -170 -101 -97 162 -75 37 -193 93 -65 54 72 64 -177 226 95 -94 -29 -43 186 -48 138 190 193 136 233 -40 199 -12 104 -138 -89 -139 -35 -211 -85 176 63 191 222 145 -171 -156 -187 -199 -10 6 83 135 46 -120 -225 -224 -218 -159 -76 -102 98 -54 7 23 29 -205 -5 202 151 99 -166 -56 -68 -206 -41 -246 196 189 -77 -155 -15 85 102 -146 -185 -209 88 27 55 -22 -240 153 -72 127 -208 -1 -32 -52 229 160 -25 78 11 92 -33 -220 65 181 -239 -210 -119 203 221 -74 166 -103 -117 -124 91 -150 45 -229 -91 235 157 225 182 126 216 -158 204 -88 106 207 100 119 115 58 -3 134 -144 -188 -20 17 -233 -18 -90 164 159 197 234 32 47 -31 -179 -122 220 13 -228 -38 -148 -169 15 -92 56 -109 -46 -195 -61 131 112 -250 35 107 247 2 -236 -141 -154 -67 155 180 167 122 73 227 230 -17 113 -238 114 175 152 212 111 44 26 -34 -39 243 -182 -217 236 66 124 240 89 -11 -227 -28 -30 -173 194 161 48 -105 77 188 -49 -57 14 218 117 163 -78 0 -157 130 -27 206 -80 34 60 96 246 -137 -121 237 228 -165 -222 -152 -96 -70 75 -108 21 108 239 -82 -110 -23 42 -100 -130 -59 -244 -231 -189 61 146 -201 43 -126 -153 4 -197 178 -21 105 -230 -95 241 80 -123 -213 -176 -180 198 90 -164 -196 -243 -19 -125 9 -55 -178 -183 74 -135 217 -194 -134 76 165 169 -69 33 -202 -249 82 -99 128 -140 -66 69 -149 219 211 -131 -26 -93 142 118 30 -107 24 150 -219 121 49 -191 -45 140 -248 123 156 81 -86 147 -87 -160 -24 -104 -115 133 -84 -47 25 168 -7 -161 242 3 40 -184 139 28 120 -73 192 -13 -111 208 137 249 129 174 -186 -163 71 -51 232 -175 -36 245 125 79 -16 144 19 187 52 224 -237 -226 -132 201 205 184 154 -200 31 103 185 -167 -127 -212 8 231 209 -64 18 -58 179 1 -128 -60 -234 53 -71 171 -242 -81 -198 87 -203 -113 -44 -207 -118 67 22 -8 94 -232 86 -216 -37 170 50 -215 -98 238 244 -133 -143 97 -142 -53 38 59 39 -50 -181 16 -116 57 -14 68 213 143 141 149 41 10 -190 -162 -9 -192 -4 70 172 132 116 214 -247 
TEST 66 ARG:60 32 157 103 102 96 75 188 -31 -95 128 136 -159 74 122 -169 164 201 -198 144 -142 82 44 -242 36 92 123 -11 -99 -173 -129 -133 -224 -71 70 132 52 225 -193 -178 -67 -21 230 190 -84 84 -194 91 129 41 226 -204 198 223 213 208 61 -171 -239 37 -29 178 -30 -205 246 -176 -200 120 40 -97 10 219 86 115 244 67 -90 98 -51 205 216 143 -70 141 107 -244 192 -48 -135 221 -118 156 -25 20 240 189 -47 0 -147 181 114 -228 -196 -163 -85 -59 -234 -153 -187 109 22 90 77 -148 -166 -125 184 175 -212 64 154 -157 -108 1 -7 134 211 -96 50 -94 -197 153 -192 -128 58 -203 -235 185 119 -89 -22 -158 -211 -74 -76 191 -64 -106 -238 88 -213 -130 28 210 -92 -230 -83 -55 -62 -40 93 -105 -38 133 -9 -16 -126 -1 -154 -66 235 -91 -175 241 -15 116 94 -206 161 -82 87 57 -167 -179 -107 -2 66 78 43 126 -120 -181 27 193 79 111 146 179 -136 73 -215 -214 -69 -41 172 228 -20 174 -172 105 113 95 -53 -109 -17 51 150 25 -237 204 176 99 38 194 142 110 -43 -241 -174 -189 -103 -111 -79 -26 4 -143 48 65 186 135 -208 -221 -199 45 85 -56 101 242 131 220 243 -191 237 54 -63 -98 236 -165 -52 72 29 -207 -72 148 162 121 249 -137 35 -247 -195 -155 -54 165 97 -32 151 46 -188 -49 238 -161 9 89 239 -104 199 -201 -101 -185 -180 49 7 -209 -77 177 -115 203 -4 118 125 195 24 -139 33 -28 167 -23 229 173 5 39 217 127 -24 -132 -44 -145 -164 -231 169 -150 -218 147 138 224 -36 -14 63 -223 -123 -112 81 152 -122 76 80 3 168 233 -13 -243 -87 -6 -140 206 158 -10 -124 207 -186 56 -220 83 -151 55 196 -131 140 -182 130 227 -250 222 -248 -217 -80 -35 -144 18 -73 -119 -202 182 -116 -75 71 104 -210 170 -12 -33 -184 -190 -226 -170 -58 12 2 139 187 -93 -61 -232 166 -114 218 -110 234 -160 197 -168 8 247 232 15 -149 13 -8 145 -236 -225 -113 -141 215 112 -245 -229 -100 11 155 -68 16 200 -162 -121 -88 -50 -5 47 -86 209 124 -216 -78 -60 248 -65 -233 -27 -34 14 31 -117 -3 -19 137 -222 -240 62 17 -42 108 -227 -81 180 -152 -127 214 -46 23 68 149 -177 42 159 -138 231 21 26 -156 34 59 160 19 30 -249 -183 -134 -37 -18 69 -246 6 -146 -102 -57 183 212 117 106 -219 -45 202 100 163 53 245 171 -39 
TEST 67 ARG:-110 -245 -130 13 156 218 51 -186 -58 -221 169 -118 10 -77 -232 87 -47 -248 160 197 188 202 -131 -84 -172 -87 23 147 -80 -124 -201 118 -133 239 194 158 -59 -51 -159 180 -46 -23 -129 77 -15 -179 -226 157 215 112 146 85 -68 78 75 -194 -49 116 96 -134 -196 -93 246 184 -9 110 -43 73 232 196 79 12 53 24 81 -102 -192 141 -72 -161 19 -4 -165 -78 -17 -14 -125 -74 -239 191 -62 -171 29 -166 -200 121 -225 -157 -20 -24 -144 -61 -37 -160 54 -26 135 -38 104 -117 -250 -234 159 234 -100 -204 -76 241 -195 -115 97 134 20 -187 -6 -53 40 -230 -57 35 -180 -75 235 -169 66 -50 -246 72 -73 -123 -45 138 220 -67 -154 -233 0 8 -153 -199 213 154 -88 -231 -247 226 92 43 59 71 113 -167 -89 238 -146 84 106 94 249 247 -112 212 -142 86 -120 -103 2 177 50 123 -229 144 -151 -197 -95 161 -91 -113 -184 185 67 208 114 61 5 -150 -64 224 3 136 -181 -158 244 -178 122 -39 140 -36 99 -238 153 93 173 223 139 -29 -30 -219 -182 90 227 14 -21 55 186 142 -143 -96 -243 39 -65 100 182 174 -163 128 -147 183 -70 216 -116 248 -217 -18 222 64 132 82 83 37 105 -136 -174 -12 -168 -1 -94 17 -210 225 -31 -22 190 -8 -7 -122 -148 148 74 -42 -66 245 115 214 -108 -223 -69 68 207 -190 124 -111 -170 -227 126 -99 -135 32 165 45 -152 181 130 -10 237 -101 168 195 27 18 -107 -34 187 119 211 -188 9 41 -83 70 -149 -86 171 -92 -214 -218 25 -145 219 31 150 -41 125 107 155 -212 98 38 201 109 205 -2 88 -162 117 175 -55 -132 -98 -235 -82 199 -202 152 -205 203 108 -213 -128 47 56 -119 145 22 -242 233 -164 52 -249 -28 -208 -35 120 -139 30 242 -114 -173 -207 89 167 -121 7 -228 189 229 42 26 -97 236 1 -48 -3 -156 -176 -60 231 -33 15 -44 -189 -27 209 -236 -126 -155 149 16 69 -137 -211 34 -106 21 -11 206 137 63 58 228 129 176 243 163 166 -216 -5 4 -105 102 -224 204 -240 33 -32 -222 76 -138 164 60 192 -79 -177 178 103 6 -193 -241 -220 -54 -71 -191 210 -203 -52 65 91 179 172 -13 -209 -140 -175 62 -104 230 240 57 111 -127 80 -16 221 -40 -109 -185 -90 49 -198 28 170 -141 -56 -19 162 101 -25 200 193 198 217 36 -183 46 -206 48 143 -244 -215 151 95 133 -63 -85 -81 44 11 131 127 -237 
TEST 68 ARG:34 -74 185 -70 -186 222 126 -104 35 14 -108 -19 -182 -60 -18 -201 58 123 -83 -145 -95 96 -132 245 160 191 81 116 -26 -125 188 217 -10 -181 33 10 135 182 -203 -183 208 227 144 19 77 -56 -247 27 87 44 -5 -170 244 -89 167 -84 193 2 -43 149 -22 -248 -97 -148 212 16 15 -142 -30 -42 -202 37 41 -191 248 71 100 -37 22 30 239 151 -88 -47 154 -75 7 -246 -228 117 199 -198 -157 184 -149 -117 -219 -32 -69 205 23 187 -101 -237 -57 89 163 119 95 -141 5 84 -109 -240 -49 236 94 -178 -29 201 -212 -152 218 61 8 235 111 -147 -185 3 -196 106 156 78 -156 4 -154 -215 101 -190 -242 130 249 107 -137 60 -112 -6 -68 57 45 -105 -239 -207 162 50 -100 -11 197 189 80 28 142 40 238 194 38 -250 -131 -144 232 -235 26 -195 -16 -192 114 204 104 42 -31 -59 228 70 195 -63 146 47 -79 -161 -230 -158 -214 -136 -64 165 90 -39 213 -114 -33 138 105 110 63 -174 -180 62 46 127 -127 -163 75 113 -38 -234 -168 221 214 192 177 93 91 140 136 -208 145 -200 -138 -175 -151 1 -7 -238 242 -153 -227 -119 -106 -50 -14 179 73 -162 -188 55 -206 -169 -77 -210 -211 -91 220 -172 13 176 -241 -55 -223 139 -226 -111 -130 59 -71 -48 -1 31 -167 -54 -171 -225 181 -123 207 -36 216 -35 -2 190 49 -87 -23 12 79 86 158 175 88 48 128 -110 157 6 11 -116 -41 -90 -199 24 225 -4 43 -193 109 171 120 -80 183 -115 -155 148 9 53 168 -194 240 -120 143 -86 173 98 152 -243 -164 -134 -204 -221 -52 159 68 129 206 -143 -25 -85 141 -135 -99 99 186 -58 -160 -17 -121 -51 36 -184 122 -82 223 -92 224 -98 108 200 172 72 -166 -21 -78 -45 17 -177 -197 -28 153 102 147 121 169 97 -102 230 -13 174 -233 -73 -222 -159 39 166 -179 -61 198 52 203 155 54 234 180 -103 178 115 51 -15 -124 -67 -81 82 131 74 -146 64 -93 -20 202 -187 -133 247 210 65 241 -107 164 -140 170 -126 -245 229 -27 132 -62 -173 -118 21 -44 124 -34 231 161 -3 150 233 -232 226 -244 -122 -40 243 -53 -94 -65 69 56 -176 -9 103 -205 134 -96 29 67 -66 -218 -165 -139 215 92 32 211 209 -76 -189 -249 76 112 -231 137 -217 -113 -220 196 -150 -8 18 -129 125 83 -229 -12 85 219 -224 25 20 118 246 -216 133 -46 0 -209 -24 -213 -236 66 -128 -72 237 
TEST 69 ARG:196 142 169 -25 -196 -7 105 8 147 -28 -209 249 232 208 185 174 108 -76 -164 -104 98 -86 -138 205 -165 22 -96 -117 73 103 10 -38 159 41 -4 114 -26 54 -126 -150 7 214 -206 -112 245 -107 134 6 -194 141 -156 -193 102 229 -56 -182 -199 -146 -134 28 76 -160 -176 -85 120 -93 90 -59 -223 -90 188 116 43 -249 222 -189 -82 92 109 -149 -44 150 166 149 16 -143 -229 57 -98 223 193 -53 228 -9 122 -151 -52 -63 -218 119 200 -57 32 47 48 -188 -125 117 -179 236 67 180 -163 177 158 38 162 29 138 -42 151 -15 -187 20 -231 -204 -71 -120 -64 19 3 81 -172 -181 -195 15 -83 -152 45 -8 -136 201 -169 27 190 -75 -212 -30 91 227 -34 -177 -77 -55 -129 -3 -224 -168 143 131 36 -184 5 -197 61 139 -205 -250 184 238 224 155 -247 -111 246 153 96 211 240 -122 230 163 -23 60 52 -109 -1 -170 -70 -237 69 209 203 -171 23 -60 140 0 -65 -230 192 -49 -103 -155 34 -174 -81 110 -69 121 129 13 202 14 106 167 59 233 -219 -39 234 132 -6 78 -238 -36 31 183 -178 -91 195 145 26 -40 -74 -135 -227 56 -94 123 -21 -14 82 -173 146 218 -46 -31 63 1 182 -190 127 113 -102 210 -167 -16 49 44 -203 171 216 50 -87 58 94 -140 -43 -5 160 -183 -99 12 11 -234 -147 -185 -115 -97 -108 -20 68 -24 -243 -142 -144 244 40 -214 -54 241 225 -166 -100 18 156 -62 -45 206 157 152 -221 -73 -67 -226 -202 30 -29 -245 4 220 -153 84 124 -159 -225 -162 -79 53 -95 62 -123 101 -17 247 -41 95 161 -127 2 -37 -61 77 -101 33 -18 239 -32 21 -208 135 -22 -228 -11 -121 -51 -124 -68 -240 197 118 89 186 -222 51 199 -118 115 178 -80 -241 187 189 -27 130 136 -210 -119 -148 75 80 35 148 179 111 -248 99 -106 85 -233 -220 175 -13 86 219 -145 -130 -78 213 -35 -33 215 -48 237 55 97 235 221 168 17 -242 -114 207 100 212 191 165 71 83 -10 -12 -116 -110 164 79 -19 -215 87 70 -246 64 -66 198 -211 242 -161 74 -198 42 -180 194 128 -47 -236 172 -50 39 181 -128 -216 176 25 137 88 112 170 144 -207 -235 -217 -2 -200 72 243 -58 217 -213 93 -137 -89 -244 9 24 125 226 173 154 -157 -158 104 -84 -239 37 -131 248 -133 126 231 -192 -154 66 -232 -105 -72 204 -141 -88 -139 -113 -175 -92 65 -201 107 46 -191 -186 133 -132 
TEST 70 ARG:-88 -80 -229 96 -40 -119 208 -216 239 103 220 86 101 244 227 22 -160 248 -220 20 -202 133 243 241 -142 195 -232 -124 75 -116 -47 -68 -65 -102 -126 -237 -177 -156 73 -37 -240 -21 246 -73 157 89 -133 206 84 -100 139 163 146 39 -105 202 24 42 -231 -139 -180 -233 91 117 -140 32 95 -146 228 -57 -246 125 188 216 -111 -227 -244 -209 247 240 -128 -67 -46 -15 -241 27 130 -164 -53 -250 183 198 182 120 97 -199 49 -186 -18 -191 -239 147 161 3 191 1 38 -1 -217 -52 -175 -182 184 170 179 -189 -25 209 100 54 -234 87 104 64 169 -204 181 -181 43 35 65 44 68 -14 -5 -208 11 124 -74 -55 230 187 37 113 79 -127 215 -24 -22 -222 175 -26 128 -206 219 -163 -125 40 165 -143 177 23 -192 -49 59 -151 -195 237 -148 -169 -212 235 -107 -236 -12 -103 -41 116 -120 136 -134 -154 -64 -162 -136 -110 83 236 -153 -48 210 18 107 166 212 98 -69 30 180 62 108 57 150 176 -66 -3 -211 -90 76 152 -194 -248 178 -112 -9 -106 -81 58 88 154 -200 123 74 -214 127 -104 -245 -249 -137 -183 149 21 151 13 34 204 -96 -71 -31 -34 60 -8 203 -87 -115 -173 46 186 -157 -60 -165 94 -168 78 -93 -230 25 17 -59 -196 -238 131 109 -56 -84 85 -243 106 -35 51 5 -92 -161 12 199 15 72 -207 61 -45 200 145 -101 -39 167 77 -210 153 196 -82 -2 194 122 143 -86 56 -33 41 224 0 -79 -23 -77 67 185 -58 -121 -113 -51 -144 112 -141 171 55 -63 10 47 -98 -247 -83 102 14 126 -170 -89 -147 162 249 -205 148 -32 -50 -16 80 189 82 -95 115 33 -235 81 214 -61 -36 -155 231 135 -201 -99 221 158 -117 99 -225 -174 173 144 -149 -221 -76 7 -179 -135 -131 -193 192 -38 2 50 -218 -198 -203 111 -114 142 63 -11 8 -28 -27 -62 9 -242 92 48 190 -123 52 234 245 70 -97 45 -75 -17 -20 -224 218 93 -187 -118 -152 213 -85 -178 -10 217 174 -145 140 -197 53 105 6 134 193 -219 -6 118 -29 -172 -42 -78 129 132 211 141 110 26 -129 -158 121 137 -43 -215 -54 168 -213 -150 -19 -91 232 -167 69 31 233 -70 159 16 172 90 155 -109 36 164 -226 201 -13 -171 229 -228 4 -188 29 -138 119 -184 -130 207 -44 197 -166 222 -176 225 71 -4 -72 -30 28 238 -108 223 -190 -7 114 -159 156 -122 226 -185 66 138 19 160 -94 205 242 -223 -132 
TEST 71 ARG:89 -239 -220 26 3 43 -229 226 -34 235 -15 179 -75 44 121 -56 -3 64 -203 -238 -146 -232 237 160 38 -242 -123 -6 14 -39 143 -103 -221 243 -194 96 49 -134 59 -249 244 -157 246 -191 175 -209 220 -10 -210 -244 -73 172 25 -207 -188 120 -214 -222 78 -155 -17 29 54 -193 95 137 162 -167 238 65 207 -71 127 116 100 -61 163 157 -69 -7 151 200 37 -227 118 10 -231 -12 39 -90 168 -163 132 -246 83 -182 -237 184 -245 -135 -50 50 -49 202 -114 -43 -158 -166 -27 188 -217 80 -138 34 -80 21 99 -156 185 67 130 -46 8 166 -165 221 -37 219 233 60 -186 197 106 85 -35 183 -25 196 -126 -129 195 94 115 -101 -219 -236 117 177 -128 142 245 102 212 -32 72 108 -98 141 88 -79 -30 86 0 -51 -106 155 -64 23 -4 70 178 -23 165 224 -241 -48 -83 -171 -178 76 -60 114 91 -120 98 -204 36 199 181 7 42 205 -105 -139 15 -14 -104 167 129 -16 75 -213 227 180 126 225 186 -38 -192 214 -250 -174 -116 18 -180 56 -140 -160 145 1 -144 156 -248 239 -44 84 -45 12 213 -148 -184 -47 55 234 33 -52 73 6 -99 -179 119 -88 171 31 66 159 -117 -72 201 133 -29 -96 222 22 232 -62 169 77 -233 -136 123 -26 68 -170 92 242 228 -247 204 35 97 215 30 -133 -143 -230 57 -59 -28 110 122 139 5 -93 -197 -218 -152 -2 236 192 47 182 146 -176 -211 231 229 248 -110 -127 173 170 -108 -22 187 87 16 -196 -8 -42 193 -226 -115 69 63 -85 -132 -57 152 27 -58 -92 150 62 -91 -169 -243 -84 -149 -111 223 -89 -168 249 -198 -1 19 11 -19 216 -66 32 45 217 -208 111 13 208 -154 -151 105 46 -100 -225 -215 140 52 -131 148 -124 -153 -76 203 125 71 209 81 176 -228 -164 124 138 190 82 90 103 -40 -235 -147 112 24 -142 -145 -223 -216 -20 -55 -224 74 -11 -36 -54 241 -78 40 -159 113 41 -41 161 -65 191 -190 -82 -201 210 104 -118 -13 -137 109 58 53 135 -5 -109 9 4 17 -185 -189 -172 131 -177 149 -141 -125 211 -86 -119 -102 -187 -18 -161 154 230 -24 -113 144 -107 158 240 -240 -200 -87 -162 -21 -31 -183 -97 -81 -77 153 128 -122 206 -181 -212 -130 -33 134 101 -150 198 20 107 -206 136 -63 -95 51 -94 -199 147 -9 -53 -121 -70 -68 -234 61 174 -112 -74 48 194 28 79 189 -205 -202 218 2 -173 -175 93 247 -67 164 -195 
TEST 72 ARG:42 5 161 229 64 128 77 82 -187 20 -221 -59 -135 -205 -179 -87 145 -123 192 -84 115 127 -193 176 -200 -80 -169 -222 126 -7 140 -197 -112 -38 -225 110 -149 217 -137 16 -213 -175 -147 -47 120 -245 19 -241 206 170 -41 -131 41 124 201 -218 -249 -160 -167 -114 -50 -72 -170 45 12 37 181 60 -240 -145 172 236 -173 58 -188 -191 -212 -35 30 -230 155 -82 -85 93 -5 -65 -75 17 31 -189 157 -54 39 -39 189 -166 -95 -28 -98 -128 -243 118 -105 188 -124 116 69 222 -37 233 -74 -91 87 184 65 -56 27 9 -185 -156 46 180 -18 -40 -53 63 -126 -111 185 167 -115 70 153 -203 -231 52 22 -102 -176 74 -211 35 61 15 -242 -209 -103 -207 -159 -118 -223 -199 -36 -101 -250 -31 133 48 187 -60 112 -2 -104 243 204 -21 10 57 174 66 143 129 85 -198 -217 -33 -79 -138 -73 -6 202 209 169 136 -184 -202 -180 -48 -97 -70 154 173 150 226 249 -24 -119 76 -51 33 -94 -107 -162 98 -148 200 216 7 102 -34 -58 -78 43 122 208 78 -208 -45 -195 -206 -30 245 -247 231 -96 198 -132 113 95 -92 134 168 -76 84 237 29 148 103 244 -151 23 146 162 210 49 165 -144 -69 -239 234 51 -158 97 211 -22 -42 2 -43 -233 -165 179 119 -214 -244 151 94 -194 109 232 47 91 -62 -140 11 73 -110 235 96 -236 56 -228 36 221 223 195 -93 -201 -120 -71 -4 193 -237 -77 -15 -117 175 13 -16 -32 67 158 -146 106 -215 -182 104 -136 132 130 -12 -183 53 238 -81 14 227 -25 -164 -134 -178 24 -121 -141 -227 -46 241 -154 199 -86 219 -88 117 -192 44 -19 -155 194 178 38 212 -226 159 8 -122 100 -106 197 28 -142 50 -100 92 215 -14 -108 71 -23 55 -125 -152 -9 114 88 -55 -89 -63 101 -153 81 135 166 99 -10 240 147 -1 75 -127 -210 242 -116 105 -174 107 239 -3 -150 -139 34 -234 -229 141 -90 171 -113 -8 25 72 -220 190 111 -130 -143 156 -20 -64 4 225 6 -99 -186 -157 -235 -13 163 -224 160 142 90 21 -232 121 -29 62 -133 -238 207 -161 59 164 205 144 -190 139 149 -109 -49 -163 131 80 79 248 -83 -196 1 -204 125 0 -27 -61 -246 -11 40 183 191 -172 182 230 228 -219 -17 -66 214 18 203 123 -67 196 177 83 -44 3 108 152 186 -168 246 -68 213 32 -129 89 138 -181 220 -26 54 247 26 -216 218 -248 -171 68 -52 -57 224 86 -177 137 
TEST 73 ARG:53 -204 76 -149 -250 116 -125 158 55 -54 205 146 120 -50 74 20 244 -195 177 -172 -249 -43 -213 -139 7 -209 178 29 -231 -14 -91 191 90 -72 133 226 171 -106 124 -222 67 111 61 211 -235 106 -110 -146 -86 33 -30 100 123 38 -133 -188 199 167 -214 225 15 208 -219 -58 -113 148 82 155 115 -98 -122 -45 39 -57 163 229 -181 227 -47 242 170 -56 129 -108 27 -224 206 147 -34 -129 152 -216 -111 110 232 -115 -42 103 194 -226 248 -105 47 224 -243 125 -44 209 -49 -59 246 -134 44 -229 202 -221 -40 45 -104 -120 -189 236 156 -179 134 -247 173 26 81 234 180 -28 -74 185 63 174 157 4 132 108 -206 143 31 -101 112 87 -192 -69 196 -35 -173 -200 -215 -109 96 243 -159 198 193 213 -175 75 -53 58 -118 230 -23 19 -154 -230 -92 164 73 114 -147 -164 -94 -135 235 -174 -21 190 102 -178 238 -203 -217 -97 -202 207 145 78 -51 -31 231 77 -193 -166 9 -62 -81 -157 -176 140 136 119 -41 -168 -165 -22 233 -77 -225 -1 -75 -15 -198 -148 -183 -170 142 153 -162 99 -100 212 139 168 -107 137 218 -240 -128 -65 -85 -95 -201 237 104 -46 83 70 18 -87 223 141 215 126 -152 182 118 -88 -211 -63 11 113 240 -233 -238 -18 -102 159 -244 -156 175 97 201 -8 79 -68 122 -248 -96 214 69 -121 162 -199 -196 -84 -234 154 187 219 -205 105 -6 -11 22 -16 -5 71 -10 228 216 57 21 -197 42 249 -64 37 241 35 200 65 -143 60 -38 66 -117 59 40 131 245 92 0 -55 -245 -171 179 -184 -82 -60 204 210 -80 -131 28 -7 -73 -67 220 -150 150 101 -114 172 10 149 36 23 -220 -138 -167 107 181 46 -194 32 217 144 247 56 -223 -207 -227 72 91 184 12 94 -119 -36 195 160 -130 -61 -186 161 2 41 -180 -163 -83 -228 -169 -76 -93 -232 13 -32 -218 -37 -208 169 93 84 -52 -71 -246 -25 89 -90 80 -191 183 -236 -66 151 85 -70 6 -39 -26 24 8 127 -237 -116 -48 95 -2 52 3 -112 192 -141 86 -161 -142 64 -4 203 -19 -103 -124 25 197 -126 -9 -123 -212 -187 -79 121 221 49 -3 166 -242 176 -153 34 -151 -24 1 -99 51 -127 -12 -241 -136 68 -13 -190 109 -182 -89 165 117 -177 239 -145 -144 135 130 -137 222 5 -33 -132 -155 50 48 30 88 43 138 -78 14 98 -20 -210 -185 16 -27 -160 -29 62 54 -17 17 186 -140 188 189 -239 -158 128 
TEST 74 ARG:83 228 171 -54 70 224 -229 87 -230 -184 -121 -235 -115 205 -169 -99 204 -209 237 -163 208 -147 -71 -161 -136 -167 82 -170 140 -114 -148 114 225 9 -164 34 -89 -73 239 242 -24 -11 249 -188 240 -16 -237 14 -146 102 168 62 60 100 69 -218 108 -199 160 -102 -61 124 -110 106 113 235 -242 -193 127 45 -13 19 165 86 -64 91 -105 -183 77 -122 -62 -118 20 200 -112 -133 148 -127 71 197 -187 -140 -36 -207 -97 67 35 54 122 -116 15 153 -27 3 -19 57 -168 66 4 -194 84 189 -186 -241 -151 -77 234 99 131 -215 -79 -154 101 -141 138 -96 -81 -204 -47 -17 42 -7 147 139 227 141 161 -189 -156 206 46 -25 -203 -173 48 0 157 51 -224 -82 -162 184 -46 -182 -212 -143 111 -4 -43 -175 47 2 -106 -128 -91 -216 187 -103 192 -80 78 -45 -83 207 16 63 -87 220 26 -171 -60 170 -57 53 75 176 -196 179 -9 -59 -227 -157 103 -245 226 74 -185 -30 115 212 -33 -78 162 133 95 -95 -239 -131 -177 191 -39 -111 93 119 247 180 5 1 7 -198 -129 -53 -15 44 -213 81 -165 -37 -233 202 -220 -202 231 12 -29 217 18 -134 -192 27 49 -231 -74 -86 245 181 116 196 -137 -84 41 -108 89 -130 134 -48 -35 -174 -190 105 104 -85 195 244 163 167 -55 216 246 17 -153 121 -248 169 110 -56 186 38 -51 -101 -197 -49 -236 211 -191 25 -144 -113 30 -222 -10 -166 -44 -92 -232 55 -195 241 -31 -201 97 215 -22 130 214 112 143 -250 -124 -75 -180 164 194 -152 29 64 -68 193 -179 -23 188 233 128 13 -142 149 33 222 -219 156 -178 79 -1 -159 -5 123 223 185 118 210 -120 -208 159 -40 -246 -93 -12 178 -138 120 158 209 -107 -41 -205 -135 -21 232 -132 -150 -223 -176 -240 -221 151 92 68 36 -14 -158 -211 -244 203 135 125 96 -210 76 -38 109 -98 218 238 -117 -139 -88 98 -8 -109 -125 -226 65 199 -247 219 154 -172 -238 107 -119 -67 80 136 -243 198 10 -63 -20 182 72 -65 6 21 58 -225 50 213 22 155 221 32 28 -90 230 -72 -52 -234 150 -126 236 -94 56 -145 173 61 137 90 85 24 -28 152 174 11 243 -123 31 -69 126 -3 175 117 146 37 -2 -50 59 145 -32 -70 -66 166 -217 -18 73 -155 39 229 88 -34 177 144 40 172 -200 -228 132 -206 -58 -6 -149 -26 94 -214 201 23 -181 -160 52 129 248 43 -249 -76 8 183 -104 -42 142 190 -100 
TEST 75 ARG:-225 55 108 84 -29 -2 -174 -170 24 180 -232 33 -62 189 179 147 128 101 199 -226 -93 -159 -106 162 178 49 133 -134 -176 -136 -97 -203 -37 65 148 -101 -51 112 207 -164 64 -49 220 247 98 225 244 219 197 235 -20 -196 -162 174 -191 35 -239 47 -229 -71 -96 212 -158 163 -41 218 122 184 -139 88 139 221 -249 -80 2 -163 130 -87 -242 17 -25 172 -32 -234 96 92 -146 73 44 -113 185 -127 43 7 144 -222 183 -216 -223 -228 -137 227 -126 52 -135 103 3 -94 -169 -154 -86 -149 -68 -246 -132 -31 -38 153 -70 -13 107 -107 6 143 -63 -178 -138 137 217 -168 157 -54 -53 211 136 -224 -221 206 -3 249 36 1 142 109 -128 -33 -141 -156 75 -102 -165 -59 208 -67 236 159 30 -17 226 -166 -84 131 -52 67 72 -177 110 152 -243 233 -227 -98 -82 -50 -219 194 170 -153 188 93 196 46 -118 198 229 -60 -198 -83 -184 -192 161 -190 22 50 97 61 239 -100 177 -115 -15 91 193 -231 -206 -173 -109 -21 -26 45 169 27 -167 209 173 -99 -250 155 -161 -72 -6 -197 240 126 242 9 12 166 -182 154 134 -73 39 164 -145 165 -131 241 76 16 -108 102 71 167 160 60 4 -58 223 116 -28 176 210 -39 11 135 87 -147 -35 89 -104 -180 -240 213 -75 -57 68 -47 41 90 -160 53 -125 -43 -45 23 156 -74 -215 79 117 -214 -78 214 10 -88 127 -148 85 -204 175 63 -129 -9 -201 74 201 -7 202 248 104 -117 -143 205 -55 -34 -130 129 -119 -76 -14 21 187 168 -230 151 216 -233 195 150 -103 -183 -64 -200 -92 146 -172 42 -81 -202 99 -4 -218 -65 -12 125 -210 81 -157 56 -46 20 -179 -116 -40 77 -8 119 14 -66 105 120 -123 -24 28 -112 -69 -85 141 -185 -142 -124 -152 -95 57 0 -186 -213 29 145 -120 19 -244 111 138 31 186 -151 204 -238 -193 -194 243 -241 113 -245 -61 82 -212 123 -42 182 -209 32 -208 54 -122 -181 -5 59 -44 190 -211 132 -114 83 -220 -30 -187 -77 5 -111 181 -236 -189 78 -105 224 124 -19 -205 18 200 -23 140 230 -144 -89 -27 -217 -121 13 38 94 100 149 191 -1 -18 -90 -248 158 245 115 231 192 -48 -175 -36 232 25 34 -195 80 -11 -16 37 -133 114 238 58 -235 215 -22 -237 171 86 246 70 -207 62 26 -91 51 -247 -140 -79 95 228 -110 -199 203 -56 -10 66 106 -155 121 234 222 237 -150 15 118 48 -171 8 69 -188 40 
TEST 76 ARG:115 -14 165 -146 244 -215 153 -176 -247 84 179 -109 -15 180 213 -165 228 -81 -195 -132 125 -184 181 -222 -89 135 -159 -147 209 -130 -190 20 113 -133 145 89 -53 95 -172 -158 43 -6 140 53 14 208 133 201 187 192 116 -114 99 142 207 183 136 114 -73 -2 -116 -242 169 19 -115 11 166 10 147 146 -229 148 -227 -232 127 62 -36 68 75 220 59 -123 -35 -208 105 81 -199 -134 82 -18 157 -103 30 -106 -153 54 91 188 229 40 2 8 198 -250 -200 -38 248 -5 -228 163 -45 -80 -86 -59 -188 -55 -58 -233 118 96 -205 -70 -194 -33 -11 -213 210 47 -16 -249 63 -61 -43 18 -102 37 48 39 -141 191 -92 50 -22 -240 -93 123 57 55 44 -119 170 -231 74 206 -121 -62 -169 -63 -235 -183 -243 -185 219 -163 97 245 100 13 -98 -34 175 129 247 -108 104 -65 -13 -4 -107 -244 22 155 83 80 -126 218 -168 -179 122 212 230 -128 76 -66 6 98 143 -197 25 93 190 -42 -94 130 167 126 172 26 -17 0 -201 -21 158 -177 138 -149 -142 185 -41 -47 5 51 141 231 -131 -82 -120 -110 69 234 -230 -178 -79 154 -100 85 106 -67 -173 33 -3 78 128 -167 202 -57 -26 119 -78 -60 174 28 241 -180 -203 90 -237 -136 236 61 -238 86 -118 21 -44 -68 -246 237 184 -64 101 4 27 159 -90 16 -186 112 64 -182 -95 168 132 -209 -105 182 -28 131 -193 1 -152 -71 -210 -49 -202 -234 120 42 238 35 176 -88 -248 45 72 -245 -69 -137 -75 111 92 -52 151 227 -226 -27 -23 -56 177 -10 67 41 -206 -127 211 102 137 66 215 -48 32 73 196 -50 152 70 -217 221 -224 -39 -189 52 -77 -84 -140 -85 -51 150 -175 235 15 189 -8 193 -96 -225 3 243 164 -83 -196 -20 162 -211 178 110 -150 -37 -74 -111 -46 -223 216 232 121 173 -24 -241 -220 -198 -104 -221 17 -174 60 161 -143 7 -212 -112 -155 12 240 -145 134 -97 -19 222 23 108 34 -12 -9 -151 149 144 77 -124 -164 117 87 160 -171 -191 -139 -99 29 223 -239 -32 -156 233 24 9 -216 -25 -87 -154 225 217 -218 171 -157 58 -161 242 -207 -1 -135 224 -91 31 226 109 -31 -129 -101 -192 -162 -187 197 -7 88 246 -236 71 -181 79 249 -219 124 199 195 -166 36 -170 107 -29 -214 239 194 94 46 -138 65 186 -204 204 -30 139 -72 214 103 -148 203 49 -40 -144 -125 156 205 -160 -76 200 -54 -117 -122 56 -113 38 
TEST 77 ARG:-238 203 -11 -131 -75 48 -5 213 123 -28 -158 -37 201 -124 -186 -214 -235 234 -119 -111 -105 -154 205 -184 -96 -195 144 175 -202 75 -160 228 49 -155 -43 109 -197 -230 -70 -57 35 -99 -109 129 -77 -132 -183 84 -45 -55 -101 33 62 72 -133 90 113 -142 -21 23 -120 131 248 -220 -225 -189 26 -64 238 -248 120 -148 -168 -18 87 -246 -207 -113 110 -173 218 -188 30 32 -169 206 -185 -221 -25 -38 -193 197 -71 169 -144 -231 -167 -172 191 242 -36 58 -176 -224 -203 -61 -218 150 96 97 207 95 -170 104 181 231 -232 -110 -146 37 -136 202 249 -22 -166 -178 -122 132 -15 3 -222 -200 15 160 245 223 -94 50 -6 171 183 -12 -147 230 -181 170 -44 -194 -171 -87 -90 -63 -98 -210 112 78 168 116 4 235 -88 -198 74 -196 -213 125 -66 71 -104 -117 -211 -135 6 -92 130 108 -228 185 14 221 68 -3 64 -241 124 -40 166 -60 19 136 92 -20 -115 107 240 126 18 -229 -159 134 222 22 190 -35 -240 -13 70 119 142 -243 219 -191 -126 127 -245 -108 8 9 122 -162 24 -145 -47 135 232 66 -114 29 47 7 -223 46 -2 -187 236 -236 155 188 -216 45 -250 -219 -121 -73 -81 -4 -123 86 -205 -151 -128 21 98 -69 -226 115 85 154 -32 -192 -175 247 59 182 77 13 -62 43 173 -16 -127 -26 -174 214 -208 241 212 209 -106 114 101 224 180 151 158 -95 -161 41 39 -212 -83 -215 105 178 167 -112 12 -237 -129 244 -46 10 246 57 17 5 1 121 -17 243 -165 -50 210 -204 -34 161 159 192 229 -134 -177 -76 -89 -217 -179 -141 65 186 82 -233 -72 -150 51 94 176 44 -7 149 193 145 216 -52 -67 -65 -118 157 -82 2 -137 -56 76 -149 81 63 195 -84 189 147 -85 -201 239 148 156 -107 25 89 11 -125 179 -234 -239 52 -42 -49 103 -152 88 143 137 28 -24 117 -86 67 20 31 146 211 187 152 199 226 196 54 -143 -23 165 106 40 73 198 -8 16 153 -48 -54 69 133 -139 -199 -79 -103 -39 100 225 164 172 -157 163 233 118 -244 -180 128 -53 227 80 -100 -41 60 -33 111 -14 0 177 -206 -58 61 27 162 -249 -27 -227 194 42 55 174 200 139 -164 -29 -163 -209 184 -156 38 93 79 -31 99 204 -59 -9 102 138 -93 215 -51 -102 34 237 141 -68 -78 -10 220 -19 -153 -116 -242 -182 83 -80 -190 -1 -74 36 140 56 208 91 -30 -140 53 -138 217 -247 -130 -91 -97 
TEST 78 ARG:-8 -149 -44 -16 157 -24 -66 231 205 -120 135 -71 -144 -162 -6 -249 -159 -213 -211 11 -51 -177 101 113 48 -17 -9 163 -242 -56 -148 17 -79 -147 242 27 16 153 115 196 -189 -220 -103 -160 35 1 127 142 132 114 232 -143 -45 24 -28 -84 208 200 45 193 -155 -106 -46 28 171 88 -178 10 97 -154 41 13 148 54 -134 236 -10 8 23 -183 201 53 -219 -57 116 -114 170 -206 -31 93 -151 191 238 -20 178 175 -81 -228 165 241 86 197 -158 52 199 -233 156 187 138 223 189 -37 -82 89 -141 154 -128 -40 25 60 -127 136 179 68 225 150 -205 -164 107 -41 6 0 -188 143 -94 207 247 177 -176 102 26 211 182 -212 -115 240 147 -152 85 192 -92 -221 -171 214 209 167 104 73 173 -244 -181 110 -29 -39 -129 131 181 -52 195 -174 46 -111 234 121 217 -87 218 229 -75 -91 -194 -197 47 78 188 42 19 -204 69 -182 -85 249 -78 -12 -229 57 -161 9 -100 72 162 44 80 230 -61 169 -54 -68 -184 222 -236 15 -153 -65 -215 20 -173 -73 -130 151 -83 198 245 62 -245 -207 -30 40 -99 172 58 51 137 -240 -95 184 -48 2 -32 -246 -209 -137 -172 -167 -62 213 -93 -96 237 227 164 -136 141 -3 -60 -122 -2 140 202 71 -157 39 98 106 185 -14 -232 -201 -35 -49 65 96 -192 22 -168 -36 -166 -223 243 -247 -101 -234 152 -224 3 -4 -74 203 -140 159 -126 -145 67 228 -86 76 -70 176 220 -243 -218 -76 -113 186 21 -125 -165 -110 -142 5 -239 99 70 92 194 -104 212 -55 81 118 100 144 216 -139 -72 -80 -1 233 -146 119 -170 -50 -33 18 -186 112 38 248 87 -98 -250 -190 122 -133 125 -169 -180 56 246 103 221 33 128 224 244 55 -34 105 -119 -58 50 -238 -214 32 183 -64 -118 215 239 43 -23 59 79 109 -235 123 83 129 160 7 -200 -18 84 -117 -22 75 -196 61 -132 -156 -89 149 210 -59 120 -90 134 -198 -199 -27 -216 -15 -108 235 64 166 -5 -230 168 -97 -208 4 -191 -53 -21 206 -163 -227 -7 -210 -19 -123 -43 30 -107 -69 -187 14 -42 -185 190 12 49 111 -11 -217 -193 204 63 -77 -179 124 -112 226 -26 77 90 -231 -222 -241 95 -102 -138 -63 117 133 130 31 -202 -225 146 -25 -248 158 180 91 -203 -47 139 -109 -121 -67 -88 -38 145 -195 -131 161 37 -124 66 36 82 -237 -135 108 219 -116 -175 -13 -226 -150 74 29 126 174 94 -105 34 155 
TEST 79 ARG:134 -62 222 -54 -5 22 202 38 -174 -156 -171 45 -39 129 88 175 -58 -61 113 -8 78 -30 195 136 -167 -75 245 -225 -211 31 139 -130 -20 157 -161 -71 -69 2 94 -60 203 -118 -114 69 109 -4 246 -120 -90 -44 205 223 -32 -181 90 172 -119 165 -100 -147 201 18 238 -192 -185 -28 53 99 -2 -210 9 -126 -25 -202 51 231 -103 226 26 -207 -148 -221 -76 180 -16 160 186 -15 154 75 97 -179 -224 -127 -48 123 23 39 -223 244 -144 140 -201 122 153 184 -53 177 -249 -172 -74 68 55 133 -129 162 -107 -70 83 -7 -215 232 204 241 118 -248 76 173 -237 179 216 -101 -142 146 -240 21 13 60 -183 3 -81 4 183 -31 -173 -99 -168 214 -116 80 -203 -27 36 -36 181 -153 -155 30 -35 -234 -226 92 193 -38 52 70 185 54 33 -239 0 44 -145 224 137 -135 -22 -97 -206 120 28 194 145 189 63 -242 106 -184 73 -42 -33 207 19 -220 -123 236 229 -13 -63 -57 -209 -14 58 200 -177 -83 116 -84 155 167 -196 -45 -136 -188 100 -235 -159 117 168 -117 -104 -150 124 -149 48 -122 -124 -47 35 81 -154 156 -140 -227 152 234 6 -132 -50 -21 77 71 -228 57 82 -40 -158 59 199 25 -94 15 98 -230 208 150 -141 49 218 112 101 -77 -166 -82 233 -139 10 -232 131 43 -133 -87 -68 34 37 111 61 89 -49 -78 86 62 -189 -73 -229 -186 110 -26 64 -102 161 84 211 119 -195 -67 -131 130 11 158 -233 -222 -115 135 -187 -29 215 -6 -108 -204 -18 114 230 198 235 239 178 132 79 221 248 190 50 -165 -213 240 143 -56 108 -112 -137 5 209 -19 -12 170 91 169 40 29 -128 -86 65 219 104 -175 -34 206 -79 56 47 197 -105 -219 -208 -164 -43 -190 7 -64 67 42 -23 -176 188 -162 96 -37 16 -245 -180 102 87 -200 66 144 164 -205 -138 95 115 107 -121 148 171 -59 149 147 -111 -66 12 -250 93 151 -152 126 -125 227 -218 159 242 -10 -46 41 213 -91 192 -55 -96 -52 -238 141 -246 -163 -134 -89 14 -216 187 -72 -214 249 -193 -98 237 -231 166 -51 27 -113 -241 -160 72 212 20 191 174 228 17 103 182 32 -178 85 -182 128 176 -95 142 -85 -244 -143 -151 127 -11 46 -146 -198 -247 -169 -88 225 -92 74 -24 -212 -236 24 196 -217 -65 -9 -110 -93 -3 -109 -41 -194 121 125 -170 -197 247 -199 210 -191 138 243 105 -243 220 -17 -157 -1 1 8 -106 163 -80 217 
TEST 80 ARG:114 -43 -121 228 101 -103 -118 -149 123 -105 -143 -124 112 210 164 -156 230 161 -135 160 -129 141 154 215 96 -35 166 219 -2 -85 -5 -225 2 -181 -54 182 183 34 -64 192 90 72 -127 -79 188 190 -179 -228 103 -21 119 -240 75 -40 187 152 -68 -191 220 5 -37 156 -182 137 -162 -90 -111 124 -164 232 -13 -3 226 -123 242 -155 225 -107 -188 -14 -137 7 -29 -136 -19 48 107 -72 -83 -138 -61 -217 -89 -80 178 -157 -38 -163 -199 -242 239 -185 197 -41 21 52 -101 117 -69 -206 134 23 206 91 -226 133 121 -236 139 -93 -48 -178 -193 -91 -76 203 -208 -172 -131 -63 -229 20 39 -222 16 120 -210 56 129 -97 -216 -150 71 1 -52 122 -75 167 193 146 126 147 15 -33 -147 174 -47 246 -245 -10 176 189 -59 -205 -159 131 -130 180 76 25 57 216 82 -165 157 83 17 81 181 -190 -214 3 -32 0 -247 -142 -241 -55 -82 -62 -12 -1 -78 -201 -58 148 12 233 -243 -160 92 173 43 38 130 -198 198 -73 29 236 208 -100 194 -176 -94 -74 67 -17 171 -30 247 -249 -104 127 85 217 248 8 201 64 -81 47 55 -122 104 -177 40 32 243 102 -183 -250 35 28 -108 -51 -8 -126 6 -211 168 -39 -86 -197 128 93 51 -49 79 241 136 11 -233 -246 -31 -146 244 -25 207 202 80 -202 -114 223 27 224 116 151 54 -180 204 -26 -230 66 -144 -133 -173 13 -53 -237 238 -175 -18 -187 -56 69 -192 240 -24 -141 -227 143 213 100 -195 65 -65 -167 218 222 165 -234 36 -70 -87 -112 -132 87 245 97 -224 88 -23 -128 235 -95 62 -140 -218 -7 115 -153 78 162 31 177 -248 -151 118 -169 138 -212 106 14 -67 -71 -186 59 186 199 159 84 -28 -203 -42 145 -134 -184 229 9 -92 -189 227 -244 195 -106 -213 68 125 -204 -154 -115 200 -117 18 234 140 144 184 179 -4 135 -77 -221 26 109 -231 -207 -152 99 46 89 98 249 53 49 -45 -50 153 -235 -16 -168 45 4 -239 149 -34 -99 -84 -209 -9 74 -6 -145 -44 132 -148 -200 -57 -46 10 170 24 -20 237 44 -215 214 209 -232 172 -60 22 -22 73 -139 -116 -120 150 -110 -238 -36 -66 42 -161 -119 113 -11 86 -196 61 105 -15 58 30 37 -113 63 212 -98 -170 -219 70 108 205 94 -102 -88 110 221 -220 211 -109 -27 19 185 -166 175 -171 95 -125 -174 111 158 169 196 -96 163 33 142 -158 77 231 191 -223 155 50 60 -194 41 
TEST 81 ARG:-212 228 200 101 212 236 -50 -141 -123 -175 -242 -60 -227 -241 85 -13 135 -96 -235 -169 -154 190 143 183 152 -1 136 144 109 13 -234 -113 45 -49 -151 -191 150 -82 -131 -89 224 141 60 -226 -109 119 112 -216 -36 187 -39 -206 -116 155 -125 -237 180 223 50 -248 -170 -121 -48 -54 75 244 202 81 -230 -92 -71 -202 237 -161 53 175 4 -145 34 138 17 243 82 181 147 -115 -52 -12 42 -245 172 -139 -140 -205 -155 -7 235 71 -150 107 -198 229 -210 210 78 23 -209 216 -84 126 -110 83 -106 206 -152 -122 7 -183 -24 73 -9 -223 -102 -166 -11 -75 -221 -69 146 -76 171 114 160 131 97 174 -47 41 30 178 -59 124 184 -182 -188 233 -240 -236 84 217 -94 -32 120 8 -208 -128 77 -218 -45 94 215 -181 11 196 96 -35 -142 -204 -111 148 158 37 -105 -65 204 49 -174 -164 -147 129 -27 102 -42 -211 231 -79 67 -2 -61 191 -244 249 145 240 12 2 -14 192 -167 108 -118 79 -199 -29 118 -28 -162 115 -21 154 32 22 -98 -196 140 33 -185 -148 -133 -25 132 -195 99 18 6 -134 -250 29 27 -178 -104 20 179 43 61 -187 39 -33 -143 56 130 239 -197 70 -5 -95 16 -43 248 113 98 91 161 -90 234 -78 185 164 -81 142 68 103 54 80 213 47 122 -229 90 72 186 86 -238 188 168 -168 151 -23 3 -107 242 211 55 -189 -165 -40 -124 -63 219 166 -55 176 -58 -85 -184 36 35 230 -68 14 -231 57 227 134 221 214 88 182 157 232 -100 226 93 15 -224 -97 -101 -239 -99 -70 -77 163 -10 100 -228 -213 63 46 1 222 -38 117 220 -173 31 40 26 69 209 -172 246 -30 -108 -22 173 10 149 -249 -17 21 139 -26 -157 44 -112 153 5 -103 48 197 -126 238 -156 38 -171 -149 121 74 -86 -233 -130 207 -34 -243 52 -129 225 -53 -67 169 137 208 -20 -87 -159 -146 -220 127 -180 -138 -15 193 9 -46 194 58 198 -225 -232 -219 -93 -114 123 76 28 -190 -37 170 247 110 -66 65 -207 -136 104 201 245 64 59 95 105 218 89 -31 -193 195 -135 167 -201 -153 203 -62 -51 -144 189 66 -247 -203 128 -137 51 -73 -194 116 -192 87 156 -72 -6 -246 -19 -222 111 19 177 -57 241 -200 25 159 -44 -117 -176 -158 199 165 62 -91 162 -18 24 -127 106 -179 -217 -163 -177 -41 -132 -119 -8 -88 133 -56 -186 -215 -74 -16 0 -120 92 -160 -3 -64 205 -83 -80 125 -214 -4 
TEST 82 ARG:-112 -204 157 153 -15 -225 -66 -222 151 -206 -220 176 -209 71 -45 -17 -195 -44 28 -117 -75 -133 187 169 43 -38 -69 -249 -176 58 88 89 103 129 125 -70 -216 -181 14 218 -98 -32 161 59 -86 131 54 -134 241 -245 121 -115 -97 -233 22 -23 96 213 -198 168 236 -80 -121 152 -78 -211 109 199 -21 68 -212 -91 -177 208 -93 237 25 35 243 83 -219 192 126 98 0 -79 214 205 -158 44 -71 -162 -46 -124 113 -167 4 -54 232 146 116 117 197 -180 220 137 -184 149 94 52 -18 202 -72 -57 141 204 -142 -3 13 101 31 49 235 3 -144 133 -214 62 102 -77 77 184 -96 147 -14 -137 -250 63 90 132 19 -55 -154 20 -33 128 174 170 158 -92 -60 228 -20 166 24 51 61 -163 118 -146 -192 57 138 134 -145 -104 -82 26 7 212 17 240 -34 -190 -148 219 12 67 182 -229 247 -203 33 -217 -103 183 -43 34 120 156 -143 107 -215 -90 217 85 15 163 -218 74 21 -63 -193 227 -244 -234 -246 93 -230 144 -149 -22 -175 69 -83 143 -5 -182 -30 230 165 -185 -166 -135 -196 178 -156 -128 100 135 191 -74 78 92 122 -241 -247 -7 -243 -242 186 -2 -24 110 6 66 195 -108 18 37 -106 -179 -237 60 108 -210 200 226 -68 70 142 234 -10 -56 87 79 193 -136 38 -31 136 -116 -131 -205 -110 -200 -171 -207 -159 2 -155 -139 48 -235 105 145 -169 -36 -138 194 154 65 175 139 111 -120 203 -238 73 76 -122 47 27 159 -73 -224 171 -153 179 -150 -51 -27 -4 -161 -101 -53 64 -160 188 173 -19 -202 82 190 224 249 30 -26 -140 -168 245 209 -228 123 -201 244 130 53 -132 222 210 50 242 -88 -152 -239 -109 221 -1 -178 119 -64 -39 -157 -129 91 -208 -41 -236 248 -147 -49 1 11 32 86 -50 -47 72 -118 9 -52 211 -126 -227 -172 -248 127 -231 215 -187 223 -173 185 246 -25 8 -113 -29 46 81 -240 -151 -6 -67 172 40 225 -199 140 -13 -102 -141 207 148 -130 180 -183 238 216 -16 -197 29 -11 -87 -125 229 -189 95 5 189 97 106 -107 10 -127 42 -48 239 -62 84 -28 115 55 80 104 -111 -223 -226 75 23 -8 160 36 164 112 196 114 -213 -174 201 99 -105 -165 150 -59 181 -61 -191 -81 56 -119 124 41 -94 -85 -123 -100 -99 198 39 233 -84 -194 -76 231 -114 -12 162 -89 -221 155 206 -58 167 16 -232 -186 -164 -35 -37 -9 -170 -65 -40 -42 -188 45 177 -95 
TEST 83 ARG:-170 211 42 -193 17 149 -7 -99 226 94 -247 27 -12 -172 121 158 187 41 -162 -183 216 148 -175 51 -238 203 163 -223 83 75 -204 -165 14 -160 -53 184 176 -195 40 -131 -17 -34 -48 76 110 25 -194 60 -144 189 -248 -201 -8 70 92 192 -59 77 -232 37 -63 206 24 -157 20 -107 238 217 -67 212 130 74 -61 -196 181 -62 147 62 -222 -66 -116 -108 -246 -250 -121 11 66 68 -72 -161 154 -58 -212 -239 -113 29 -226 55 -125 171 -81 46 -225 240 -124 85 195 188 -77 -43 -79 7 -185 -140 73 -52 193 52 141 114 -153 9 -210 -206 -75 59 200 -69 -197 -208 196 136 -134 81 -36 247 117 -44 120 78 -26 -214 -128 -35 -94 -117 219 165 -189 -186 -24 -101 48 -166 -102 191 -9 -192 152 142 -18 -14 -28 159 102 162 -25 127 -167 43 244 108 175 -32 -164 -152 174 -233 -159 -203 -227 236 34 -10 -198 -103 172 201 4 47 204 -207 -215 -97 113 -90 135 -190 -4 145 -174 87 -171 -106 -127 210 -120 133 -182 -133 -96 134 38 3 -200 -105 -243 80 45 223 -3 -22 -21 -184 63 -132 -221 207 -123 12 -126 -23 90 26 -78 -39 50 186 124 -244 -245 -150 155 -236 -56 -202 228 67 241 -218 -109 -228 225 21 -30 -242 234 126 106 56 -241 100 -240 235 31 -27 -181 151 -74 -38 -80 57 231 249 109 132 -104 -45 -220 -199 -111 243 -155 116 179 -110 119 98 -46 -60 101 -42 16 -11 -213 221 -158 164 -31 105 -71 185 220 -231 53 -211 -219 104 -146 -1 125 111 173 -151 205 89 -148 209 -168 19 215 -100 6 -249 218 -169 -33 169 93 61 224 -209 -64 -65 202 -83 -180 -173 88 -230 -88 49 229 123 -114 -20 13 -19 -178 -54 -89 112 -141 138 2 71 143 -37 -176 -68 153 36 -93 166 177 129 -188 -13 -91 -177 -15 -40 -137 -205 -154 84 -156 183 5 -163 178 242 28 161 -187 232 194 54 -143 23 208 -2 -5 170 -145 -234 -112 18 65 79 150 139 233 -235 180 -49 190 -84 -51 -92 122 -224 213 -98 -95 168 -115 -82 64 -179 10 -85 22 -47 198 156 -87 58 97 -16 -119 197 248 -149 167 160 -118 199 72 -217 115 -86 -50 -76 222 -122 -136 214 107 230 99 182 15 44 96 -229 -147 39 -55 118 -130 -129 -237 30 -191 128 -216 91 131 1 0 103 86 -70 -57 -41 -135 82 -29 -73 246 237 8 227 137 32 33 245 -142 35 -138 144 -139 146 69 95 239 -6 140 157 
TEST 84 ARG:-230 165 -159 118 -141 217 101 71 -242 54 91 18 75 37 -149 197 -85 115 44 -28 140 182 171 -146 -173 -171 176 105 -104 98 210 28 -10 240 -39 -224 143 213 -113 136 -109 195 186 40 -18 131 201 196 22 -114 19 -142 -250 -64 -147 -45 8 164 -58 80 -211 151 -56 191 -11 244 14 -227 -65 -164 -116 219 -228 -167 -157 -35 78 32 -168 138 185 215 -229 158 183 -73 167 -215 -90 233 -101 -180 26 -178 -247 -246 -216 -170 -54 -191 198 -96 -125 127 7 227 89 -156 -138 -49 -57 -37 168 -79 30 74 161 211 10 94 -145 -212 -91 -6 221 144 124 -179 -36 -74 249 -52 50 -196 110 -130 -182 204 36 -87 35 241 -95 148 187 155 -190 -92 172 24 180 202 145 -163 -50 -193 102 85 -160 226 142 73 108 -63 3 220 103 169 189 -43 188 -185 93 -34 237 -124 -61 -19 200 -210 -222 17 -88 178 -172 146 -239 228 -93 -192 -14 -119 66 -32 -38 -129 235 59 -209 69 13 206 -174 181 72 -231 -177 -86 -154 -22 51 154 45 -189 -134 -186 135 121 218 -195 -33 -16 88 99 -4 -3 -243 -158 -133 -5 29 -80 20 -94 -55 114 -97 -66 247 -20 -249 -197 205 152 81 -126 95 -225 -71 107 4 -72 -194 -136 -236 -150 -17 207 163 222 177 -248 -21 -53 70 246 120 -221 109 -188 128 -204 -220 96 -237 -226 77 229 -245 58 90 125 224 117 225 -162 -27 68 92 -135 84 16 -78 -233 132 216 38 46 -98 162 209 150 41 9 208 179 -238 -12 -206 -23 -51 248 -120 15 -76 130 57 113 48 212 153 -200 -218 -30 133 239 -89 33 173 -121 104 193 39 -2 -235 25 87 -46 245 236 159 -144 -31 27 -232 23 214 -1 -81 203 67 -7 -107 -123 -205 83 -115 -217 141 -214 -44 232 -148 116 139 62 55 -207 -127 170 76 -202 129 175 -47 11 -169 97 -103 56 -151 -161 -244 234 123 47 -152 -106 -201 86 21 52 -75 106 -110 -198 -82 -24 242 231 -112 -84 -70 174 122 53 137 12 -139 -183 -41 194 -241 0 -165 -132 -69 -153 -13 -184 63 -208 -223 -122 -131 -140 223 -102 -199 190 -166 184 -118 79 119 -15 -25 -137 -128 199 43 65 1 -213 60 -77 61 147 34 126 -26 100 160 42 -108 -9 -105 -8 238 149 230 -83 -40 82 -48 192 -62 -59 111 -240 112 64 243 -203 -100 157 -187 -29 -219 49 -175 -181 166 6 -60 -176 -111 -117 31 2 -68 -42 156 -234 134 -99 -143 -67 -155 5 
TEST 85 ARG:-170 -46 -18 3 196 39 -123 134 -236 -24 239 -87 -155 111 -19 152 209 32 -112 161 167 19 -76 -150 -177 130 160 197 180 -94 172 -21 44 -243 141 95 113 112 -226 -63 176 110 128 230 -57 -129 65 103 -36 0 -217 226 -2 -148 121 210 -3 15 -42 207 168 -144 -9 -14 -183 -158 -53 -62 -103 -194 -190 -51 221 -139 -67 47 244 -191 -111 -60 237 -161 -98 -5 72 87 -246 -179 120 173 171 165 129 -96 97 119 166 93 204 -114 125 235 223 4 -17 -56 -166 17 187 61 -30 177 -136 217 2 -65 -88 1 -188 81 150 64 -125 -196 227 67 14 53 13 66 79 -41 -99 179 -95 142 18 -50 -73 106 224 -101 215 60 202 -189 -71 78 -59 -209 195 -157 25 -146 59 -91 206 188 -86 -28 16 76 193 163 -7 -25 -162 -154 -149 -97 236 -117 157 -115 131 11 -68 -82 -219 199 -34 -90 68 -37 -75 107 91 -23 -200 -220 191 248 -202 175 62 -212 -11 -93 6 -31 -27 41 -171 -198 31 104 -165 -233 88 184 136 71 -206 -49 -247 123 -176 203 -169 -118 231 198 -234 -184 219 -214 -80 127 135 -12 42 145 -100 -204 -54 139 -175 -13 -213 40 -245 37 -66 169 156 63 -126 225 74 -135 -89 186 -107 80 -104 -160 84 -134 54 -55 155 212 92 -78 83 -222 117 7 -145 -47 -26 99 181 -241 38 -132 -227 -238 -120 -121 208 105 -210 30 -147 102 158 -127 9 245 100 170 115 242 -35 243 5 151 -69 -153 -119 -181 58 28 218 143 154 -124 108 232 85 189 -232 182 -29 -168 213 12 122 138 -84 27 220 -244 -216 -224 -92 -10 109 21 -225 77 -16 -195 140 124 75 148 -239 116 35 -163 57 -140 -235 222 56 240 238 -249 49 229 194 101 55 -223 29 234 -74 216 -133 -72 -205 249 -102 24 -113 -197 -137 46 247 -240 69 -116 -164 -208 178 -52 43 -192 200 -122 -48 233 153 -105 -20 -22 26 34 -229 -32 -8 114 149 -83 241 -172 185 -4 23 36 -248 -64 48 -131 -79 -230 -201 8 -110 82 98 45 -182 144 -152 -193 -215 214 50 -43 -231 -39 -15 51 126 -128 -141 -61 -38 137 118 -1 -242 90 -237 183 -40 -33 164 89 146 -143 190 174 -186 -180 -109 -203 -207 -130 -167 211 -173 52 70 246 10 -178 -211 -199 -228 -108 147 -77 96 -81 -221 -6 94 -70 162 -218 -138 201 159 -151 20 205 -174 -58 192 -185 -187 -106 -159 73 -142 -45 22 -156 86 33 133 228 -250 -44 132 -85 
TEST 86 ARG:-100 -23 109 34 -201 123 89 71 -29 -153 218 166 96 1 104 -155 -64 162 -35 -149 196 41 -187 -159 239 187 -38 8 223 -115 -129 131 21 72 -107 227 -207 -98 -234 -176 -177 125 -165 -181 65 -96 -91 -203 -152 117 -48 22 84 -164 -172 -247 213 249 12 194 114 190 -21 243 -195 -19 -16 -1 -119 200 -218 236 -249 -209 -180 63 60 150 163 202 192 138 152 67 160 -36 -139 146 -141 75 74 165 -210 135 216 58 -88 136 -120 182 59 -196 70 -163 207 -55 -110 -244 130 215 238 36 -214 181 38 55 94 97 -7 151 186 139 25 -58 -228 -26 11 -140 -67 179 -9 214 -208 143 -240 -212 -93 69 26 -22 -90 226 103 81 13 222 62 -185 201 149 -60 -84 -145 -222 191 54 -6 127 10 -28 -150 99 -189 156 211 78 -194 -237 -17 -33 113 225 107 -213 -118 -25 29 119 -130 -95 -8 124 -49 -161 -192 33 229 -134 -85 -56 -13 174 -186 -184 -69 -219 -217 128 37 -143 -5 176 -79 -246 51 -160 -156 111 56 -66 185 -233 -242 116 246 210 -77 -198 217 228 -70 -32 -4 -121 -11 155 248 31 -31 -37 14 -46 -170 -157 -99 -112 158 -171 -179 -87 -15 -238 240 -138 -73 -211 177 153 -183 -239 -54 197 -43 -135 233 169 -72 203 -10 -197 -113 23 -173 -151 -83 39 221 18 -123 -50 122 144 -71 -169 -75 -158 82 73 -117 -126 108 157 -162 80 -62 88 101 90 -199 -248 -250 -53 118 19 -40 -127 100 129 79 85 27 134 -236 -231 -76 -226 -14 -200 199 -106 234 142 -63 -80 188 -216 141 -190 -103 92 219 112 -148 16 -227 -205 -215 115 -61 6 209 76 220 -86 212 50 -225 -97 91 30 28 -220 198 -20 -174 -116 137 61 64 -114 224 -41 110 -188 247 206 -111 184 83 -133 -18 -109 -154 180 47 -147 43 -230 9 52 -104 105 -223 172 93 -59 208 -243 -89 -144 -65 7 231 5 -27 -132 24 245 2 -124 244 -142 -82 133 242 -146 189 3 -229 175 -105 -42 235 4 167 -136 48 -166 232 -245 140 120 -51 -182 -221 -74 40 -24 170 -94 126 168 -81 132 -34 159 -68 195 171 68 161 -137 154 -57 49 -102 -128 87 148 -167 -30 145 44 -224 147 -2 17 241 66 95 -44 -202 -191 46 -92 86 193 183 -232 20 57 204 205 -108 -39 0 -131 -122 -78 -235 -241 102 121 53 -125 -12 -178 -52 45 -175 106 173 178 -3 15 32 -193 42 -101 -206 -47 164 230 -168 -204 35 237 -45 77 98 
TEST 87 ARG:-50 -163 -23 65 143 -136 197 78 122 -172 229 56 104 31 244 -68 -43 223 52 -227 -169 -15 -149 28 246 166 156 8 -233 73 -12 127 205 -7 -105 63 -178 33 -207 -27 85 54 -137 146 32 -160 -197 249 -109 -234 169 -201 154 -58 62 239 -174 -71 -235 -34 183 206 -74 -232 236 164 126 -57 107 -119 99 -229 12 -19 -67 230 148 -142 118 -216 192 176 158 174 -128 116 215 -17 -221 162 11 -186 -2 139 204 46 9 -215 -138 145 -158 37 -87 221 -195 -11 -1 238 -76 -203 -35 -139 -85 42 -156 -124 -166 -214 -183 -224 188 220 241 115 213 101 103 161 -209 -108 -40 136 -238 -42 -240 -131 110 95 170 -72 -217 105 224 -101 -51 179 -28 51 -152 -249 -60 39 -77 20 87 -177 -155 -88 125 80 15 68 34 -90 -62 -193 109 153 -239 227 191 177 -244 185 106 218 -26 -66 -250 -188 64 233 43 210 -13 -32 -29 108 -25 -95 -191 0 -127 -20 -210 -18 3 49 -154 -241 124 71 83 30 102 16 6 200 120 -129 190 152 226 -47 -96 173 -39 -41 159 138 186 -31 144 -184 18 92 130 -231 196 198 240 -94 -98 5 53 -78 81 149 -16 -200 -189 -187 66 36 128 57 -73 123 76 17 -89 -130 -228 -91 -79 21 -107 -48 -225 -69 -148 61 189 225 26 -141 167 35 184 203 -83 187 121 129 -181 231 -245 -153 14 88 -55 -14 -33 -80 77 -132 -135 165 -237 -44 55 -115 -194 40 -168 -36 10 243 -220 -54 181 -190 202 -145 -171 -3 137 13 -204 27 93 24 -157 97 -70 207 -75 -175 29 199 201 151 94 -84 -5 -165 -143 134 -61 48 114 -30 140 4 175 -117 -93 155 172 -9 -82 -196 -150 -205 141 -134 -10 -202 -167 160 -6 79 -52 228 -100 -182 -213 -192 248 96 180 -230 74 -198 91 234 90 -222 -223 -242 45 -64 82 -102 69 209 50 -218 25 -86 -248 -123 -120 75 -126 135 -219 -22 60 163 44 211 208 217 131 -161 70 -116 -125 47 41 -37 119 -97 86 38 -106 -46 -162 84 22 -133 193 -65 89 216 -164 -173 98 -49 -63 -180 -110 112 23 -99 -236 -243 -53 -140 113 -206 -92 195 245 -21 242 -211 -114 157 111 2 -199 142 72 232 -226 58 -159 59 -81 7 -118 -246 -144 -103 -24 -146 219 -8 -179 -112 182 171 -185 247 194 222 117 -45 132 237 -147 214 235 -59 -4 -122 100 -170 -208 212 168 178 -111 67 -56 -38 150 -104 -212 147 -176 -247 19 -151 133 -121 -113 1 
TEST 88 ARG:199 124 18 -23 -34 -32 69 -203 -102 22 -22 -71 244 -239 99 178 121 -36 -64 41 -85 19 97 16 -87 -116 -91 21 38 -127 -216 2 247 207 72 -123 -11 223 146 239 57 52 76 98 39 81 130 125 -113 -238 -77 66 233 122 188 -209 -54 240 -47 209 -226 48 175 -195 104 86 -233 140 216 210 89 161 -80 -112 105 -98 85 49 112 -155 204 127 -248 235 87 -232 -93 -73 -192 -21 -164 -97 33 110 -114 -81 -1 94 115 -184 -250 -222 103 221 96 68 -228 -109 -128 156 189 15 -149 -147 -101 190 -8 -92 142 -124 200 -53 50 -247 93 67 27 37 234 -74 -200 198 -4 245 106 -140 158 136 -174 51 4 75 10 -131 205 -218 -72 191 249 159 91 9 -211 -51 78 71 14 -151 -160 -159 -150 -67 174 -167 -171 -212 168 -121 201 -129 95 150 43 232 -130 -46 -120 -249 -18 65 227 36 7 -62 147 -122 83 225 -225 193 203 211 47 -37 -88 -33 -241 145 73 0 117 143 -235 230 62 108 -66 6 -142 -107 59 163 170 -179 -89 -136 107 237 -26 -20 132 -35 153 217 -207 -132 238 3 -172 119 246 134 -16 206 29 30 28 -83 144 77 -165 25 -135 -181 -141 46 32 194 56 226 151 -57 42 -158 -153 31 157 231 101 -237 218 -40 -100 135 220 -65 242 -5 -78 -186 20 184 215 -126 -204 229 11 -215 -224 -182 54 236 129 162 -9 -221 -190 -133 -94 -75 17 -146 202 -99 131 -105 -134 24 248 166 -68 -206 -25 -17 -169 -188 165 80 213 -104 -12 -213 -227 -176 70 -43 212 154 63 243 167 -217 123 13 -96 -7 -2 -110 -38 219 -118 241 113 185 -214 187 -15 -220 84 186 -28 171 109 208 -219 -185 -103 118 -143 -210 -175 181 -69 40 -156 -187 12 120 -170 164 34 -199 152 128 -229 -148 -144 -29 111 -243 92 -95 192 195 -45 138 176 -240 -208 173 -202 64 60 55 -39 100 -125 45 -41 -196 116 -223 -27 -6 -183 -63 5 -154 -205 137 126 224 -119 183 -191 -166 222 79 -234 -90 -173 -157 -3 197 82 160 -244 -61 -14 -13 -50 -197 172 -58 -86 -193 139 74 -117 -106 26 90 148 -79 228 -30 -139 141 -19 196 -137 -49 -31 -145 -177 149 -178 169 61 -138 1 -189 -230 -60 -201 -152 -82 88 53 114 155 -84 179 -161 -59 -115 180 -48 -180 -245 -162 102 -24 58 -163 214 133 -246 -108 -52 -70 177 182 35 -231 -111 -168 -10 -56 -236 -198 23 -242 -76 -194 8 -44 -55 -42 44 
TEST 89 ARG:-192 -223 77 2 -63 238 23 106 114 -42 -92 45 247 99 244 -33 -130 -224 231 16 209 39 151 96 -30 -77 -110 69 138 225 51 -199 -145 -120 212 120 131 -135 -180 35 -191 47 -106 -140 -247 5 -151 -99 166 -239 -45 -108 -73 -94 223 196 -131 -195 -244 -125 197 -57 -187 -150 -113 -51 -69 -85 -162 -31 -15 181 200 76 230 -143 63 -245 -215 121 -41 -32 -78 13 14 -168 -107 -7 -61 218 -134 227 117 37 126 -139 86 -147 61 -9 15 191 -16 -242 31 185 -49 -1 143 98 -18 -126 176 -40 -74 217 -153 163 -3 -80 -233 82 -71 87 -234 44 -19 92 183 28 -65 -90 -122 -29 102 -119 -104 -149 208 -174 -208 65 -64 -14 -221 125 146 -240 -203 67 9 -236 169 -83 -4 40 -218 104 -170 -100 38 -205 -202 8 -219 -13 59 -133 132 42 -138 145 -238 -118 224 -103 68 4 177 -185 33 134 -127 12 203 156 -76 29 18 57 -226 135 -70 110 -53 -81 -204 -171 226 -186 -89 79 127 -72 119 192 -56 81 -12 58 -246 -231 -183 -88 219 -96 60 -116 -102 -39 -164 160 198 -20 240 -44 -121 -27 -48 49 95 -167 180 52 -225 -66 89 -23 -178 74 -172 -112 113 249 -229 -154 -146 50 -243 148 48 -128 80 -159 168 236 10 -177 -25 -142 -216 147 -62 78 175 -248 -173 -217 -55 -194 75 -86 221 234 64 170 56 214 -155 66 235 54 122 -10 -84 213 167 -59 232 -26 140 171 -47 157 149 195 -249 228 25 115 112 -2 -241 142 -235 -228 158 62 46 243 7 178 107 -5 202 11 88 3 -197 174 -111 -37 -144 -196 153 173 184 70 94 211 -250 26 222 -46 41 -75 43 90 -34 152 1 91 -60 139 -8 34 32 -22 -6 -68 -230 162 93 -52 -184 -209 -190 27 182 -24 229 19 -36 -91 -124 111 165 -198 -58 -213 72 6 -152 -87 -166 85 -98 -210 -193 155 194 -67 141 -28 30 -163 164 -156 -176 187 -189 -175 241 -206 55 -123 -50 -141 101 159 -82 123 215 -157 71 136 -237 -201 186 105 84 216 -101 20 -114 199 -148 -11 150 -181 -137 36 -132 207 83 129 206 108 -97 239 233 -165 179 -129 -179 -188 204 -93 -79 154 -211 210 -109 -220 -21 22 -212 -222 -207 -35 205 118 -160 -117 21 245 237 103 -158 193 137 97 -161 17 -136 -227 -105 201 -115 -182 144 248 188 133 246 -43 242 220 24 -95 -169 116 -232 189 128 124 -54 172 -17 190 -200 130 -214 73 -38 53 0 109 161 100 
TEST 90 ARG:-113 -213 -242 -217 116 37 157 -160 24 206 -15 -47 215 -14 1 207 72 58 159 -104 121 62 -4 165 -214 -239 -221 160 -191 -228 41 222 248 34 -97 -46 26 97 -100 -198 29 -11 5 -143 153 176 179 -69 -52 164 -126 -9 -145 -245 -140 -76 -71 42 -170 -200 99 211 -27 43 -34 148 225 -114 -1 183 -88 -70 93 -20 155 -222 -120 -12 112 126 -138 -115 226 132 209 -206 6 128 68 -33 143 -45 120 54 -54 27 -64 227 87 213 -177 -197 -41 -230 91 -218 124 -144 -79 -183 236 -43 161 18 -125 -150 -30 167 81 -172 -248 228 -180 -243 -194 -155 -189 -38 -247 -89 102 -95 -240 -205 -203 223 -226 171 140 169 129 -178 15 -123 -90 -207 101 56 133 -5 60 3 -224 13 -39 221 219 145 218 144 200 -212 -8 -10 135 -133 122 -148 -6 198 194 -56 -195 33 -159 119 156 214 130 245 185 94 -84 31 -80 19 73 -105 -61 45 -32 -57 -16 2 84 152 -165 168 32 -44 -241 16 -118 83 -102 -166 -175 -164 192 -141 -235 139 22 96 127 247 186 -35 -60 210 65 -49 -19 104 63 -124 -99 55 149 -196 -119 -208 -246 -77 114 -7 -238 21 49 79 82 -231 52 -227 -146 -215 -111 217 -116 -87 137 180 239 202 238 -234 191 53 -107 -23 78 -225 20 -192 25 117 -85 184 216 203 220 123 201 177 89 35 90 107 189 -73 -82 188 66 23 231 244 -236 -74 -17 -121 -169 172 46 -83 -13 230 28 40 197 -151 -173 85 -193 187 67 134 30 158 -190 -22 -110 77 -50 -167 61 -250 98 -131 -237 142 -188 -142 -112 -25 -29 -135 -132 146 246 233 7 138 170 76 181 -3 14 0 229 4 10 -48 162 -28 -55 -176 109 166 196 57 199 136 -162 -78 242 -187 106 -171 -51 50 -158 -58 -108 190 8 -65 150 -72 -134 -249 -136 -161 -184 -211 -59 151 118 -244 -37 -209 -122 147 193 -92 243 51 -147 -139 -86 -179 -98 -127 241 -93 -182 44 12 -185 -117 75 -149 113 -91 11 -210 95 48 9 17 235 -31 74 -163 -220 -232 -103 -216 -42 -202 -40 -199 -130 141 -137 195 -223 64 115 131 175 110 -2 59 -26 -233 38 173 204 100 -129 -67 -66 -96 71 80 224 103 -128 88 -68 -154 234 125 240 47 -201 -106 -219 -156 86 -204 178 108 -62 -152 105 174 36 -53 -63 69 92 -36 -81 212 154 -24 -153 -75 -157 39 70 205 -18 208 -174 163 237 249 -101 -21 111 -168 -109 -181 -94 232 -186 182 -229 
TEST 91 ARG:-29 -231 12 236 185 -113 96 -118 191 -245 -33 -61 217 -105 -85 5 -147 53 134 230 -101 152 84 32 201 194 -197 52 93 197 -173 228 -72 75 -138 -207 -54 -168 -154 -106 30 -195 175 69 -10 155 -209 172 110 -184 4 187 -240 16 -137 154 10 -39 202 -83 139 94 145 -55 116 -11 -4 104 42 146 148 -87 -24 -125 -143 -217 92 -14 -20 -222 207 -32 211 -9 215 -100 -129 184 -170 18 -128 141 -223 120 183 -241 -73 -144 -88 81 122 -7 -189 -149 58 -46 66 -221 182 25 -227 198 -25 -153 11 210 -18 51 98 26 62 61 -155 6 -75 -139 85 -78 -45 238 -17 133 -164 17 218 -156 37 -31 -62 189 -229 223 50 -243 231 -43 86 78 239 -121 242 -140 -22 204 -250 -132 -28 -97 115 221 -3 186 43 245 23 222 -95 74 158 -172 -6 -171 -237 -102 -185 -158 240 -44 -8 -69 -219 -66 48 206 196 -186 -148 -93 54 20 15 162 -81 214 -178 157 -82 166 101 -205 -19 -134 95 179 63 -5 21 243 -108 -133 -110 -70 87 106 135 156 89 1 -103 2 -47 229 -52 -163 213 225 237 203 67 -13 -174 149 -238 -90 199 -119 -91 64 -63 -30 -122 177 -41 -86 -60 60 103 -208 90 -188 -37 136 150 31 -226 -199 -235 -215 -23 178 36 76 -36 121 190 -131 241 65 -141 -2 -159 192 118 -192 82 -247 125 -127 -77 -123 -165 -71 19 111 107 209 68 -218 79 234 -157 119 -183 99 123 -210 188 200 -21 -98 -104 167 -48 126 71 219 -99 235 180 -151 -74 -169 216 208 227 163 -179 -126 248 176 24 -58 226 160 -38 -236 28 128 -42 -146 13 -51 -64 -94 -161 -117 -228 102 -107 244 -211 -239 147 170 164 27 159 -16 -160 124 59 73 -225 -233 -249 -190 -152 -167 173 -220 144 -196 39 77 -114 -89 -27 220 117 -65 195 -145 -166 161 -56 212 -12 132 47 -15 233 232 142 -80 -216 34 29 91 -112 -234 205 3 -120 -201 0 -68 -116 -202 -187 -142 105 -135 44 168 130 249 -212 247 -191 -130 -150 138 -136 -175 -182 129 56 -194 -203 41 49 38 55 7 -200 246 151 -224 100 -181 -1 113 -180 -96 -177 137 -176 83 -57 127 112 -92 80 174 140 181 -35 -59 -206 14 -124 -84 40 143 -193 72 171 -213 153 -49 224 22 109 -67 -111 -79 -34 108 169 57 -244 165 -248 70 88 193 -214 -26 46 -53 -204 -76 131 114 -115 -230 -109 -242 -246 8 -40 35 45 -50 -232 -198 -162 33 97 9 
TEST 92 ARG:-75 -7 87 -153 -36 -247 -147 -72 -82 123 160 -201 196 -150 156 143 27 -76 -86 -123 -66 -234 23 231 171 81 199 -136 41 101 108 34 -156 200 212 -248 1 201 175 -202 -42 -196 -117 -85 245 -113 42 116 -239 0 241 -129 32 104 -34 -67 -127 -125 119 45 -90 -195 -58 -157 -212 -190 -91 238 -98 -132 24 174 220 -17 78 -13 -194 -116 86 -165 -221 -24 232 -106 53 38 134 -99 -192 -74 136 244 106 7 202 -46 102 188 129 -53 39 49 -152 135 -39 208 -54 -69 -33 -96 -217 28 -226 -84 -142 236 -170 141 114 182 -70 -134 65 -2 194 100 -199 -122 -186 150 173 -146 -68 204 -112 99 -246 219 79 -104 235 214 172 -111 126 186 9 -167 -49 -230 -48 -131 40 234 -179 120 -110 48 -204 209 -63 -126 -29 -180 -21 -154 115 -6 -27 159 -11 243 71 -37 82 -44 -81 10 218 -236 -60 149 152 164 117 -31 -15 76 -102 89 6 223 -35 -238 -47 -141 -181 -124 -169 -145 -176 -185 -97 -250 -8 14 -242 247 -79 -22 -55 190 85 37 -77 -218 -197 206 -178 -243 146 -233 113 84 127 107 -155 191 -103 233 19 66 -16 103 80 -205 5 -5 137 -135 -57 90 -121 -9 36 154 240 -51 -149 144 128 216 -187 96 12 148 215 -80 -138 43 -235 -182 -120 26 -73 -108 180 -189 176 -222 -140 -1 72 -208 210 30 -65 -210 222 166 15 -164 239 153 68 -101 198 -228 246 211 16 151 248 -93 167 229 125 2 -26 -209 -223 -128 -78 133 -61 -95 169 -41 139 192 185 -244 -240 -231 189 177 -193 -163 -18 98 124 145 165 147 -207 -160 -216 162 -158 -105 140 110 193 224 -241 -92 -43 142 138 57 -203 70 -38 168 20 109 21 -89 -214 181 54 -175 155 -94 -232 163 -172 -139 25 203 130 228 -174 -12 -133 -10 -151 -206 -143 -64 -14 112 225 -144 -183 226 -162 -20 8 227 -219 -215 184 -32 97 11 -56 132 158 -211 213 4 -166 221 -115 -109 -137 18 -148 -100 205 92 178 -107 121 -213 -177 -168 69 17 170 161 -249 -130 -28 55 -3 -40 -19 -25 73 88 13 -227 -225 -4 -188 -237 31 60 242 122 -171 -220 29 -52 -173 51 187 61 -83 93 58 63 157 249 118 -200 -159 131 22 -184 195 -198 -45 -50 52 67 179 64 62 91 -71 183 74 -191 -245 217 33 83 44 230 -62 -114 197 -23 50 111 56 95 207 -224 -118 77 -161 -30 105 46 -119 -87 47 -88 59 3 94 -229 35 237 75 -59 
TEST 93 ARG:207 -3 -94 246 72 -194 155 161 18 -100 59 173 209 126 -111 -85 -197 73 78 -238 -207 -69 220 80 194 32 -180 -20 222 -211 22 -181 -47 87 113 -106 76 -27 204 25 146 112 -241 41 -91 -18 -200 -122 -162 190 68 -84 -133 151 19 213 103 -72 -117 -6 -187 -108 -64 -201 -159 -221 142 124 116 -224 -58 -1 104 -74 -153 176 40 -88 -158 186 199 -203 128 -225 3 131 249 102 -110 82 -143 11 226 -56 -140 150 -248 -166 -23 96 35 137 140 197 200 -93 -118 -156 -145 221 -216 -199 107 -196 153 38 85 -29 63 198 -182 125 -136 -97 244 164 232 239 -105 181 -7 -195 89 193 6 123 7 160 46 -2 -127 14 -109 -164 201 183 31 5 -48 -149 245 247 39 -144 -131 159 -114 119 163 74 106 -141 1 188 -75 174 -8 -243 26 -169 -119 86 192 -49 -205 -11 -247 162 156 233 -137 47 -160 -17 -213 -188 -103 90 45 -242 60 -165 -170 -34 77 138 234 -61 -73 58 147 216 243 196 157 109 134 -186 -95 217 180 -138 195 227 182 133 -193 54 0 -135 -14 228 -178 -239 148 -190 33 108 -202 -234 -155 -107 -65 -179 -222 79 -26 91 30 -126 240 24 -157 101 177 170 17 9 -161 210 4 110 179 169 167 -123 225 115 229 44 211 230 -129 71 97 238 8 -39 -55 -210 -198 56 -70 -96 21 212 -24 15 -67 27 -217 -71 -206 66 48 -77 -82 203 -83 172 165 94 55 -204 99 -215 -90 -5 69 -78 -240 -208 -35 -37 -214 -132 -22 -28 -80 98 -125 -220 -41 -146 191 -124 -142 12 -87 135 -112 -21 -173 -50 -79 -81 29 132 -227 -9 208 -104 -171 189 -172 -154 185 88 143 -191 139 -246 -226 2 171 248 -54 -38 -16 -233 51 237 206 -101 -230 -45 178 -59 49 70 -236 -212 129 -218 83 120 214 -43 -40 -148 -89 92 184 -183 -163 154 -42 -30 -231 42 -66 -192 -134 219 145 100 218 -44 -19 52 -235 202 -63 53 168 34 -139 175 187 -57 -10 -102 236 166 215 235 43 28 -60 -189 -98 -32 223 -209 -250 -229 -150 -175 122 10 117 231 20 -151 -116 144 -4 95 205 105 64 61 62 -147 -31 65 -184 37 121 -185 36 -121 84 81 -15 114 -228 -249 57 118 -12 242 158 -167 241 130 -86 -244 50 -13 127 224 -168 -68 -52 -152 -25 111 -36 -232 -174 16 67 -53 -120 -176 -99 -115 -223 -33 -245 141 -51 -128 152 75 -62 -219 -76 -130 -177 93 -46 -92 136 -237 13 -113 149 23 
TEST 94 ARG:-93 -42 -53 -228 36 13 -247 -70 3 15 -134 7 42 126 -77 203 85 106 -47 37 80 66 -166 174 -163 -63 -81 226 90 -31 -8 -76 -199 -121 -243 128 -61 64 -92 -10 -236 33 -38 -197 161 201 -82 175 231 123 -122 -192 165 84 217 239 149 -241 171 154 -245 -106 -104 -214 -215 -201 229 101 -177 -73 24 152 177 -52 -3 182 131 82 -221 50 57 194 -161 147 118 -17 -75 143 188 -180 -46 25 -230 -171 197 -224 -130 119 46 121 87 34 60 -164 -173 248 -235 162 -49 92 -28 -227 -149 -152 -135 76 169 144 160 -14 115 211 205 -231 -40 -35 198 97 -60 -217 139 -150 -142 -116 136 68 31 -156 -83 166 108 -125 -138 -19 249 -250 179 -5 180 0 246 40 224 -107 -26 138 49 -96 -80 156 -165 107 -176 -237 -4 -67 -184 -205 113 -62 99 150 -90 96 215 -114 -123 202 -66 -59 -211 247 200 168 141 -50 -13 185 -21 238 235 116 181 245 9 17 -102 145 241 -162 -209 -225 183 -139 39 -181 176 -154 -213 -32 -109 -110 173 -97 -11 199 -137 -101 -68 -91 213 -157 -58 214 242 -246 -78 189 -145 -239 28 -55 -219 -1 18 -140 206 -24 114 81 -48 -119 48 -191 -41 104 -136 75 228 178 -94 55 63 62 223 120 38 91 -198 30 -172 -188 -155 -98 -118 86 35 -39 230 -120 -105 129 21 236 -2 -248 151 72 -170 23 -95 41 44 54 -207 127 148 -226 208 79 124 -189 67 -54 20 -74 191 -148 122 -37 159 -23 -51 -129 -7 -182 11 -206 -146 244 -203 -131 164 204 -229 -36 -6 -174 -99 -15 -86 -175 -218 -187 -108 -185 -223 227 47 193 210 195 -168 78 -179 -178 220 158 216 29 53 94 -210 -44 184 -112 52 212 -238 22 232 207 93 8 -127 153 105 -208 146 -12 -204 10 222 134 132 -159 74 1 16 -113 192 98 -216 -89 5 2 117 170 190 27 130 112 -57 -144 -111 218 -20 89 -244 -84 100 -186 -71 187 -65 -100 140 -87 12 -69 186 167 -30 -43 45 209 155 -85 -233 32 19 -242 -220 51 243 95 43 59 234 88 125 157 -169 -22 109 -124 -222 -167 -64 -128 172 70 -158 -193 142 -88 102 225 -200 -183 83 111 -45 -143 -232 -34 133 237 -160 77 73 -147 103 137 4 219 -132 -27 -196 -18 69 -249 -212 6 135 -29 61 -202 196 -25 -9 -56 -234 -194 -151 -117 14 -115 -16 -141 -72 71 233 -195 -133 110 65 -103 -79 -190 56 240 -33 221 26 58 163 -153 -240 -126 
TEST 95 ARG:234 66 135 -51 -250 161 163 212 179 48 -68 122 18 -165 -159 -66 21 165 -23 22 31 -191 175 -141 65 246 -205 184 -187 40 194 71 -212 23 233 178 33 217 -78 -232 100 168 -41 115 124 -151 149 -117 -119 222 218 -4 -55 -13 69 189 197 -134 -169 98 145 49 -130 8 198 80 38 183 70 -144 24 203 20 112 107 50 26 -133 -160 -208 27 228 -18 -115 -214 -198 -95 238 -118 -210 -46 159 -91 244 -71 -80 236 -111 110 152 136 34 -125 -53 -164 -225 114 -62 30 -73 -238 -16 210 -152 -69 -196 -171 -2 -195 195 90 193 -156 15 -201 141 162 -167 216 150 174 -166 -150 -132 -22 -217 -36 -3 -88 -218 97 2 -239 -42 85 185 -197 76 60 52 -189 -103 139 105 187 87 78 -173 -104 200 -82 83 94 239 -243 -24 -90 148 -153 -57 242 -131 209 75 -37 -110 176 35 -194 77 -58 155 247 92 113 -246 44 -123 166 151 134 -6 -40 -237 91 -25 120 56 -85 -236 -61 -215 -79 -147 -199 -168 182 0 -29 -60 191 -1 119 -105 207 6 89 118 -140 -235 229 -190 129 95 -226 -109 -99 -227 -9 220 -100 43 140 -70 -54 -223 196 -28 169 190 158 -19 160 63 -52 -202 -43 192 99 -12 16 -172 -135 -154 -27 54 -76 53 -72 -31 67 -10 62 82 -216 47 74 -200 128 57 -149 170 -97 -143 -74 -102 -219 146 64 106 -137 -213 41 -248 7 -129 -98 156 -126 -220 -127 -84 177 101 -33 -182 -158 -185 25 -64 -17 -163 -86 164 171 -45 -162 -108 -63 -8 -179 167 213 -106 137 68 -224 96 -178 -139 240 10 -120 -181 42 -59 -50 -183 19 102 -101 132 -32 61 45 241 214 237 -38 88 -65 -176 -204 11 -30 -170 -161 -175 226 -177 224 206 -203 188 -221 154 -136 -148 -192 -193 -174 138 227 126 -180 153 199 36 -145 1 59 180 -209 125 -184 -241 -233 -186 173 208 -114 -94 248 28 186 -207 -157 -96 -75 58 -56 202 -242 144 29 79 86 9 104 72 73 93 111 103 231 -5 13 223 -112 -121 -138 108 172 -116 -15 121 215 -7 46 116 -83 -244 -230 211 -87 225 -222 -92 123 -240 232 143 4 -228 -142 245 127 -35 -11 -146 -81 -128 -124 221 -21 133 230 147 -155 -39 81 37 -26 -188 -89 -231 -249 -47 3 -247 -44 204 142 -113 -211 12 -234 -245 109 131 181 201 -122 39 130 -14 157 14 55 -229 205 243 -48 -20 -93 219 -77 117 32 5 235 -206 -67 -49 -34 -107 84 249 17 51 
TEST 96 ARG:176 -183 222 -136 242 -129 -151 85 -212 153 6 -147 195 -178 5 2 27 -215 -225 29 -103 -203 -226 -34 -79 139 82 -208 -111 3 221 135 -146 24 88 188 80 -217 -12 164 183 -3 152 -233 207 -207 15 -8 192 -231 -154 -50 -186 170 -14 75 21 219 -232 151 120 -93 200 104 245 -200 224 117 58 -80 114 -209 -241 130 122 102 -237 -54 -243 68 -192 48 -156 25 -29 -137 128 45 -205 -163 179 -9 213 -37 210 16 202 -176 212 -6 -195 64 -249 -168 -44 -1 -92 -158 90 214 220 105 173 107 -239 -38 100 227 -171 193 -58 94 -213 -18 -48 235 20 140 -5 35 -82 -35 121 177 127 -26 -2 -124 65 -7 239 -46 247 83 159 53 10 186 189 145 -166 -139 12 -245 230 168 98 67 215 62 -143 41 171 -75 14 -97 204 -69 -49 -128 -190 -52 201 206 172 7 -157 -197 -199 126 -105 138 46 91 -130 -4 52 -235 148 119 -16 -140 -198 108 66 124 -153 -211 191 233 226 -11 -216 194 -148 154 -22 155 -174 56 216 237 142 -17 228 -221 86 -78 49 1 -135 141 -76 -240 181 -101 225 190 -62 115 -179 146 -96 -77 244 161 -41 -43 73 205 208 175 -24 81 157 -145 -31 -28 -84 150 50 156 -201 -100 143 231 61 -56 -121 -114 -47 144 36 -202 -94 167 -133 23 -53 63 -138 -220 -175 -127 51 131 -123 147 -224 -109 32 162 -104 -229 246 182 42 -86 203 187 -108 33 -88 -189 -27 28 -246 -15 -19 137 -99 -55 -117 -227 -64 -112 185 0 -61 -185 180 -218 -20 241 240 169 101 -159 236 -40 -214 -98 -25 -91 -30 -177 166 74 123 149 178 92 -152 26 95 -23 -39 106 -234 -149 -113 -81 184 -169 -120 209 -187 -122 97 -242 8 -250 229 18 -110 -247 -132 -131 163 -10 -210 -74 34 -150 47 -223 -222 -90 132 110 -164 174 -73 76 111 69 -125 -184 -63 116 78 93 -67 -196 38 -165 22 -142 196 -70 -206 -134 223 199 113 238 234 -66 96 -244 -65 -167 70 -106 19 30 -193 197 133 232 59 31 37 89 -36 -42 -230 -45 -238 249 60 -160 -141 -60 -51 -194 79 -87 -219 -155 129 198 77 -95 84 -119 103 11 -83 -85 -89 17 -172 125 160 -102 -33 -191 136 -13 118 57 217 -236 248 211 40 -57 -248 13 71 54 -71 4 -180 39 218 72 -204 -32 -182 99 -126 112 -115 -162 9 -72 158 243 -107 55 -21 134 109 -116 44 -181 -188 -68 -228 -118 -161 87 165 -170 -173 -59 43 -144 
TEST 97 ARG:37 -170 182 112 -23 59 -89 49 211 90 125 1 50 169 -243 -158 177 122 -248 192 -233 -41 -104 -107 218 160 102 128 47 -176 99 31 -35 224 -167 240 42 -63 45 243 -231 71 38 235 214 -103 9 29 -116 164 65 -191 230 151 -134 -118 -138 -10 119 -225 166 -61 198 83 88 4 -224 -149 57 161 -124 153 100 66 -13 -38 200 -102 -17 93 121 -227 -237 -87 -121 227 86 -147 15 -69 242 -20 170 -236 201 -235 175 35 116 2 117 -6 -204 -114 -54 -148 -180 -46 64 30 -215 163 -14 -29 144 -57 -31 -78 -3 -229 141 -208 -84 189 -185 -179 191 173 136 -142 80 40 -146 10 221 133 -201 6 -80 -88 145 67 215 46 -119 -216 -129 -157 -171 87 -105 -11 -34 94 -190 -4 -60 -189 124 48 -90 207 -39 -50 -70 194 -168 -22 -230 202 148 84 -220 -222 222 -194 241 129 -1 -197 -130 55 143 -68 -101 -207 -218 193 -151 156 236 91 -108 -2 89 -26 206 -91 114 75 -155 -51 -25 56 18 120 19 -43 -122 41 -109 -234 12 60 81 -64 195 -184 -210 -48 -192 17 101 -177 -139 217 110 -59 -40 -131 20 -245 138 179 155 135 -27 244 82 228 152 -120 204 -73 -115 -97 -174 76 -111 -163 54 97 154 -140 -223 74 208 -141 26 174 162 106 85 232 149 131 -226 188 -67 158 171 -214 210 180 -44 159 -244 186 -110 139 248 70 -128 -199 -144 223 -9 39 185 -196 -62 219 -166 -30 -86 -36 -32 238 -212 108 28 -99 -106 63 -193 167 -53 142 -45 -219 -249 25 -205 -169 -232 203 -19 -95 134 226 -21 -112 190 -49 -71 -160 16 -126 53 -100 34 -7 79 -242 -250 -240 130 107 181 52 229 3 -143 -83 32 -82 239 127 -211 77 -239 184 7 -246 44 -79 24 -117 -75 -137 -209 -125 216 -77 245 115 231 -206 -164 -72 5 -145 233 -217 246 -188 137 36 0 -33 -181 178 14 -66 62 -127 68 103 13 -187 234 146 -65 -85 237 -213 -113 -203 -200 78 23 -42 -52 183 -165 -186 -92 -12 176 27 209 -56 126 105 11 109 -247 -156 205 -37 132 165 -55 21 -24 172 72 51 -238 -152 197 -133 -93 249 -150 -96 -161 123 -76 -5 -173 -98 168 33 -159 -28 -94 111 -136 147 -198 -162 43 118 140 95 -195 196 -58 -135 -202 -154 96 -8 157 61 -221 73 -74 8 -241 225 58 -172 113 69 220 -123 -18 -178 -153 -47 -228 -175 -15 92 -183 -132 187 213 98 150 22 247 -182 -81 212 104 -16 199 
TEST 98 ARG:-182 -55 1 -124 221 75 18 53 -153 91 172 235 4 -49 208 -151 177 -103 104 -98 -43 22 60 -117 236 -126 136 -185 -42 242 -191 150 -210 176 -27 121 -190 -209 21 26 -110 106 129 -63 -238 248 9 120 -139 175 159 217 -92 -61 -16 189 62 17 -221 55 42 -29 -152 2 171 -194 64 -14 -123 8 -28 50 89 95 178 -53 -192 229 206 11 20 -80 -95 90 44 -26 110 -216 -111 140 109 168 183 114 70 66 -146 56 240 -5 -138 161 58 -212 123 125 124 -228 -6 -8 209 -71 -141 -109 -189 -94 -140 -41 -176 -18 -184 -108 -120 100 -128 -240 198 -20 -107 -156 3 -168 132 195 48 -145 201 166 233 219 -237 -246 -134 127 99 51 93 191 138 -183 -115 105 230 -2 237 -97 -85 -178 -79 -100 -202 -181 -187 139 -157 79 -205 16 6 207 -13 -30 -114 -121 27 -229 -7 -129 -40 153 -133 -222 61 -66 -203 25 -31 -198 128 12 94 -223 15 5 245 -96 14 24 188 158 69 227 -50 29 133 -149 -125 -232 -52 39 -200 -147 46 199 210 -37 -3 -11 187 155 -127 -106 -104 -35 160 118 -220 68 216 -173 -142 96 224 119 228 -60 181 204 -82 -231 86 -38 249 211 -1 41 213 238 -217 147 -44 -144 -24 -72 -243 -177 193 -162 -208 -135 115 -58 -130 -68 185 -57 -9 -34 -51 108 -164 -69 19 -23 -99 7 -154 131 -87 -47 -33 -90 83 -46 92 -76 23 10 -167 45 98 -233 -136 80 63 32 247 -65 192 -193 -242 -64 -25 142 179 112 -137 73 -207 -158 135 154 231 -10 244 34 -17 -186 222 -22 54 -84 43 200 141 77 31 225 144 -131 47 -12 -247 -244 -105 -235 -206 -83 -93 78 162 76 226 165 246 -211 -199 -248 214 -195 36 -4 49 -32 0 -239 169 82 -172 81 -132 180 97 -175 85 -174 -81 -39 40 -56 -67 -148 52 130 -163 -77 101 -171 -201 117 167 -88 -166 65 -73 -19 170 107 186 164 202 -15 -241 -219 126 -101 13 116 -215 -75 184 74 71 -155 -213 -218 173 -165 174 234 -159 -102 111 35 151 33 -74 197 113 215 38 -78 67 212 203 28 -122 -113 84 -196 122 -89 -118 205 241 -161 -214 87 88 -226 194 220 182 -245 -119 -48 -169 163 -45 -204 -180 -227 -91 146 152 145 -236 -197 -21 30 -62 -70 72 57 103 -143 -59 -225 -150 102 232 -188 -249 -36 -54 239 157 137 223 196 148 243 134 218 -160 -224 -170 -116 -234 59 37 149 -230 143 -179 -250 -86 -112 156 190 
TEST 99 ARG:89 7 244 83 -156 207 -37 -247 225 241 23 -51 114 169 238 -10 200 143 121 193 -163 -40 -104 233 -214 51 0 -65 -73 211 -70 217 171 -66 -136 -121 -126 26 -164 9 -53 -196 76 61 -5 86 249 -198 -4 37 -135 5 -97 -152 -75 -142 188 74 -131 -81 47 -221 -236 133 100 -60 -171 148 -242 -203 183 73 57 123 -212 115 8 84 75 -46 -200 -3 -222 -102 198 -128 -9 48 13 -100 -103 -229 185 11 -183 -42 119 152 -195 -80 10 -220 -57 -159 -21 240 -119 92 190 212 -110 -95 -153 -238 -61 -188 -145 -55 -111 184 -165 -127 -115 -1 -134 -125 -2 -49 227 -116 134 -137 142 -240 127 182 59 196 -184 113 145 55 -187 -194 -50 181 -197 141 -213 208 175 -244 -20 -168 229 -169 -209 -243 118 215 -8 218 154 157 -122 -96 236 102 125 -118 176 -105 139 245 197 -246 40 204 -26 -180 -63 -45 -176 111 201 -228 122 -72 110 -64 82 34 30 -7 46 39 -87 129 144 -14 242 20 -139 -157 158 -161 -41 209 -210 -88 -67 124 -216 2 -22 -219 42 88 -123 -56 52 155 112 186 -35 -18 19 159 -248 -33 131 -32 170 -69 -29 -79 234 -211 35 206 -150 116 -31 -140 101 80 220 4 109 -148 -82 -112 203 194 120 228 -107 180 -133 -199 -89 -241 108 239 -202 -201 -149 173 -205 -84 -27 95 -48 -141 63 6 -179 -227 18 70 90 -178 -147 -225 -68 -39 -23 50 -30 153 -83 -146 67 -208 -101 -177 -62 128 165 -91 -59 62 222 168 -175 -172 -17 -138 137 32 -94 33 246 -12 140 -38 219 -154 -218 221 56 205 103 -162 66 136 -193 -185 27 248 60 25 117 187 -117 -217 105 -235 174 -15 172 179 -155 149 161 235 192 21 -6 22 -98 -186 -124 213 195 12 43 230 65 160 -58 -16 -109 -47 156 -34 107 79 191 72 -170 53 -166 -143 -234 202 -174 -215 29 38 -44 177 -189 77 -114 -206 28 147 -76 94 -233 -223 -90 87 135 150 247 -207 36 -99 104 -108 -192 -245 71 54 45 199 -129 -173 -151 -190 -182 -106 97 162 -158 -191 -144 -54 69 -230 1 -224 237 24 -231 -74 15 132 -71 99 3 146 243 -120 68 -167 16 216 96 151 -77 -232 166 210 17 231 167 -78 44 -85 91 -226 -237 163 58 -130 -28 189 -92 93 64 178 -250 14 41 -160 232 -113 223 -86 81 138 49 -43 -13 -36 226 -249 -25 224 -52 -11 -93 -239 -19 164 85 -132 -181 31 106 -24 214 130 98 78 -204 126 
TEST 100 ARG:124 142 49 -154 8 -116 -68 176 -192 -105 -77 -71 178 -26 82 -103 -175 60 -162 -219 -202 -93 -32 223 -174 61 -112 -40 79 35 -36 -115 -172 89 195 -69 240 39 -66 74 -212 150 28 129 -67 183 -59 40 205 -228 91 90 226 121 -7 -79 -248 229 -188 152 196 -240 179 23 136 -169 -157 -85 -131 130 -61 -3 94 -208 234 -110 -89 77 170 207 56 26 -127 237 -139 -92 221 -78 -35 135 -49 -31 53 118 -227 -206 48 -247 -55 177 185 -75 -196 151 47 -146 93 181 -186 100 -50 -236 -56 -183 -230 141 120 180 -42 -143 -48 -117 214 32 -8 18 -151 -184 -132 -160 -239 5 144 20 186 138 -104 -166 147 -234 -190 143 -246 54 212 2 224 -231 42 134 211 45 27 245 -155 -195 164 78 97 -51 -158 247 -101 -179 -153 64 -63 -168 188 204 -118 -74 -114 -109 -185 225 -25 149 210 -241 182 -187 232 -170 -23 159 -152 133 154 -108 -38 -145 15 -94 233 14 6 -44 -106 -217 37 171 -224 193 -163 -86 -111 -120 -97 86 -205 30 -125 59 239 62 -134 173 160 65 187 213 -176 -203 -221 235 140 153 137 -225 -57 63 -82 -137 -180 230 168 231 -5 84 -64 -129 50 -119 244 215 70 209 -80 -191 -126 172 52 109 85 75 155 169 191 107 -222 36 228 192 -37 -250 9 110 41 103 167 73 158 199 246 99 -199 -2 -238 -181 208 -91 -53 108 -237 201 81 71 -39 -10 -226 148 -189 242 220 156 -150 -148 4 -24 -122 106 98 -73 -249 -15 113 190 165 -12 -9 -45 -214 -83 -165 128 -142 216 -84 131 125 -43 -197 105 -72 -136 -204 -167 166 161 -102 -198 200 119 -216 -17 126 24 -244 -223 -159 88 55 -242 189 69 -141 123 222 -133 -235 21 -22 -147 11 101 -29 115 102 96 146 3 -113 -41 -243 -107 219 -130 57 -178 -100 162 -177 95 -21 116 -138 92 139 -220 83 -135 238 34 -6 -95 25 -149 198 -171 -96 112 194 -28 206 -18 29 -1 -213 -65 -99 217 10 -121 46 0 227 -52 -98 -19 -81 -156 22 -13 249 127 -201 132 104 175 122 -34 58 -14 -233 -173 243 19 80 -200 -20 -54 76 67 87 -46 203 -124 72 -209 -33 145 -123 163 197 -193 -207 117 -218 248 -60 -128 218 -47 -88 -245 -210 -58 43 111 12 17 13 66 184 68 -140 -164 -194 -229 7 174 241 44 -70 -161 -90 1 -30 -215 114 38 31 -16 -11 16 -4 -62 -232 -76 236 33 202 -211 -27 -182 -144 157 -87 51 
TEST 101 ARG:-62 -88 234 221 -136 -129 175 2 -47 -105 -142 193 72 67 -110 -199 76 -225 -201 -100 -102 154 55 153 -70 134 147 -145 -194 43 29 -166 95 177 237 41 -239 112 -220 -42 -118 -2 -205 -80 225 -59 46 62 202 192 157 174 207 22 88 137 139 -135 -140 -223 -189 214 -122 209 26 84 97 44 -20 215 152 238 -77 13 24 -132 33 -113 -241 156 184 -8 19 -68 172 10 -191 -128 -96 -54 -143 195 99 -236 -210 -218 -248 119 243 -24 173 178 89 -203 213 232 -155 -249 20 -185 114 -163 -33 239 -130 240 179 -90 -121 245 228 8 120 197 -187 -71 -63 54 -215 136 107 236 -160 9 148 -29 231 73 -26 -120 150 49 142 182 56 -150 194 -11 -78 -127 204 230 -200 37 60 212 15 16 -216 145 98 -7 109 18 -124 -164 -56 249 85 36 42 -76 185 -138 59 -21 138 233 127 -125 -46 190 -147 39 165 -64 1 -123 -32 -79 -104 -212 -44 -12 -75 63 191 203 -17 -18 34 25 0 -228 -28 -137 -231 38 86 -221 93 -86 -211 -139 68 133 -101 131 -219 92 -43 159 -154 -49 -67 90 78 -156 -98 155 110 -162 -179 -170 27 23 -114 -41 170 -183 50 45 -60 146 -23 -174 169 -40 -230 -50 -237 241 32 104 -209 -10 -181 -53 -168 242 196 -176 91 -126 216 -217 -167 123 140 -115 160 121 141 205 94 -5 100 -51 -16 -119 79 -177 52 48 -190 218 198 -117 -58 -37 -93 -25 -92 -152 -192 -74 135 -111 166 248 210 151 -206 105 126 108 -15 118 -85 6 -61 115 181 -247 3 51 164 -144 -97 -38 -214 47 -151 -245 -207 71 189 -148 -57 5 117 77 217 200 -31 -22 186 246 -182 -146 -1 -131 -171 -141 211 244 81 7 -165 31 -66 21 -30 124 -94 -198 -27 183 -234 149 -87 -213 -178 122 -45 167 180 -232 61 -3 -36 11 125 -99 -159 40 83 176 -81 -224 74 -186 82 -106 -84 4 -65 -240 101 -116 -153 -48 222 -39 -175 69 96 -180 -243 57 -95 -83 -109 80 229 220 219 143 102 64 171 -229 65 -9 168 -202 247 -19 223 -195 206 66 -69 -52 -35 162 -158 199 106 208 -184 201 87 226 -72 187 -188 -204 -173 28 30 129 53 -238 -222 -208 -14 163 70 -227 -82 -103 -172 -161 -112 -196 132 -233 -55 14 17 35 144 -242 235 -149 -89 -244 12 -91 -169 -134 -73 -193 161 58 128 158 130 103 111 224 -250 -107 188 -197 -226 116 -6 -108 227 -133 113 -157 -4 -34 -235 -246 75 -13 
TEST 102 ARG:-56 16 -98 -87 -73 -200 -217 247 146 -49 163 -96 -132 138 -210 -194 -233 137 -44 -65 -144 140 228 159 19 -5 -190 -17 5 52 -53 -167 40 -186 -135 -168 61 90 -70 -27 101 -82 -189 -137 74 237 -97 220 43 112 -195 7 -193 -180 120 -234 28 239 82 -203 176 -51 15 103 -81 -69 172 -157 -52 128 -39 189 147 174 201 115 -95 91 48 67 -227 -152 -155 -131 206 -248 -125 129 190 -165 -207 240 -244 55 10 -245 6 204 45 -116 85 -106 97 -15 -146 151 36 -218 -161 118 21 99 -211 -104 -122 -59 -31 105 205 -225 -77 153 -151 -14 51 142 117 -145 -198 -26 171 148 -72 165 191 203 108 141 168 73 -35 149 229 -109 -46 -24 246 -249 57 41 35 66 131 215 -90 180 -240 -23 -164 -174 -220 -91 72 22 -62 -48 154 211 8 194 -115 -212 -136 95 -235 -45 216 -127 177 -94 249 0 -169 158 93 223 -41 -111 143 -34 -54 184 -148 -50 -92 236 -208 110 210 -129 -114 209 71 -231 -42 186 -141 -16 -22 -83 227 -140 -118 -202 127 -183 29 139 -228 -221 -47 -242 -160 230 208 76 244 161 -124 193 -113 100 37 -121 181 25 248 218 242 -175 83 32 152 26 -237 -19 123 164 -10 11 136 -250 106 232 3 -206 -181 -171 121 -7 -55 -40 -138 -75 53 13 -9 98 -159 -66 -1 169 187 -101 -241 94 -4 -80 -142 -182 192 2 -226 79 225 130 -84 -117 42 -103 195 -105 77 -139 213 1 207 -133 132 50 170 156 198 -110 -213 -28 -219 -188 75 -78 -147 -224 14 -13 -153 107 124 -2 -149 144 241 -93 188 221 119 -67 23 18 87 -74 -196 -43 31 -239 38 145 173 -79 46 -163 -130 -173 114 80 238 -243 178 34 -86 185 111 -215 -21 47 -68 196 -177 -102 -238 200 30 33 59 214 56 -191 -199 78 -179 86 197 27 -29 -100 -156 233 -216 9 -64 -222 157 -63 226 -33 -126 133 -71 219 -201 217 -162 65 -36 122 -154 231 -172 -134 -205 -32 245 -3 -185 243 160 182 -187 -88 199 116 89 -112 -37 -178 -197 62 -204 -150 202 -170 212 -99 68 -60 -89 -223 179 24 234 166 183 167 96 70 64 -247 60 -119 92 58 -11 39 49 -123 102 113 175 17 134 4 -230 -8 125 222 150 -166 155 -158 -20 235 88 126 -76 135 -120 -214 224 -12 -6 109 -236 -85 -108 -57 -229 12 -232 -107 -209 -38 -143 -58 44 63 20 -184 -18 104 -176 -128 -61 -25 162 -246 -192 -30 81 84 54 69 
TEST 103 ARG:110 63 -71 -220 -233 -123 233 210 2 199 -121 -62 175 -210 -76 129 226 -21 205 -150 -67 -190 141 71 133 -152 -227 -160 22 176 -194 132 -57 -221 43 -130 -94 -141 -173 40 87 215 68 -14 218 147 83 -22 -50 -244 -29 -82 158 116 237 -91 -64 -26 -184 -151 111 -170 -10 -203 12 107 38 -158 -236 50 27 14 236 -48 -165 173 -97 -228 -42 -214 81 108 -70 245 -181 17 49 25 5 -196 -246 80 94 -146 62 -243 231 -32 113 202 -249 91 -188 3 -154 114 151 -212 29 -6 -135 -104 -36 39 -107 170 126 10 -9 101 -223 -163 -45 -187 -128 -52 79 119 184 -114 211 -175 -168 -16 225 235 -136 212 105 204 243 92 -77 -166 118 95 31 -178 117 32 -86 -65 70 -224 224 19 -138 -33 -56 -229 174 56 168 -100 -87 13 230 -199 183 -153 -172 -119 -68 100 -192 88 -49 194 187 -209 244 9 -54 156 201 191 -232 -241 165 196 -238 42 209 121 146 229 8 -102 220 61 166 246 -27 139 35 -28 90 -131 128 -197 112 -11 -81 149 46 -161 -1 153 -195 58 242 -69 181 -140 -105 67 145 161 135 77 15 0 163 -51 86 21 -247 41 -96 78 11 -213 24 -148 104 -113 185 -237 -38 198 -79 -23 -20 -37 127 -124 136 20 182 33 -75 164 -156 -230 -63 7 177 232 -5 -191 143 106 240 221 -179 190 -30 -198 28 -240 203 138 -40 -117 -142 -13 96 208 122 -17 169 239 213 -248 93 -93 -211 23 -73 102 18 6 -3 -202 -245 -126 188 -169 167 -171 -174 75 60 34 -24 52 109 53 -41 247 249 142 -95 55 -110 -90 155 -208 -180 -55 -44 -108 -239 48 -8 115 200 -60 189 54 -43 -182 -176 -66 186 216 89 -78 -89 -177 -147 222 -46 178 157 -2 144 64 59 -129 148 -143 -162 97 120 -35 125 159 -145 -144 -83 -206 99 193 47 -92 -39 -7 227 238 85 223 -19 217 16 130 219 241 -74 -201 1 103 -101 -157 162 -234 76 -139 69 197 152 66 123 -185 73 192 195 -12 -85 -80 -59 131 74 154 228 -250 124 -34 160 36 234 -31 172 171 -4 -15 206 -111 -58 4 140 72 -122 -204 -217 -164 -99 -115 -53 -167 180 -125 84 -127 -25 -235 150 45 -98 207 -216 -155 -231 -219 30 134 248 -120 -116 137 44 -222 65 -226 -112 -61 -88 57 -118 -72 -132 51 -189 -186 -103 82 214 -193 -200 -159 -207 26 -84 -134 -218 -215 -106 -225 -205 -109 -133 -18 -47 -183 -137 -149 37 -242 179 98 
TEST 104 ARG:94 -92 -156 93 -240 9 128 -99 185 -88 -134 23 208 -152 -177 -37 125 228 217 124 176 238 -103 104 241 92 169 -70 -52 119 167 -158 -113 -157 -119 147 38 249 205 -43 174 -217 212 150 -44 -159 190 -82 214 -100 45 28 -167 -74 -62 -143 198 116 76 -72 -234 30 -6 -187 33 -170 -226 156 27 -10 130 227 55 -26 221 -227 -189 194 42 -135 231 52 -20 164 168 152 -3 81 170 -39 -145 90 -108 35 -150 247 163 -243 222 -171 -118 -136 86 -30 -188 65 234 115 59 191 67 -68 216 84 103 -249 -107 111 -59 -214 -233 -137 -219 -129 246 199 46 -210 61 -7 236 204 82 78 154 -69 113 162 -116 -199 105 60 107 -63 -23 21 186 -208 180 -203 242 -32 73 -154 -197 215 -122 188 -130 -27 -13 235 -224 181 -14 -58 6 32 -94 -162 148 -31 -33 165 -173 -223 -105 -172 225 -102 14 -168 -125 77 155 -55 -123 171 -77 -73 -40 18 -200 -28 74 -205 22 -242 -250 -50 -213 219 -79 141 -215 41 183 3 53 114 10 -9 -81 -96 -232 -36 -163 233 88 -76 232 223 37 189 -138 -104 39 -38 -34 -175 -18 -64 -41 -35 240 -16 -222 -174 19 -80 -114 56 -220 -184 4 -1 131 207 -117 177 -49 96 -181 172 211 58 138 -228 137 2 -21 136 -12 -91 -142 -165 202 -225 -78 -207 -67 -83 -176 -246 -126 -196 243 -127 -155 -149 -48 62 72 -144 -61 -46 145 -47 25 -141 63 143 224 68 -95 106 -54 -160 11 -106 110 132 153 8 184 -169 -180 -53 -238 121 197 213 -146 166 -101 -75 -178 13 97 -97 -89 36 71 0 31 -8 -237 -51 -98 -5 160 95 -183 206 -85 57 83 210 101 89 149 -201 64 -111 -182 -248 70 50 135 195 -131 237 -218 129 157 120 85 17 200 -2 69 -124 91 -229 -161 140 47 -57 248 -110 -147 -164 -235 -245 -65 182 -241 229 134 108 -247 226 40 -166 158 -133 139 127 122 87 -151 193 -192 179 -128 -115 -148 66 -15 -132 126 29 34 187 -206 -60 -84 220 -22 -231 1 -24 146 -216 -66 -244 79 -239 -121 -42 -202 102 -204 98 -211 245 159 -179 5 -86 43 -139 -230 -25 51 -71 80 196 -4 109 12 24 -198 -93 -29 -212 230 -153 26 209 -56 20 48 192 -11 133 151 -19 161 142 100 -185 201 -209 112 -186 -236 -195 -120 -194 7 44 54 239 118 117 16 -221 144 -140 75 173 -191 -190 244 203 -90 99 49 -45 178 218 175 -87 -193 -109 -112 15 123 -17 
TEST 105 ARG:-240 -151 28 82 239 175 113 -56 -181 168 29 -91 -241 184 234 119 -111 -145 -215 217 148 -41 1 -52 -147 -98 228 243 -195 -119 -188 -90 178 -126 233 -75 247 -183 0 -137 147 179 -5 173 -24 -105 166 47 -53 11 -123 -118 110 -14 -235 -248 95 170 38 248 73 -35 191 -159 131 -3 -22 -88 114 155 219 -11 -57 161 -221 224 203 -207 -49 156 -122 -247 -174 -186 10 -65 7 48 41 -46 -152 -175 -10 201 207 -70 -108 171 -160 193 220 -185 -133 190 -9 52 -226 -220 -161 -141 -216 90 235 -170 180 187 183 -93 -109 98 -33 212 157 -182 -13 -244 -163 -230 33 126 -19 15 81 111 66 -245 226 -32 -125 -127 75 36 -2 153 -100 164 209 -101 25 53 -18 132 9 -211 -224 -172 -80 86 -40 70 -204 -31 49 89 163 -227 80 125 -222 169 -165 92 -12 137 65 -246 -136 -242 117 -114 -51 206 -199 -233 103 68 -81 -20 122 62 159 16 189 100 -171 143 -67 -96 121 223 133 37 139 -74 238 -97 -134 214 -138 67 57 87 244 -223 -148 -178 42 237 222 20 44 74 185 -37 -234 96 -62 215 27 208 -120 5 60 -23 -68 -4 -117 -16 -83 58 -231 99 3 116 202 -30 -201 -198 112 18 -194 -168 61 221 71 -225 -237 39 -84 -73 102 150 64 -197 -47 -218 8 210 213 -78 84 -54 135 -17 50 -135 -121 134 -140 -69 -167 22 196 56 -239 -110 -162 140 160 19 -58 -154 -92 108 76 55 -128 141 -129 -102 32 -94 -64 78 -184 -243 129 24 162 -95 -203 107 -99 -150 -8 -176 -193 -43 -116 149 -169 245 -115 181 -202 69 46 -60 142 118 -212 -82 6 -112 -214 231 -249 12 211 59 130 -63 -219 -79 -155 152 227 200 13 -131 -72 63 -76 177 -55 -29 205 -209 192 -39 145 241 -104 -164 2 -103 -200 -113 -21 -61 -25 188 218 249 154 -146 31 -153 4 -89 106 17 30 -86 151 136 91 115 -106 172 -177 194 229 -142 85 230 -232 195 83 40 -228 35 -179 -27 109 -189 -191 242 -250 -124 -166 -48 225 -196 -149 128 -187 93 72 144 120 -71 -217 -139 197 26 -205 -206 240 -85 174 246 77 176 186 23 51 -213 -210 -173 -1 -236 -34 -36 -26 97 105 -38 199 -28 -77 -7 104 34 -6 101 14 43 127 165 54 -157 45 -132 -158 146 -143 -66 198 124 216 -45 236 -229 -15 -156 -144 -107 182 -42 232 -50 -59 79 -238 -130 123 158 -192 -180 -44 21 -208 88 138 94 -190 204 167 -87 
TEST 106 ARG:43 42 -129 -13 -120 -229 104 -161 -191 -133 108 125 -92 -11 6 13 162 -117 84 -164 117 -123 61 81 -63 16 -132 29 189 -18 -163 96 116 129 -216 -51 170 -65 -183 127 -211 107 68 -112 88 -59 75 158 -227 95 -159 -48 133 -80 57 -148 137 -137 86 -40 218 -98 220 198 -26 -168 69 -57 155 175 154 12 106 -82 171 -30 228 -60 82 -167 241 -142 120 199 111 149 195 247 -206 -232 34 20 182 -68 -32 -115 -81 -10 -241 233 -239 -248 -3 167 -158 -21 53 -244 248 -39 64 -215 148 134 -160 -223 222 -47 37 214 211 -209 -184 -36 119 -195 -180 173 31 27 121 -214 -12 145 -85 22 243 59 156 -96 5 -189 74 21 245 190 208 99 -119 -201 80 -8 -136 -243 -84 -200 163 23 205 1 219 -19 123 76 -202 -130 -230 0 141 -193 227 -5 130 240 212 55 -247 89 45 -210 157 -33 166 139 66 78 201 -250 32 -122 -88 224 -149 -238 -127 -204 -166 -49 48 -165 206 -109 -64 -121 -154 135 202 -58 -177 -24 98 -7 179 -162 -67 196 -197 209 -170 -226 187 -135 -240 -69 124 128 26 183 168 -87 28 -102 -66 -89 221 -93 -103 44 -220 178 25 -71 -237 -199 -174 -249 230 -192 -75 -172 -72 -53 144 152 194 -46 -27 -233 -99 51 -79 -107 -77 113 238 -104 -235 100 -105 -187 85 72 -219 -74 24 -171 -213 36 115 -118 -14 -23 77 65 -16 -76 138 -91 -37 169 229 52 -126 7 181 215 101 -43 192 -34 35 17 38 -138 -1 58 -190 -113 73 2 -22 46 239 159 -29 -73 -231 174 49 54 -97 132 79 -101 -196 142 109 -94 -151 -55 112 87 -25 -150 -108 235 -61 18 41 -245 -15 11 -54 10 102 177 150 -194 -228 237 -208 207 153 -110 -234 105 161 232 184 -173 210 -38 -62 -52 172 -41 180 197 -128 -179 -50 -6 -116 -144 146 186 -45 -146 -212 40 -175 -188 -2 -86 -100 188 92 30 56 -155 15 -169 126 9 -225 33 191 63 -176 103 47 226 -134 216 83 -198 203 70 -205 151 143 -153 165 -181 -217 19 131 -157 4 -139 -90 91 204 97 -186 -203 242 193 136 118 246 -207 -246 223 -131 114 -242 160 -185 -4 -35 140 -42 -28 -218 -124 71 94 -56 225 -83 234 39 185 -125 122 213 -147 -20 -44 -222 -106 -143 -111 3 90 231 -140 200 14 60 -182 8 -9 244 -156 -114 62 217 249 176 50 67 -178 -31 -17 -145 -224 -236 110 236 -221 -95 93 164 -152 -70 147 -78 -141 
TEST 107 ARG:104 192 160 -232 -155 -202 -241 -198 47 208 -35 -94 191 -40 163 56 93 -207 209 21 -225 -85 22 169 -173 25 121 92 162 248 123 -18 224 -145 -59 186 -237 219 -12 -242 165 135 61 154 94 185 -128 101 -81 108 96 -108 -158 156 -53 174 205 172 -127 -93 -6 39 -72 110 178 -193 -14 10 -62 -179 177 -195 -134 147 239 -222 -161 100 139 -39 7 -70 58 19 -164 -151 188 -176 -68 98 200 -165 -246 33 164 24 -211 -229 29 166 -117 -178 -60 85 -98 235 -121 -249 53 -91 -180 225 220 -27 63 -113 197 -89 -30 67 -44 153 -3 -2 107 221 -250 243 -110 128 204 118 -230 -248 -57 75 18 -47 89 161 -148 151 237 -216 -15 81 49 3 82 158 -118 105 113 -174 206 -126 196 -56 -208 -182 -152 -163 230 -28 133 -184 -213 -169 34 142 -192 -159 103 76 214 -215 149 84 -142 124 46 -214 223 -201 -51 240 -197 -88 -115 -243 143 215 150 30 227 -240 -239 -136 -205 247 241 86 137 -22 -4 -65 16 238 -92 42 180 -194 0 -9 210 175 -204 -79 -42 152 -144 55 -48 -64 -36 195 -21 -20 -55 236 -203 127 15 -82 190 -38 -31 218 179 232 -66 70 -1 119 -139 184 74 -209 -150 -97 -86 -54 -17 -76 114 -210 -156 -13 -130 62 79 -49 -188 -170 217 -105 -52 73 -135 -247 -224 -46 5 -220 -125 -43 -228 -29 211 31 -100 -162 171 234 102 -168 193 -50 20 48 122 120 -83 -107 -189 28 -132 -7 249 -32 -199 203 -153 -24 -114 88 -37 78 116 -67 228 189 -196 -200 131 43 -5 14 -172 -84 -186 -129 198 -160 -167 4 26 112 -90 -217 -190 -116 -26 -61 -206 -112 27 -147 132 91 222 60 12 212 -34 148 229 -96 138 -171 87 140 194 -137 -78 -131 -212 168 -236 -231 -191 182 167 72 66 -119 52 111 146 9 -111 83 155 1 -69 -218 245 -138 244 -58 -101 129 170 -80 45 32 23 64 -140 -10 99 -141 38 157 202 -183 -23 233 68 109 -124 231 -219 126 -181 36 173 -102 -149 -77 -45 -185 -41 201 125 159 6 -71 -63 59 -146 -133 40 95 37 44 -238 -166 -123 -221 11 -87 -74 -226 71 130 176 181 183 226 69 41 97 80 65 -19 -143 -104 -8 13 -95 -177 242 106 145 199 51 213 115 57 -187 -16 136 -11 -73 216 144 -235 -75 -223 -103 141 -233 -157 50 117 2 -33 17 -227 -154 90 -244 187 -120 35 -25 -234 -109 -175 77 -122 134 -245 207 246 -99 54 -106 8 
TEST 108 ARG:-54 -225 -133 -193 15 78 -226 29 -83 207 -186 -138 141 22 188 95 210 -11 -179 -215 191 241 -85 -180 -199 -159 -195 24 4 246 -31 -58 187 -95 -134 175 -219 -116 -232 -2 -73 162 156 43 186 34 -135 17 153 129 -41 133 59 -189 32 -3 -55 73 131 172 25 213 -6 -32 185 -97 155 -173 -205 -102 -124 -145 28 37 166 -96 103 239 62 -196 -157 -23 50 117 154 -207 -75 -107 -49 -110 -118 -26 -241 -29 -36 209 23 -47 40 -28 -112 136 163 -77 248 36 137 -244 226 247 200 -154 245 178 -67 243 183 -71 125 31 -80 126 91 -184 -114 -144 -125 -165 189 -130 195 249 -99 -62 -61 -181 -231 -8 56 -117 10 -12 -57 65 -158 -163 88 -168 57 45 105 233 13 -234 -19 -249 -65 60 -150 181 -53 61 41 55 -172 84 39 100 -18 -9 -137 -214 -208 177 -7 -60 107 -250 -52 -66 -103 101 -206 -4 -79 -34 231 -169 203 148 -43 -48 87 -92 7 71 204 8 -50 -88 -81 157 113 -166 67 -227 -72 223 -70 -218 47 -14 97 158 93 -129 -194 221 -201 193 6 -139 -115 -15 -190 -68 -25 192 159 -245 -123 112 -141 -131 218 -127 -171 -220 -229 -136 -1 134 111 -101 135 85 -142 145 -46 52 110 -156 -176 144 98 79 -239 236 -162 106 -120 147 3 -113 30 124 12 174 -243 63 -121 -148 -170 127 -164 -146 170 225 -235 219 9 18 179 -91 -51 143 1 196 35 46 -200 -161 215 -224 -247 -24 -160 120 104 149 238 130 -209 216 42 -78 242 -42 -44 -59 -237 14 161 -147 96 19 81 0 -122 -228 -178 202 -223 -246 229 21 167 -38 212 -30 -238 232 74 -27 -192 89 -140 237 140 234 173 -109 -182 -94 27 211 -248 -183 -151 -17 240 108 51 -108 -143 -191 -39 -64 44 86 -217 99 -221 82 102 -167 139 -211 199 -16 48 11 -203 -126 -119 26 -82 -174 94 142 228 -240 -187 176 -212 -98 -40 20 72 244 -20 -35 123 128 184 5 169 118 92 -104 80 -33 -100 205 160 -87 -210 182 -216 70 -230 -202 164 116 222 -213 146 122 121 -149 138 -152 -21 227 214 115 -89 -105 -204 66 -86 54 58 197 -198 -177 -128 151 180 -106 206 -74 -242 -69 -90 -185 224 119 -5 152 208 69 -45 76 217 171 -111 198 -84 83 132 -132 109 2 230 68 190 -93 -153 -233 -56 -10 201 -155 38 165 220 49 64 53 194 168 75 -236 33 16 -175 114 150 -188 -197 235 -22 -63 -37 -13 -222 77 -76 90 
TEST 109 ARG:183 -152 -149 245 -91 -212 74 76 43 -244 -206 170 -231 231 193 185 -215 156 166 15 241 -141 199 123 81 -112 -83 -35 -132 -183 -164 44 62 129 -233 -1 -40 -7 -214 137 60 82 -68 -86 -145 222 124 17 -199 -88 114 -70 -3 -104 -71 201 -217 -138 182 -177 121 -159 -179 116 -119 -225 148 -229 -188 180 -116 -94 177 102 -82 79 20 -210 -143 109 243 68 -137 176 227 -166 -130 95 7 135 -247 -122 -165 224 -121 -131 -62 202 75 -81 -147 -208 203 -57 -160 -67 242 -240 220 -232 -175 -168 206 69 -249 -153 78 -245 -85 158 3 -154 -202 174 -74 106 126 -108 225 -126 -64 -5 -65 213 120 -238 119 -174 -190 -148 46 -19 50 -34 136 -248 -223 -157 -239 58 111 -61 -11 47 26 -186 -29 244 100 159 -172 -163 209 235 -102 132 131 8 117 -47 55 -219 -127 -4 207 5 -187 218 -198 54 138 71 151 96 -13 128 -195 -30 144 -25 -8 -110 -55 83 -84 99 -58 70 160 -139 -66 118 -44 9 149 234 77 22 -53 -46 -97 86 164 72 -134 223 238 217 232 108 187 -196 219 230 186 -100 61 -133 -178 -151 -176 237 -80 92 -22 -226 -150 188 -161 153 205 12 165 221 -250 -182 226 -17 -140 -106 133 -36 -169 -204 -203 204 181 -221 38 29 48 -98 -45 -209 229 -72 -87 200 -109 -79 216 -185 -211 40 90 -27 175 179 11 -201 -75 233 -167 -118 -50 -26 -69 -76 -23 113 -200 23 59 -136 32 -194 -236 147 -144 196 178 -93 239 -220 19 -42 34 145 -77 57 171 134 84 -216 21 163 -218 155 -31 154 -20 246 -78 105 39 -242 -38 -237 -181 -105 -213 56 -43 16 189 -39 -99 -9 -96 -60 -111 13 -18 -52 127 -113 4 -222 63 87 103 107 30 228 24 161 236 212 122 -114 -197 88 -189 172 -32 27 80 -10 141 -41 53 -92 -207 -2 89 -6 130 104 52 -184 -246 173 101 49 31 198 67 -224 -33 240 -16 247 -120 -129 0 -162 35 10 -21 146 -193 157 125 -15 -90 142 211 -227 -115 -191 -243 169 -28 194 36 -73 93 -24 115 -48 -230 210 -54 -158 1 152 51 94 97 -95 -228 -146 -117 66 2 45 190 -156 64 -12 -125 -124 65 73 -49 -235 -128 -241 -170 -155 143 -180 91 25 -14 249 208 41 28 248 140 6 214 -103 -135 -142 184 33 215 18 192 110 191 -123 42 112 167 98 -89 -63 -107 -171 139 85 -59 150 -192 14 195 -173 -101 -205 197 -51 -37 -234 162 168 37 -56 
TEST 110 ARG:99 -178 50 -68 233 -195 -139 24 3 -220 -47 -198 -27 191 -144 -112 195 249 69 6 81 194 -53 154 -1 118 -181 -161 -79 -31 -189 142 -131 -224 157 111 -129 -128 -214 231 183 -85 -77 71 58 30 128 -44 -165 201 -183 106 241 43 42 -137 -170 103 -156 97 -62 -207 242 -205 247 10 -242 68 -238 -21 126 -18 -75 212 -78 -35 239 156 -230 16 -2 -11 41 -36 88 -126 -119 164 -239 -22 236 110 -166 219 -125 141 184 107 161 131 -104 245 -142 -26 -136 78 140 -227 235 -74 159 -150 -29 -222 207 -235 -6 -226 39 177 -201 -67 74 -58 160 70 84 -206 147 188 -174 -73 189 135 98 -99 120 124 -7 12 -76 158 47 -3 243 -81 53 130 51 213 109 -236 37 -172 -173 -202 5 -94 -71 -232 -182 -86 -248 198 121 104 -4 206 -95 -190 34 165 217 -176 -102 -175 46 221 33 76 174 199 214 -116 209 116 26 -111 102 -100 204 -221 168 -155 -13 -19 167 49 211 -145 -187 79 127 -98 222 -177 -34 -213 83 11 67 63 -185 186 21 149 91 92 -133 -138 192 100 72 -93 -61 -192 143 240 151 227 -60 -88 172 -229 -32 60 -210 171 40 -113 -228 -8 -80 114 -42 197 -122 36 87 -51 187 -240 218 248 -23 55 -15 -83 -151 32 155 228 48 -217 -179 132 -48 137 -10 123 -91 162 -90 -204 -247 117 -158 205 -115 166 220 226 -241 66 82 -14 -162 95 -231 152 -28 4 -191 -117 22 246 133 38 45 208 -92 -64 190 -82 86 -234 -193 119 -218 146 -89 -244 -203 181 29 -223 -106 -199 31 -43 19 -97 -109 93 -108 -200 -123 -148 -215 -153 -49 216 35 -45 -180 -63 -211 0 15 61 180 -12 112 -57 -16 -25 169 -30 193 54 -130 -149 -225 -163 17 -120 -159 -245 -114 28 -59 -87 80 -24 -84 -154 73 179 134 85 225 77 -69 -168 1 -107 196 129 -110 13 -169 153 -186 145 27 90 178 -38 182 -164 59 8 -212 173 94 -96 170 125 234 -197 -147 -246 224 -20 7 -157 -237 57 -132 52 -140 203 144 65 14 -17 202 -208 -152 -171 -167 -65 -135 215 -37 18 185 -188 23 230 -46 -121 20 139 75 -52 -118 -209 -134 210 229 200 -5 150 -146 -216 232 9 -105 -70 -103 -54 56 -196 -250 -219 -40 -72 -41 136 -194 96 -9 -160 -39 122 238 89 108 -184 -249 244 25 101 -141 -124 62 138 163 223 -233 115 175 113 -243 -50 237 -56 -33 105 -55 2 -101 148 64 176 -66 -127 -143 44 
TEST 111 ARG:-12 190 -176 -247 72 -190 -235 89 -91 57 134 182 -15 -142 166 -130 -76 -198 -169 -40 165 -46 161 204 144 -90 177 -191 -43 -153 -239 -143 -117 -159 -157 -89 -118 -82 239 224 40 -156 -199 -29 -137 174 49 -74 206 187 121 -189 -164 104 51 -83 26 47 -121 -86 -134 216 212 6 186 123 36 86 -54 223 48 -171 222 -204 154 142 131 184 -132 -144 -232 -250 59 93 158 197 -10 10 -221 25 151 -78 146 243 -38 -183 228 71 -71 -112 -75 43 -217 -127 60 230 -237 -79 -135 -114 229 128 61 84 153 29 -73 -139 155 4 -7 148 -13 27 83 168 176 214 30 113 -52 92 213 -188 -20 -106 -166 -99 122 220 99 74 -64 78 100 -227 189 -44 -122 137 -152 -39 -19 8 16 120 -168 -230 58 42 -165 111 70 2 -70 -194 -185 139 124 -62 -96 33 -92 -154 85 -195 112 198 77 157 246 -113 -245 24 -108 -102 -180 75 -84 -59 -14 67 21 -101 -174 -160 -111 169 -124 -225 244 -36 -58 -244 -88 227 90 -23 66 132 -211 -246 -5 -233 -126 162 46 203 195 -110 3 -22 -215 106 -158 126 63 -103 5 -145 116 138 -178 226 -3 -186 -236 -49 13 41 -8 -37 135 -202 -50 23 183 62 199 118 -34 -209 -105 7 164 241 207 236 232 218 -234 180 231 -77 215 -67 211 105 -9 145 -228 -11 -218 107 192 159 28 193 -205 -125 -107 -60 69 80 -162 -229 242 -57 -80 -224 -179 -187 -147 -6 9 -129 225 -26 -115 -104 127 -30 143 76 79 -175 81 14 110 -193 73 -55 141 140 -51 17 -68 44 -65 125 12 -149 163 -133 221 -48 156 -28 235 -1 31 -242 18 -210 38 167 238 -27 88 -31 -214 133 -212 52 -56 245 56 178 11 -141 -94 -197 -243 129 97 -42 102 172 53 -18 -85 -63 -45 -61 -21 -203 -16 -231 -47 149 50 208 -192 210 35 -151 191 -66 94 37 -120 -222 -35 -148 108 130 -241 64 -123 96 39 -248 196 -93 -177 -216 1 91 119 249 -4 -2 179 109 103 237 173 -223 170 -116 54 22 45 -249 -184 20 19 82 34 -206 233 -170 205 114 -196 219 171 -41 194 0 32 152 -146 -98 115 136 181 -163 68 -128 -69 217 209 -161 -208 87 234 200 -131 -25 -81 247 202 -95 117 -181 -173 -87 -150 15 -172 188 -136 175 -219 -32 -119 -238 55 -240 101 185 -100 -200 -72 -226 -220 150 -140 -167 -17 -182 248 160 147 -138 95 -109 -53 98 240 -97 -207 -155 -201 -24 201 -213 65 -33 
TEST 112 ARG:-17 -115 -207 184 -220 -234 127 189 -144 173 -140 -230 138 -95 -24 -1 -200 -40 -235 236 -120 38 -71 48 -125 133 -131 -241 -49 -108 25 111 -179 -101 -37 -214 243 130 227 -111 -165 -216 -75 155 -246 -56 65 69 26 164 49 -110 231 -249 109 90 -146 -191 100 -167 28 -223 -2 -145 -218 -82 83 -27 154 -177 -116 63 246 81 24 19 221 -39 -48 58 6 -55 -31 137 75 -29 14 -107 -65 -168 -245 -161 52 -229 44 -195 -23 131 94 -74 -212 202 -92 118 -130 174 -197 -54 -147 219 140 -100 -192 -135 -44 -203 71 216 -102 198 156 -160 234 -173 166 -149 46 144 -244 -96 -209 -163 -142 37 223 98 241 86 10 -104 212 -231 -12 -198 -239 -20 -76 -175 27 209 244 -126 121 5 -174 134 232 225 -242 47 64 -86 -42 203 102 53 61 -67 -224 200 -109 16 80 35 206 -185 115 79 0 -19 106 -32 237 -97 -170 -106 -114 -46 -180 -181 -88 -182 -113 -103 -221 17 11 -14 13 207 -43 29 -129 -139 161 -38 -85 233 -51 -206 -73 -122 3 -57 -58 157 -61 -157 87 169 -169 -84 -90 -202 149 -121 -78 -137 197 -154 -127 18 -194 92 132 88 -8 122 23 211 -93 -164 159 -33 -210 -183 186 -159 45 135 40 113 193 218 -166 107 -124 -171 -238 214 -193 226 -148 -190 -62 -4 -152 59 -133 119 -70 205 -89 -25 32 -69 176 196 129 -243 41 -150 150 85 139 104 -117 -81 217 54 101 60 -158 -77 34 -28 -11 39 -136 -237 -248 -176 -72 42 -162 185 151 82 22 175 -45 -47 108 -105 -201 -59 -41 -247 116 1 -36 -232 -134 229 -211 245 76 -35 -132 240 95 99 178 31 97 15 89 201 -250 -18 4 182 66 188 239 238 -213 165 -184 215 204 160 148 70 7 -119 93 163 -64 147 74 -10 -7 -50 -219 152 145 -196 -21 -34 -233 -94 183 -3 -222 153 -208 -225 126 124 -79 213 50 187 -141 -99 56 96 -66 -87 180 228 77 117 91 191 -22 123 73 20 105 -60 -172 112 235 -151 33 -91 172 224 72 30 242 199 230 -215 -52 -123 -68 142 162 -240 -9 249 -98 247 -188 194 181 -112 -53 67 -205 68 12 146 177 128 170 -236 36 120 -26 57 43 141 -118 -13 -5 -143 195 192 222 8 -199 -226 51 55 -30 167 136 -228 103 -153 110 210 -156 168 78 190 248 125 -6 -128 143 -83 21 220 -217 171 -63 -16 84 -187 179 -204 -227 -138 -186 62 -189 -155 9 -15 -80 208 114 158 2 -178 
TEST 113 ARG:52 -118 -140 162 103 -53 110 141 165 -216 84 -180 -139 -168 -106 118 -181 -249 -193 40 -13 134 -245 -79 99 220 -98 -3 -78 242 -250 215 -47 -187 114 -116 -127 -48 173 178 151 182 204 -104 -65 -74 246 -49 150 -62 224 243 -183 170 -33 160 228 -137 -159 7 -138 -179 -32 -210 109 -174 -7 -96 111 -217 -95 1 -242 -199 47 24 -94 197 97 -14 -5 -241 46 98 -120 20 154 -234 85 30 -80 113 -150 -91 189 -132 75 -160 239 -204 -45 124 123 210 -31 166 -201 -222 -152 -20 -109 -236 -189 191 -82 -149 42 6 -248 -113 -1 -99 177 233 94 -182 146 79 -63 130 248 14 56 -29 175 -165 203 -69 -130 64 144 -117 232 13 -192 -226 -163 91 -15 48 21 -213 -55 164 185 -164 -190 -186 -112 163 -206 90 121 -67 -134 105 -30 -92 39 137 200 73 223 -85 161 145 142 -73 -225 143 -153 -175 62 65 -171 -146 -111 -194 202 -238 -42 4 -75 -12 107 211 152 0 3 10 -84 -202 -2 27 119 54 234 -36 -212 -44 57 -128 148 186 221 116 19 216 132 149 125 -144 -57 181 -68 179 -19 156 201 -208 17 245 -90 -196 23 -148 95 -77 128 -215 194 -240 -188 -52 198 -235 -155 32 -89 25 -43 -35 -223 229 -83 -156 136 168 68 -220 -66 -6 53 -27 -229 -197 49 122 -72 -54 89 36 -107 41 219 -122 -8 153 9 155 187 -227 -166 -56 174 240 241 -205 11 -70 -25 139 -214 199 -60 -115 190 -58 88 -167 59 12 -93 159 -64 213 29 18 34 169 -121 -141 -131 -26 33 192 -101 227 -16 -143 -81 158 147 -246 -103 66 63 236 238 126 -119 -100 129 207 -129 -39 31 -114 208 235 -71 45 -11 167 -224 -157 -231 -237 -110 -211 -233 -28 -97 69 -135 -41 180 -247 -108 184 249 38 67 222 -50 127 -145 96 22 -185 -151 -22 -230 171 -176 131 101 -169 231 71 60 183 16 108 112 -203 102 -38 82 -178 -158 135 -123 -9 76 92 -124 86 -21 230 138 43 81 44 8 15 -126 -10 100 -86 70 237 -200 51 -184 -102 -243 188 133 80 37 217 87 -105 28 157 72 -228 193 106 209 2 78 115 -218 -244 212 -4 -221 -76 58 35 55 -88 -18 -219 -51 -46 -207 83 -61 -173 -232 117 -24 77 176 196 -172 -125 226 -142 140 -133 225 -239 172 244 -34 26 -154 195 -23 -170 50 -136 218 247 214 -87 -162 -177 -209 -195 74 -147 -37 -191 -198 5 -40 205 120 -17 61 -59 104 93 206 -161 
TEST 114 ARG:84 -122 -134 -113 19 82 213 232 132 244 -59 -217 246 -127 -207 -157 -141 189 -14 -199 152 -125 23 141 229 -27 -93 182 -159 -62 -151 -47 209 -175 -31 -221 -101 31 -11 198 -68 177 -121 -79 231 93 -162 85 148 83 201 130 -203 -182 20 224 172 -154 -156 -180 -231 133 181 63 101 114 -238 -32 -80 66 7 129 -184 -200 204 -24 -26 -241 10 25 -78 -72 -149 -247 205 -160 -28 222 230 167 -140 13 92 249 -94 88 197 -114 -30 -190 70 -144 69 233 1 -145 79 -177 9 24 -19 -250 6 -146 -64 60 -53 76 127 -45 -65 169 190 28 153 -248 121 242 98 -202 -222 139 26 -106 -88 -243 112 160 -98 68 -173 248 138 -210 -117 -209 -37 36 203 -224 156 50 40 241 212 -124 -49 -13 16 -42 -120 3 -227 -213 -215 146 -153 -48 -188 -86 -50 -158 -191 171 -119 -169 -87 192 187 191 -181 -225 -61 162 33 -229 -232 144 236 221 119 -33 128 -186 -174 -29 21 -36 -102 89 111 -179 -12 216 -197 11 -16 -96 193 -163 -46 147 123 -116 166 -35 -105 170 -245 -111 64 -136 -100 58 -132 214 105 -138 -22 96 -95 -56 -89 34 235 51 74 -129 8 218 4 -242 -171 -196 -17 -150 -60 207 117 81 106 -70 46 240 -165 -84 -4 113 -83 -161 247 -211 42 67 -126 226 38 165 202 39 77 -10 173 -233 175 -249 -7 -219 239 -130 -2 -123 -228 158 62 237 29 -67 -58 180 164 2 -15 -115 -244 -3 -71 116 -82 -236 22 -206 -97 -77 -167 -230 14 -1 194 -51 124 -183 -234 234 -5 99 223 -218 37 125 -198 32 86 219 -8 47 107 185 56 208 -112 -20 57 225 -168 49 211 -240 -57 -220 -9 137 44 176 217 154 52 43 102 142 -178 -75 210 -109 -69 -187 78 -246 61 -54 -18 -133 97 15 -107 -172 159 186 59 30 -166 151 -223 149 228 54 -152 -143 199 -108 -148 245 220 -189 72 184 163 188 -25 -201 90 -40 -204 -38 -137 215 -176 -34 53 109 12 179 -147 -212 71 183 238 -74 100 -76 -23 -139 -55 -41 -142 -170 -118 -192 -81 -85 243 -239 75 -214 -39 80 145 131 91 -63 -6 161 -194 134 -92 227 -73 -103 200 48 104 115 -235 168 206 -110 174 45 140 103 -208 87 195 -104 -226 -216 -195 122 126 -193 35 17 108 -155 120 -237 94 155 -52 -21 27 0 135 157 150 95 118 18 110 -90 -135 -44 -91 41 143 -185 65 136 -43 73 -99 55 5 -205 -66 178 -131 -128 -164 196 
TEST 115 ARG:167 -188 99 -213 -189 -234 -127 -170 -240 185 -109 195 67 127 -42 -130 -186 155 102 -229 -192 173 83 100 61 214 -115 -54 -74 -80 -105 22 -7 189 62 -6 142 -236 51 41 -49 144 -135 -126 223 -98 122 34 -153 82 -106 -185 19 190 104 -146 -72 -78 -113 211 235 106 -44 212 159 -33 179 -2 210 -58 89 115 168 125 180 193 -13 -35 224 -138 240 -169 -209 123 -233 244 163 181 -222 203 24 52 -27 -111 -103 -69 204 -122 81 -16 -226 -243 -238 108 87 158 176 -164 38 73 -14 -215 -144 59 -249 -38 -219 85 151 -29 103 36 206 117 234 -71 156 -178 138 86 -70 -1 248 -55 231 -22 124 -160 -207 -171 -134 43 -12 186 0 68 140 150 40 -177 -65 246 5 161 219 57 -57 -89 170 30 101 -104 187 112 236 -28 -90 79 7 -210 -143 229 20 130 120 58 -121 -157 -92 -168 135 -203 188 -140 -50 -25 1 128 77 16 -184 -216 71 -145 -128 -197 -173 -48 194 50 -99 218 84 172 -125 -5 -141 -152 -250 88 -110 -31 205 -217 230 118 198 70 121 -142 199 -23 -179 90 164 -77 131 64 -88 207 -15 -82 -225 72 -131 -87 25 -212 -147 136 -150 -30 26 -81 23 238 -246 -39 197 -51 27 132 -200 46 11 216 -211 48 -97 137 31 -9 233 -208 -218 213 162 149 -165 -239 -101 -3 -66 65 -107 -205 141 12 63 -172 196 -124 -123 116 -61 -120 -163 -116 220 91 97 217 56 -21 -60 13 96 119 -248 -183 182 -228 245 -214 -129 33 154 147 -151 241 -180 -112 95 -108 -193 175 191 -43 92 225 222 -100 -149 -86 -53 -4 247 98 -230 146 8 113 -40 160 -137 -154 -244 37 93 153 28 55 60 -68 232 -20 -235 -175 35 -67 -231 -32 -202 -224 157 192 -93 129 184 15 -174 -19 174 166 6 171 -198 74 242 133 165 178 126 169 -199 49 148 -204 -118 -220 -114 177 -201 -59 -85 249 221 76 -167 215 209 107 18 105 2 21 4 -79 -166 -221 -158 -117 -83 -223 228 -176 -139 -156 -52 -41 -227 -247 -26 -242 -94 -148 202 -34 -62 200 -46 42 29 -47 183 -96 10 226 -162 -155 201 45 -187 17 152 -191 -159 80 208 -64 39 -8 243 -84 53 109 -119 227 -91 -56 44 134 69 -73 78 -11 139 -37 -75 -76 -133 114 -206 145 -190 47 -194 66 -36 237 32 -132 9 -136 -182 -241 -63 -161 54 -45 239 110 -24 -102 -237 14 3 -196 -17 111 -181 94 -232 75 -10 -95 143 -195 -245 -18 
TEST 116 ARG:-219 195 201 -38 -244 -207 2 -218 4 152 -42 23 -68 154 -109 -41 84 -133 -217 -187 -169 -124 -171 -232 -147 -158 178 241 -70 -101 47 -100 217 -130 -107 36 -4 246 -193 -142 -91 160 165 -72 -222 -6 -234 8 -83 -153 153 159 188 181 242 61 -46 49 -204 46 -198 248 228 56 69 117 -161 -86 221 43 45 -170 -14 148 82 -79 -160 -78 -8 -113 -43 54 -192 -66 -75 -23 21 -62 58 -98 28 229 -195 -179 -239 -129 48 -19 34 170 183 41 -20 166 175 24 128 85 7 14 -74 29 -238 -52 -205 -241 -226 133 95 -233 -76 247 -126 -150 -32 212 80 -227 186 -231 37 124 77 -174 -209 -57 -156 177 235 57 74 172 79 -39 -3 210 -92 202 -12 236 -25 26 -115 190 204 240 -110 27 185 -123 -185 -190 -136 -137 64 237 -29 25 111 -80 66 231 150 173 -108 51 179 -22 -47 147 168 -31 72 -220 -94 13 101 42 39 -82 -85 11 -149 35 -63 -186 -81 -212 59 -58 107 63 -59 244 -201 99 73 81 -7 67 132 -146 140 245 -181 -95 -141 -134 20 30 9 94 206 -54 169 -13 239 -36 -34 -144 71 118 207 -189 145 75 233 78 98 -183 -157 -248 105 -167 127 -229 -28 -243 -210 50 18 -9 16 -37 -117 -67 -225 -104 -10 -26 232 -143 -242 -208 106 -175 -16 -140 -53 -178 157 -103 96 -45 -199 119 -116 0 -89 -250 -188 -206 -35 163 53 129 -30 -240 225 125 -73 -163 -21 -49 88 -230 200 211 -164 220 3 -224 -112 62 139 -2 180 -17 38 -61 6 108 60 -90 15 126 -249 -56 -151 97 222 -122 -5 249 -246 -69 -93 -145 123 -50 243 -180 76 -166 -128 -135 -214 208 33 92 -60 -71 68 31 93 -202 146 143 70 218 219 -213 -27 -87 110 -237 -24 134 -236 -118 131 -191 194 213 91 -84 197 122 215 -1 174 -173 -228 -184 192 -96 -194 -121 187 103 89 -48 -211 -159 83 -65 -162 176 -245 -223 -11 -99 90 55 -215 167 -125 115 -172 -127 184 19 -18 112 -114 17 86 191 5 227 -182 121 -55 -105 182 116 216 -40 226 -165 -102 141 155 196 -139 198 189 149 -152 -235 -176 87 162 -51 114 199 -132 40 223 52 12 138 -64 -131 193 130 156 -200 -221 -88 205 104 -196 203 -97 137 65 -154 238 32 -155 -138 -111 -168 -197 -106 171 120 -177 224 161 142 -44 109 230 -33 22 -216 -119 135 214 -120 100 1 151 234 10 -77 164 158 113 -203 144 209 102 -247 -15 44 -148 136 
TEST 117 ARG:-132 -238 78 198 222 -31 -59 234 216 193 -195 249 204 -216 -118 -82 130 112 -169 -57 229 -165 -9 134 -202 186 -108 -125 -122 69 29 20 41 -231 160 235 123 22 -230 -86 40 -36 89 77 189 -46 -107 -148 110 -209 183 -71 -121 121 24 3 -164 221 -178 62 241 60 -3 -171 97 -213 156 164 108 127 27 -149 -73 -197 93 8 -19 173 -217 -12 -24 -43 239 84 175 103 212 171 -166 17 124 -40 -28 -13 76 95 170 129 -248 -91 -50 -136 174 -4 -137 -126 -130 -77 -83 245 -215 37 209 -26 139 -119 92 -151 19 -124 -127 107 141 -152 199 -99 119 -155 -112 16 157 -100 49 31 -54 -203 -18 -162 133 -229 96 158 176 -190 61 88 -246 203 -14 140 55 -241 210 -176 -239 72 -153 -62 179 -98 -154 -172 -134 -68 162 180 63 81 -6 12 -16 -191 236 -227 -70 196 -186 -207 11 190 -129 -79 -220 59 -17 -113 83 -177 -8 172 -105 -93 225 86 120 -208 132 -218 -52 -212 -236 -11 192 188 14 -41 -174 -5 -140 248 9 100 -103 144 -199 -45 -47 -109 70 128 43 -138 146 -222 -30 149 -72 191 6 33 -10 215 142 1 -250 -192 -244 105 -120 207 0 242 45 135 206 165 -131 34 -65 67 -187 147 -33 79 -69 -101 35 -225 -128 -210 237 -206 26 138 122 13 36 -170 50 -95 57 -90 -143 102 219 -240 -67 -76 -32 -102 30 -15 -235 54 82 -56 5 -243 136 -150 -211 240 -110 -179 -205 -20 -204 38 114 -142 200 131 -183 148 -58 -48 -27 -173 -221 7 -23 -193 53 202 167 99 4 231 64 25 -175 -161 -168 113 -133 -21 238 -156 243 244 -7 -116 -25 -38 187 -214 150 118 -111 194 -29 230 68 104 117 -145 185 -114 166 -106 -92 48 -123 10 106 111 -247 126 155 143 137 246 -200 -201 152 -115 -66 -49 -249 201 -157 -34 -135 218 228 -51 -233 159 226 125 39 197 46 66 51 -87 -189 85 195 65 -39 178 211 208 184 44 -160 -85 -146 -81 -1 217 15 -22 154 -181 -44 233 223 21 -182 -104 80 153 -94 71 -80 -89 28 -141 -37 -188 213 94 182 -184 74 -75 -224 -35 -219 -64 116 -242 -74 145 52 -226 -245 161 169 98 205 151 -158 91 -228 -144 56 -78 -223 -53 -232 42 -61 181 75 227 224 115 163 -185 2 -88 177 101 247 -147 232 109 32 -117 -55 47 -84 -96 -63 -163 87 18 -159 214 58 -237 -139 -60 -97 -234 -2 -167 -42 -198 168 -194 73 90 220 -180 -196 23 
TEST 118 ARG:-222 245 -103 -28 -110 38 -199 112 85 -130 122 -146 -175 -31 -151 238 -241 -104 -218 -3 184 173 222 196 233 166 -207 -36 214 37 1 -184 -94 -33 203 -54 32 35 11 -16 -119 59 -148 -180 71 180 57 229 87 78 81 189 -92 -149 -249 -162 -139 48 -69 -128 -15 216 -187 12 124 187 211 171 170 27 -55 146 -171 237 221 -52 127 -178 169 92 -74 0 34 50 162 -123 190 -61 -168 16 -201 -72 140 -127 62 125 74 193 -106 197 -203 -62 -4 -204 65 129 -57 147 212 -230 17 -145 46 -24 -237 -169 4 -213 220 -10 18 -88 107 207 138 39 -112 -225 102 174 89 195 232 202 101 160 -7 -51 33 47 -20 -227 -86 -248 243 128 -243 -5 121 -35 -12 -223 -228 -132 95 106 175 -89 -214 -185 -244 -84 24 179 54 -40 -193 156 58 167 -91 -212 67 -163 -224 228 -50 -177 208 -198 204 28 -239 -173 94 68 194 248 181 235 -45 188 -182 -245 230 -118 -140 -208 80 -37 7 23 131 226 -181 241 206 -14 -82 -124 -39 -6 -49 164 -64 168 209 -8 -29 141 130 72 -192 -205 -59 70 249 -90 199 -236 90 -21 144 63 -125 51 236 103 -81 -44 178 111 -63 153 -211 115 161 -189 -246 136 91 -102 -235 -41 66 -113 -135 45 -216 -48 -234 139 9 -22 -46 240 200 -1 -167 -18 -219 -183 69 142 -100 176 -101 76 61 -172 157 205 -215 86 159 84 132 -154 41 -122 -75 123 -141 -202 99 239 217 -238 224 49 -17 -56 -70 52 -126 8 183 -13 -240 -65 247 108 104 -108 -186 96 -160 73 215 -66 -153 242 -134 165 97 -200 -152 -133 -71 143 133 219 -156 83 227 -190 -78 22 -79 116 -165 25 82 134 -164 -206 118 -23 21 -232 77 -53 53 149 -97 109 -221 -231 -58 -73 -150 79 -83 -80 40 117 177 -247 234 182 -25 148 -138 -159 31 -129 -242 -194 -111 -32 -87 -217 -96 93 20 100 -99 2 244 -34 88 -77 -43 -38 -191 -195 150 -137 225 42 105 210 30 14 152 -176 43 186 44 -174 75 218 135 -161 -179 60 -2 -143 -166 110 -209 -76 -26 -105 -196 29 -120 137 126 -142 5 145 -42 172 26 -109 -95 -117 -226 -233 -68 -210 213 120 151 -98 -114 155 15 -197 -144 56 19 64 114 -11 -131 -107 201 -121 154 185 -19 3 -188 231 -170 246 98 -93 -157 -147 223 -229 -220 -30 198 13 -9 -115 -116 -155 55 6 119 36 191 -60 10 -158 -85 -27 -47 163 -136 -67 -250 113 192 158 
TEST 119 ARG:-244 86 -209 32 -108 3 -12 -174 42 -155 63 179 -142 166 -165 -17 62 212 -177 122 -163 -189 79 17 -107 243 58 155 101 -14 49 222 216 148 -242 234 -175 110 -134 -250 -159 -132 -169 81 12 -186 -133 -212 -16 -230 52 -82 142 -222 187 165 182 -2 -128 200 -24 158 218 -26 -137 59 129 168 183 -205 -173 -102 -84 -88 -249 16 -238 55 -188 66 202 -152 -18 -130 -233 68 -202 25 198 -42 -101 237 -76 90 77 -160 -63 137 -143 69 -215 13 103 -66 -98 177 197 134 -74 -94 53 174 75 111 -75 56 161 220 -239 -241 189 -73 185 -166 -228 6 106 -30 172 34 109 2 181 94 38 -231 163 127 157 26 242 -113 -157 -61 -168 -139 -127 -192 167 -104 -144 211 -60 -72 -40 249 -15 92 133 -170 214 -96 27 -47 -27 15 244 210 -140 -57 73 205 -176 54 132 -218 -71 175 -119 -86 -23 -224 35 70 -32 -247 238 143 36 -36 11 -20 -198 -105 41 239 14 -22 176 -13 -179 -234 -21 80 138 -46 -121 190 114 135 65 105 228 -196 -44 147 -243 -138 208 116 30 240 131 -91 44 201 -51 -31 -221 -78 -116 -126 87 -248 206 -45 -211 -39 -10 50 188 -43 -171 -100 85 118 60 10 -67 57 95 -226 236 -114 -62 -54 -92 162 171 -148 -203 203 37 -48 -178 33 193 -111 120 -210 119 -136 4 224 19 194 -41 -135 170 -53 31 -216 -109 51 225 -77 -207 -184 112 -236 -49 46 178 -206 -122 -208 -187 108 104 100 144 18 -33 -150 -232 -68 128 -83 -204 -59 91 154 8 180 -182 -123 -87 -80 99 84 145 223 219 -200 -8 -181 192 -245 -112 -125 22 5 232 151 47 247 29 71 -237 -197 113 1 233 39 -79 196 -158 136 -89 76 -213 -149 -35 96 -145 -227 -38 152 184 -201 -229 61 -124 -9 -99 -55 139 156 -183 -156 -110 217 -50 -25 -5 -106 0 -81 -219 123 -6 23 -225 229 153 107 7 9 164 -117 230 -131 213 226 102 -164 -58 140 -217 -7 246 -190 -64 -161 195 -95 -153 88 98 -85 -220 124 231 -118 -11 43 -4 -214 -34 -115 93 209 89 -167 -37 -69 235 97 -199 -65 -19 -141 -97 125 40 28 141 -146 207 -185 159 -246 -172 20 67 -240 121 -154 -29 115 -147 -180 117 -195 204 -235 -90 -3 -191 130 241 -70 173 -52 48 -93 -162 245 160 -223 83 126 149 -56 248 -151 -194 191 24 78 72 -120 21 64 221 169 -129 45 215 -28 227 146 -1 74 150 186 -103 199 -193 82 
TEST 120 ARG:245 -71 19 -89 202 6 -49 -215 -79 -145 -250 -19 -143 192 176 -84 21 220 -153 5 200 -229 57 -224 215 -237 233 201 -160 238 36 -227 -4 81 -139 -94 156 211 -219 -190 -161 -73 -51 197 -35 99 98 89 150 -107 -210 117 103 -11 110 133 86 196 -36 241 -54 -178 50 -114 -241 153 25 141 -128 -9 59 195 8 -75 -100 129 -15 136 -181 137 -247 82 204 53 24 -30 -243 -123 -234 235 157 -218 -192 172 97 148 164 -82 71 -66 -242 -17 237 -10 209 -244 226 -102 -193 187 -180 -105 -231 7 111 -202 143 134 -43 -203 231 68 -226 -31 120 -14 51 -168 179 188 -33 -108 206 -95 -22 -97 -124 -72 95 -159 161 94 -217 -85 90 13 -239 52 83 -228 -76 -206 -133 -205 29 1 -80 -8 -57 182 -45 219 -170 -212 162 23 -199 -74 15 -6 4 154 186 249 -208 222 -207 -164 69 165 -77 -214 236 -167 79 183 145 214 43 142 146 -117 173 16 -246 -38 221 30 32 -116 -235 112 114 -7 62 171 -127 12 -134 84 -148 -187 85 101 -204 232 33 102 41 167 75 -120 -222 93 -136 118 240 14 105 -37 -65 -150 -83 151 169 -59 -146 -188 39 203 66 -238 239 -68 -69 40 175 100 -200 -24 -245 -216 -99 189 -184 -240 -2 76 -166 -23 152 -182 -93 130 223 -236 74 159 55 26 194 -130 96 155 125 119 170 61 65 -230 -211 -13 -129 -249 -220 -189 11 217 73 31 -28 -46 -209 -225 0 -115 210 -176 190 -194 177 138 132 -163 -32 207 -152 -55 -232 -122 248 -62 163 -42 -26 229 2 213 -140 63 -172 -27 -70 121 -177 -157 -198 234 -90 88 -138 46 -186 116 184 28 80 87 77 17 -106 -91 -135 -179 -158 -113 -87 -20 56 -18 -221 -165 139 -111 -92 224 92 20 -149 -121 -195 -41 -213 178 228 10 91 -137 174 135 -126 -173 48 131 144 -40 -131 -141 67 -3 -98 149 38 -175 -81 124 -48 -132 -47 247 126 185 -64 72 -5 -56 -154 216 -151 128 -248 180 -1 35 -156 244 181 108 -142 242 -61 212 -25 -103 -63 -16 27 -110 -29 49 -191 246 -155 -185 -169 160 9 -86 109 199 22 198 107 113 -50 -78 166 -88 64 218 18 -109 -147 168 47 78 58 -60 -34 243 -112 -52 -118 115 -201 -196 104 42 -183 123 37 60 44 205 208 227 -174 70 -233 -144 54 230 140 -12 -101 -104 -39 45 225 3 -58 -67 34 127 -171 193 191 -119 -96 122 -125 -21 147 106 -197 158 -53 -223 -162 -44 
TEST 121 ARG:152 194 89 -239 -178 213 -160 -131 -59 167 -4 105 121 34 -215 128 -148 192 108 -154 220 -40 172 -124 131 17 99 -104 -71 -170 54 207 5 -244 -106 74 49 95 -196 -207 -204 -62 129 183 111 -75 -43 -150 -153 -30 62 229 163 -116 222 8 68 140 -120 191 29 9 52 -182 28 -211 14 -122 122 26 32 -231 -44 -55 -46 -130 133 156 -61 -6 -93 -105 -250 142 79 84 -194 -26 43 -41 109 -242 196 57 -83 36 69 3 -64 107 144 198 -212 -129 147 138 102 116 -149 -42 86 248 -179 -184 162 23 -9 -208 106 -230 -72 159 -23 82 -7 -20 -209 7 -171 240 -176 -190 -22 149 93 -32 -169 -210 71 -177 77 -50 27 174 141 197 -123 -162 -216 -85 -48 -2 -235 -213 -86 206 -202 78 -193 -119 -15 125 -246 94 -245 -98 72 209 19 171 -97 -138 -173 168 226 -229 31 -17 158 -117 -222 -241 -34 223 153 -197 -218 -113 137 -79 -54 64 130 -118 45 -198 -33 203 63 239 -201 -232 -84 -58 15 16 -142 56 151 -68 101 -139 231 -152 -12 -199 -186 143 39 126 -80 -65 150 -134 132 24 -238 -88 2 -157 164 -94 193 112 205 -60 -183 160 6 -115 -125 182 -70 -111 -121 -133 -39 -81 242 -147 146 -47 12 47 -189 -223 -77 -103 173 -45 -3 135 -219 181 35 225 -51 -29 90 4 -224 -74 170 -140 -161 98 212 40 232 134 243 -35 -164 87 91 244 -107 179 58 103 -95 -144 -91 44 188 180 -233 -19 -163 245 -158 175 97 -136 -56 -167 -11 -195 241 -172 65 -226 195 145 -200 85 211 -96 73 -185 10 96 148 166 -240 -82 -174 -63 18 -38 -165 41 -155 25 -236 -69 177 115 -145 -1 -203 -217 59 42 123 -243 -24 201 -206 233 -101 155 -52 -25 -205 136 61 -234 227 -92 236 238 249 -168 53 118 -21 30 13 -102 184 224 139 70 161 202 157 -188 60 -16 185 113 -225 76 -73 210 -5 -146 -67 -36 51 38 -143 221 -237 -137 -112 -151 -159 117 -128 219 -57 178 -141 -227 189 154 -100 -249 -247 -31 75 -90 -126 215 217 -89 104 176 169 -99 -175 20 33 246 -49 80 0 100 22 -53 186 247 119 -192 -220 -221 -18 48 92 124 165 190 214 218 -27 -78 -110 -14 -66 21 228 216 -76 127 -87 55 -156 -28 204 230 -37 200 -181 -10 83 234 88 -114 120 50 1 237 110 66 81 -187 -180 -8 199 37 235 -248 187 46 -135 -166 -132 11 67 -127 -13 -191 -214 -108 -109 208 114 -228 
TEST 122 ARG:129 -146 133 -129 -112 -34 243 152 -169 84 -243 97 226 -90 -132 188 191 -161 59 69 -74 -84 182 -165 55 60 -138 223 -32 -242 119 -178 -163 99 -78 -131 -184 -225 183 197 66 75 -66 -10 -15 34 88 -44 -48 -250 148 136 67 -61 -209 -141 5 24 -198 -214 -80 -52 13 91 -226 236 54 -177 -207 -13 12 -134 39 134 -92 -154 -199 135 -206 230 120 -81 -191 -88 -73 94 7 -148 193 158 102 -217 -205 -106 164 -1 144 81 245 131 248 -142 -239 61 212 -245 139 -51 -182 -97 89 -224 45 -100 150 -160 143 -204 227 169 -107 -237 160 -101 -130 -238 -188 -234 -185 163 8 -76 175 58 149 78 166 -153 -17 -59 237 65 154 -203 49 -22 190 -166 213 -110 -20 238 82 219 -31 21 57 -216 -3 100 235 215 3 -218 76 -152 249 167 46 14 96 -212 -145 -126 -67 -64 180 192 36 146 181 246 72 244 147 -189 118 200 -167 161 187 19 -94 -57 28 -43 105 196 -139 -223 -183 -197 185 -41 141 -25 153 -116 70 -170 42 44 103 168 27 -47 16 225 -187 229 -156 199 -8 -42 -49 -137 128 18 113 71 202 106 -5 -115 159 204 98 -168 -33 -175 -104 -18 -89 145 -45 210 -120 242 -85 116 157 -39 -149 239 43 -244 50 10 137 -140 -144 93 41 211 240 -70 22 -36 171 1 205 122 -118 231 -147 110 142 -247 -37 -53 -93 33 -56 125 247 -117 -113 -95 -222 -23 23 92 -121 -21 20 126 -232 176 -241 73 123 -24 -248 -174 -230 -65 51 -221 177 194 -240 -246 -69 -180 30 86 63 -202 -40 -200 156 -162 35 -46 140 208 38 -58 -227 -16 216 -108 195 -196 109 -87 111 117 -229 112 -7 -55 228 201 -4 233 220 -82 80 -54 17 -30 -35 62 -235 132 4 -28 -208 -125 -114 241 -159 -124 221 -86 -220 -194 104 -231 90 -190 31 -68 -83 -181 124 -12 107 -157 -38 68 -9 178 -215 186 -109 189 53 -228 -60 87 -173 -150 -98 -77 -233 -171 -155 -14 222 -164 -172 -75 -211 198 -219 173 52 174 37 25 79 184 -176 232 224 155 108 127 217 172 -119 -2 -158 -105 214 2 -102 32 218 165 64 -249 -79 48 -133 -123 95 -6 -26 -71 170 -127 77 -186 130 -62 179 -201 207 206 -63 -103 56 121 26 11 29 -27 -213 -122 -192 -111 -50 -72 162 -11 0 -19 83 -128 209 138 -91 -99 15 -179 101 -96 -135 -236 85 -193 -151 115 151 47 74 -195 -136 234 40 114 6 9 -143 -29 -210 203 
TEST 123 ARG:-24 189 -103 -215 -80 64 -147 -157 224 78 -47 -19 238 -148 44 176 -85 15 7 -238 76 72 -187 174 25 -35 13 -168 -204 -209 -30 -42 1 -190 -236 -212 -248 183 -174 240 155 20 -4 -195 57 213 -142 -155 -134 161 -38 -105 -247 146 93 -32 -145 23 225 102 37 -68 -138 124 95 -173 248 -96 -144 -94 -163 26 -114 -120 65 107 -126 83 -179 -97 129 -237 180 -116 131 112 149 39 -27 100 212 -216 229 40 -201 153 241 -137 -135 -117 228 -76 -69 -52 19 -219 143 197 11 -160 196 -59 52 75 150 -31 69 -242 159 -71 130 120 -208 -227 -25 -206 -95 116 115 90 -43 54 235 -49 -166 -149 -151 191 171 -136 -225 194 -89 -232 -6 190 -66 -64 -115 -213 -77 137 -40 -125 192 177 -16 -244 128 -92 33 188 -113 -191 73 -87 127 157 227 89 142 -171 217 36 -246 -186 -178 -233 24 -189 -100 94 -79 -241 -152 -111 -226 47 204 17 48 136 242 -197 -84 -159 -167 -20 -165 246 -23 32 66 218 58 84 -108 -229 -41 166 110 -67 -28 -124 230 223 -53 -196 -214 125 55 203 -107 -9 220 -121 -75 -81 -153 46 207 -119 202 2 221 208 117 233 88 10 -74 -18 201 96 -104 -231 105 -211 12 -57 247 -45 -51 249 -72 -172 -55 -188 74 -14 -182 134 -88 -36 214 -169 169 -249 140 91 160 148 -156 62 -86 139 193 167 -110 50 104 132 133 87 -228 -222 -217 68 -61 97 -183 67 -62 51 -44 43 -130 -10 -194 -82 45 -176 -54 16 219 0 -109 -218 156 -63 -205 -140 71 60 141 -58 21 -118 163 -56 -162 35 49 -21 114 -60 -48 236 -46 -230 175 -180 179 -154 -98 200 205 -164 -78 -91 -1 -223 106 -50 22 -224 222 4 184 108 121 138 -235 53 9 -122 5 -129 -146 -175 173 154 -245 -8 -29 14 -220 185 199 56 206 -70 82 -123 -112 244 239 144 145 -184 -26 -158 -210 210 -177 -101 170 -243 -132 -37 168 182 -15 59 172 216 29 103 178 118 -221 186 245 27 181 -193 -139 -240 -127 -133 123 113 237 -181 -207 -102 -83 198 -11 42 119 211 -161 85 -234 109 -128 -200 -99 -12 243 135 158 164 -90 -199 86 152 232 30 98 77 -203 -39 187 162 215 -106 6 61 63 111 -170 101 -198 195 234 231 31 -2 3 151 209 -192 165 38 -131 -34 -65 81 147 226 -239 126 -250 -17 -5 -33 -22 -3 122 8 -202 28 80 -73 34 79 -150 18 92 -185 -143 -93 -141 99 -7 70 41 -13 
TEST 124 ARG:-10 170 -154 -161 -33 82 11 232 225 118 41 125 -102 166 -175 119 213 5 243 212 150 -1 210 171 -70 -81 -19 -92 -69 -232 -189 -97 22 249 200 -104 -125 16 -178 -151 196 -46 112 -243 -194 -152 -130 -229 76 -118 -105 39 19 50 -17 -80 53 127 134 -30 160 -240 -20 79 30 9 -193 21 -99 27 -237 -223 214 115 -169 -21 -75 246 152 96 -187 185 184 -184 -90 -159 51 149 -160 47 -190 68 190 -131 36 -100 201 -32 109 216 0 -241 207 -144 -230 -117 6 93 91 -35 -139 -86 -239 26 -182 13 -107 -13 -129 -58 35 131 209 -148 -196 165 -7 -202 195 -246 78 -132 244 -221 55 121 223 -59 -8 -73 -115 -249 90 64 58 -67 40 -101 -153 138 -50 188 -200 -137 199 -34 107 -133 -120 -209 62 92 -180 25 -37 -43 221 -4 -66 114 -36 155 -87 -141 -170 42 33 88 10 -54 -113 3 -123 215 -127 -25 -231 83 -186 1 67 161 -108 -111 -145 -62 74 -214 159 144 177 141 65 18 139 -93 219 14 95 126 -42 -95 80 106 103 -238 -119 218 -51 204 81 224 -147 -77 157 56 -18 158 102 7 -143 -244 -53 -91 -203 -16 136 73 69 -171 229 245 -52 -150 -210 -167 48 191 164 37 187 -197 -64 123 172 -201 23 -176 -216 -49 77 -205 226 -199 217 -224 235 240 237 135 -61 -128 176 87 71 -126 -14 -245 113 -156 -121 -56 -177 -142 -11 72 -45 151 -207 38 110 173 -165 -168 -218 -138 -195 163 241 -12 -181 -103 -15 198 -47 -185 -122 2 -76 -98 -68 -155 145 -22 -198 8 -149 -247 -114 84 128 17 46 202 -57 -78 -222 -173 238 -60 -236 189 234 148 -55 -84 -166 -226 97 197 -242 43 -82 -124 206 -250 -89 -227 28 -6 -3 -158 104 -183 -234 -88 61 124 -248 -31 -38 153 167 20 -163 75 -65 242 -27 15 111 178 63 -225 -174 -44 137 44 -220 24 132 -28 32 -71 12 -135 34 -29 -206 86 222 231 181 -26 203 70 -162 29 156 -172 -212 -72 129 -228 -41 -146 147 117 -164 -94 -5 186 -96 4 89 -112 105 98 60 66 -235 -83 99 211 -106 108 143 193 175 140 220 194 100 -116 116 59 -40 174 -211 -79 142 130 228 205 -215 101 52 -192 -208 -39 239 -85 180 -204 -24 -140 -217 -23 179 208 31 233 -219 49 182 236 -188 -110 -179 45 192 133 -2 94 -109 230 -134 248 -136 -74 146 154 85 183 -191 169 -233 54 227 -157 162 247 122 57 168 -48 -9 -63 -213 120 
TEST 125 ARG:200 223 215 157 203 243 -49 51 -178 7 151 -78 185 -153 10 -128 -8 186 -213 -203 -59 -69 -16 -145 178 -217 -196 161 103 -226 -100 -225 120 163 135 69 129 5 59 96 80 43 156 -38 21 -105 -98 -148 -108 101 -53 -240 -195 146 22 180 -13 58 -120 109 -250 28 164 60 62 194 -185 -123 227 -60 -230 166 249 -30 -93 -124 -14 -125 -205 -97 -39 -58 -35 39 11 -130 -94 -144 -73 -31 16 202 -165 45 -72 -110 -244 85 -146 -160 102 13 -75 -48 95 -115 221 -231 110 -6 -56 104 -136 32 -51 6 -90 -91 -209 -139 144 -99 30 -41 176 123 26 38 150 33 114 -82 -74 -95 147 -36 218 -169 35 236 140 139 -191 61 242 162 -167 29 -89 74 25 -222 224 138 -126 83 238 -193 -77 -40 -68 56 169 192 -247 -42 -83 -157 -172 17 -32 117 213 42 154 108 244 67 27 -121 89 187 84 -152 -237 -215 -107 55 -245 52 -84 68 -166 235 125 -44 181 -133 91 -9 198 -114 -189 20 177 18 128 54 -33 -197 -216 -206 175 231 98 34 122 -12 -18 209 -135 -64 -50 -71 57 -138 225 -109 124 78 82 126 -34 197 -57 -233 105 199 1 -37 -192 -177 -147 79 -155 -118 165 -137 106 -127 193 87 -70 -224 73 -241 191 -85 -23 226 220 212 -161 -180 -204 -149 -141 217 111 86 -1 -65 133 155 -113 241 -142 -67 -117 -181 -163 23 63 -200 118 -28 94 -66 239 40 -47 -24 -2 183 -202 -211 44 -54 206 -19 -5 -243 -170 148 115 -21 -102 0 -150 48 -228 -229 -159 205 195 152 174 -45 36 -175 -190 -235 168 -223 -61 -221 204 100 70 137 -111 -10 232 -212 208 182 149 53 -112 -214 214 49 -151 90 184 -101 234 -22 -174 3 112 -219 14 179 -62 66 -171 219 229 93 233 216 -88 143 -122 160 -140 64 76 -236 211 210 -179 -194 -207 88 8 -168 113 -183 -248 -87 -52 159 -134 172 145 207 31 -218 -239 -43 121 -158 119 -4 47 -208 -131 -188 -198 228 247 15 189 -129 -15 -210 -106 -234 153 -162 116 107 170 -80 237 -7 -96 190 188 222 -63 -11 -76 171 173 -143 -249 -86 65 167 -232 -103 -79 -246 -201 127 2 -104 -3 230 -27 41 245 -119 -187 -55 -154 -20 136 50 -238 -176 -164 -116 9 -92 37 -26 -81 77 -186 -227 -25 158 141 142 -17 12 -46 -184 81 246 -156 46 201 92 132 -173 240 131 19 196 -199 -29 -242 75 24 4 99 134 -182 -220 248 -132 71 72 130 97 
TEST 126 ARG:219 182 197 4 -241 -57 192 -40 122 223 72 -99 71 56 -91 -5 -158 43 88 -56 -29 -23 -4 -202 204 -184 -130 -21 148 -92 -222 103 191 -174 -118 184 162 175 -150 -148 139 79 69 -197 247 27 231 113 208 161 121 5 48 109 116 238 -87 189 81 -168 -104 30 85 178 150 77 -38 10 68 98 -140 -39 -142 230 -112 164 123 -240 34 -156 -25 -20 216 53 -80 75 52 -58 -78 -185 -132 97 54 -136 149 -216 19 119 -161 -43 -100 -50 218 -109 179 94 180 -35 242 -177 -201 -71 205 12 -143 128 -75 -199 173 159 -164 -146 -42 -226 -247 -250 -145 -175 -28 -178 -98 8 -73 95 -18 124 -163 -127 168 152 -36 -65 -166 -243 58 -49 -231 -211 -72 74 -134 1 -64 2 -205 213 -30 237 -218 35 -191 209 -151 -60 -47 -229 227 130 249 61 -169 111 -152 -180 -176 -84 16 -9 -2 39 -83 -119 201 112 -46 47 248 202 104 -219 141 -95 -198 60 44 -167 66 239 -27 29 232 55 17 -181 -117 -126 147 82 -74 -102 -55 57 32 129 186 -12 -225 190 132 -133 -157 126 -139 -13 -235 -213 127 46 -190 -24 171 76 225 24 -108 -106 212 63 -128 245 -68 23 117 -44 -234 -110 -79 -124 -171 59 84 156 -96 64 -54 101 100 194 131 -208 203 -206 236 -153 -63 -242 -122 -48 -215 -204 198 -52 33 49 -210 -159 -230 206 65 51 -115 89 28 25 -155 -69 92 -203 42 145 221 45 -138 196 187 -248 -17 235 36 -41 62 87 -183 21 -10 -244 -120 37 -70 163 78 214 183 102 -32 -237 115 -188 -34 -59 177 -111 -131 -7 108 222 157 -147 210 207 -165 -186 110 -67 -85 73 169 67 6 244 -11 185 -236 234 -173 -53 -196 -61 -14 -26 -154 134 160 -8 -220 155 -19 -81 -200 -94 107 -193 3 -228 -232 -224 80 -51 188 217 -162 -121 226 -33 -137 -221 140 200 -103 90 151 170 -107 -125 165 -245 118 15 224 50 174 105 -31 -233 -187 13 -101 144 -6 40 -77 -160 181 -214 -86 9 -15 -246 -144 93 -76 120 96 241 -179 20 167 -22 106 220 -93 137 70 0 166 114 135 91 -238 86 14 -207 18 -105 -97 -223 26 133 -123 -182 199 22 211 -129 172 146 -249 -170 -227 215 99 -90 -172 -141 154 240 -209 83 7 -113 11 136 -82 138 -89 31 158 -149 228 41 -195 246 -1 -66 229 243 -16 -194 233 -135 -212 153 176 143 -217 -88 -114 -62 142 125 -192 -37 38 195 -189 -239 193 -45 -116 -3 
TEST 127 ARG:60 169 -239 -42 249 -15 -135 42 208 46 -248 -159 -213 -100 -89 -28 -153 -174 -210 -7 244 -241 -178 -113 53 78 -104 -234 -244 -88 202 67 -29 89 -119 -72 167 -187 -226 -78 -65 -79 -212 43 -73 165 141 236 119 170 -94 16 66 -120 118 -207 -39 -201 174 -182 -56 -114 -134 -123 -87 21 205 -164 108 28 193 30 -185 72 -150 -193 163 -218 -122 100 99 12 -139 76 107 87 -93 64 245 246 -117 146 -71 195 -208 -148 155 -162 110 103 -197 9 216 45 123 6 -60 -131 225 -83 151 -14 158 1 120 129 211 79 -30 175 -237 -63 112 -146 -191 -12 -173 -44 -33 -95 -69 117 -247 -115 154 -25 11 -160 81 -116 0 162 213 84 136 160 -1 -181 217 90 75 197 -46 36 -133 -17 -47 -13 -192 -70 186 -8 190 224 157 -68 -203 218 223 229 -118 -163 33 -165 -143 219 95 111 -2 -147 -250 -31 234 185 -215 19 -126 -91 -198 -102 98 54 206 135 -51 3 -129 124 -36 187 -235 227 2 132 -54 176 188 -99 -206 -61 -179 -200 29 -9 214 -246 -171 -188 178 71 -136 -6 70 26 161 -155 -184 15 -186 196 -75 105 83 -189 -52 10 -45 116 180 -48 -233 35 -225 -229 210 -238 -106 25 -170 51 144 241 18 47 14 5 96 191 -62 24 40 177 -228 -97 61 68 -92 -194 91 125 -190 32 52 -214 -90 -109 27 233 226 -183 -107 20 80 221 130 -130 58 113 -180 -10 -209 39 -243 -149 182 102 -158 -67 156 -125 232 101 -53 50 -103 -55 -76 22 159 65 -220 93 -98 220 -140 -38 8 -169 -35 48 184 -105 -21 106 44 -176 -41 41 17 -236 235 -74 -108 -101 -4 134 239 204 -196 69 -80 -166 38 -242 215 198 -223 199 -138 -195 179 166 -144 172 -137 142 147 203 104 59 -156 -161 -34 -168 82 248 -27 -43 -205 63 49 -199 88 -211 55 -141 -145 -230 57 164 143 228 240 138 -24 189 238 -86 -85 -219 140 243 -23 4 -50 -245 -81 -59 -151 209 137 85 -66 153 148 -231 -18 -177 222 133 -202 173 131 -232 -221 13 230 62 86 -240 -222 212 -112 -19 -77 -227 -37 115 -96 109 37 77 7 -132 -224 207 -32 -110 -111 -16 114 -124 -64 122 -175 23 74 56 201 149 242 -11 -57 -84 -216 128 -121 168 152 -154 -3 192 -142 247 -249 31 139 -127 183 194 -40 -58 -167 127 -82 -152 231 -49 97 94 -22 -5 150 145 181 126 92 -172 -20 237 -217 -128 171 -204 -157 200 73 121 -26 34 
TEST 128 ARG:-142 -55 110 -209 -30 -164 238 199 -121 150 -116 -198 -211 -33 -174 18 -201 -50 -173 142 40 -246 -3 -62 -223 -76 -219 -148 -137 -23 78 81 196 -183 249 85 239 99 -186 33 -80 65 66 -96 -57 -31 -101 198 6 193 -28 -141 -35 -156 12 -165 32 -25 -185 211 -162 95 -230 -46 235 -79 101 97 112 145 -98 104 135 -92 94 -82 13 -182 -91 -153 17 158 209 128 197 166 139 -242 91 -244 -236 -132 -119 117 42 -2 192 -144 242 51 -188 -77 -8 246 -152 -146 -65 -169 218 157 4 -6 61 -37 125 2 108 -149 -177 -217 163 -68 206 34 225 27 73 -229 38 -52 -249 194 228 -56 -139 -123 -47 31 234 212 -90 -172 188 15 -205 54 147 116 -63 -210 58 178 105 82 -39 144 55 -231 215 -74 -85 -129 -235 121 -166 87 -245 141 208 -184 231 45 127 248 202 191 -196 -243 -38 100 47 223 -221 -71 151 222 96 -163 243 -150 -232 74 -128 233 92 -218 88 175 221 -125 -204 120 -64 109 129 -195 200 -237 -72 185 180 -161 -248 -108 70 79 68 227 -120 -42 71 134 -81 90 -193 56 67 126 -239 -216 155 30 -112 -13 -228 -138 -214 -102 39 -41 -114 102 176 154 63 -212 -32 170 230 -190 80 -189 217 119 -117 177 -192 -73 -22 -233 -134 10 133 103 72 -27 83 64 237 -220 -34 -110 113 168 9 -67 -160 -159 -7 115 136 161 36 -53 48 57 -111 107 -19 159 -215 122 -170 35 162 195 -234 -69 -107 -136 -222 183 -180 -97 -60 131 21 -58 -17 93 26 1 226 86 164 -194 -21 153 205 98 -130 -10 -157 -115 -78 -127 -207 -18 -199 62 -75 182 140 -113 124 -197 -1 -224 184 -12 89 -16 236 23 -4 -227 -44 -178 190 187 172 -135 5 -20 24 46 -88 -126 224 -104 8 -87 59 -95 179 -61 -118 -206 16 130 173 22 -26 186 156 -155 -51 -202 -213 69 174 -5 -59 50 -106 -140 137 149 245 -86 216 28 -66 -43 232 49 247 -109 146 3 167 11 -9 -167 -122 -187 -83 14 -247 76 -36 53 37 43 106 165 138 -181 203 -93 -171 -208 -15 244 -70 52 -14 181 -124 -89 132 -99 84 77 -103 -105 -241 -151 -49 75 20 25 -175 41 241 123 213 -203 -24 -143 114 -11 -147 -133 -179 219 -191 -238 171 152 -158 -168 7 -145 229 -226 189 201 204 148 143 -54 0 207 -240 29 210 -94 19 -176 -45 -225 -154 -48 -131 220 160 -84 -250 169 -40 -100 44 -200 240 -29 111 118 214 60 
TEST 129 ARG:193 13 80 -209 124 -173 226 42 -174 -210 204 -64 192 -45 211 111 -116 127 -168 -250 2 108 213 247 144 54 -91 228 -220 -196 -228 74 221 -231 34 97 236 11 67 -100 -134 -129 161 220 91 -69 196 5 99 -188 -176 -128 -192 215 -225 106 -46 -88 62 9 -114 94 96 -82 -246 72 -198 122 -25 160 -243 -130 139 70 241 -74 231 -140 -143 165 -222 49 230 -110 -145 -137 -121 -16 -135 -212 59 -122 137 234 -5 31 95 225 -9 77 -34 28 83 -224 214 147 -199 -127 229 22 -37 150 -182 246 104 -185 -125 -229 -237 -223 -208 0 185 -165 58 118 151 -3 -108 -131 43 -22 216 23 -162 -109 -20 -81 60 -138 223 182 162 133 -150 88 188 186 69 202 -184 -12 -161 -70 -54 46 -147 134 100 -226 -180 -107 -240 71 -13 238 227 218 191 19 -123 -68 18 -232 -119 244 -24 79 82 130 117 35 -158 243 210 -233 -8 183 12 195 184 68 16 -195 -124 66 203 -202 -205 63 -201 177 56 -4 -47 -154 -207 119 -221 101 170 -75 76 21 -39 -17 14 10 -65 64 206 123 -190 -156 -200 90 142 6 173 -1 -248 -148 15 3 129 164 198 217 -164 -152 189 -48 -216 126 248 -79 197 -193 4 89 115 -136 -106 136 24 -146 -126 -73 180 -23 -87 -213 105 116 121 -186 132 -93 -115 -55 26 -30 -172 -98 -194 45 -175 81 -89 224 212 73 -227 84 156 171 -80 172 -6 -96 135 32 -99 55 -43 -103 -171 -155 -142 -104 190 -177 -236 78 -247 249 30 208 107 179 -187 -66 20 -112 159 -178 7 33 50 -27 153 -141 -160 -206 -149 -117 44 40 -83 -157 51 37 103 163 109 -52 -62 -31 -95 -214 181 -183 -203 27 -159 -132 222 -21 -77 -41 -61 -71 146 53 -217 -28 -57 219 140 168 -239 235 -78 -238 65 52 -32 36 -50 240 48 -84 149 -191 -42 -215 209 -2 -167 -153 242 8 -10 141 -249 -72 57 -118 -230 113 125 -163 47 -18 175 -11 -60 -241 200 166 -44 233 -242 120 245 -120 -105 -139 39 -7 194 92 -26 239 25 201 199 41 -40 93 -29 -102 -85 -101 -169 112 -35 -133 232 205 174 -49 -151 176 143 169 154 102 155 17 -218 -235 145 138 -181 87 -33 -113 237 1 86 -38 -59 -219 98 -211 -56 158 152 -197 -189 167 187 -111 -58 -15 -67 85 -92 -179 114 -245 128 -244 178 -166 110 -53 -14 -51 75 157 -63 -204 29 -76 131 -86 -19 61 -97 -36 -144 -94 148 207 38 -90 -234 -170 
TEST 130 ARG:201 221 -41 161 208 -194 -216 46 -44 14 222 245 -196 91 169 -23 -155 240 195 86 -65 -26 40 4 164 -223 -142 41 194 44 123 -101 -144 50 -235 -7 -57 37 -43 87 116 -97 -90 23 242 179 3 -118 -4 -69 -76 219 -197 193 -66 -172 -70 -159 -248 205 215 118 -29 -201 -45 172 144 -224 235 -112 249 -169 58 -176 71 -1 43 -115 -91 -42 -33 -158 -141 236 -178 -193 48 -99 232 -5 34 104 -181 83 -147 217 -19 -92 13 -160 -133 170 -219 -234 176 -82 182 109 -182 -149 -209 210 -119 -40 54 -74 42 20 148 220 -231 -64 248 74 -18 77 -107 -25 -131 -184 72 237 130 97 -247 -129 -148 17 -230 113 -120 -190 -128 231 -96 -130 159 -81 -113 117 227 -134 -24 -59 88 175 81 94 160 -156 7 218 -75 -227 -166 200 -8 233 -187 -94 244 -200 -15 173 -108 108 -214 -165 -124 114 247 137 112 22 -203 209 -114 229 -211 59 32 19 -50 128 178 -37 228 62 -125 -49 -36 230 -186 -117 -204 -48 -110 36 -233 168 -27 -105 199 -164 -199 -154 -9 75 143 226 103 155 101 47 223 -73 -185 92 203 2 -210 84 -93 38 212 -236 -150 76 214 -207 -228 234 -103 -35 -123 45 216 53 -51 -111 -61 165 -10 -86 -13 -191 -39 -179 191 5 -87 -56 -237 -213 149 -243 127 -98 142 -140 93 -11 190 -217 79 -241 -121 107 -58 63 99 -246 -55 -132 132 225 -171 0 -67 129 207 52 49 -245 -240 35 96 15 -225 -68 -54 152 -95 -135 -138 139 33 196 -161 -238 39 140 -106 -62 -212 51 28 82 -16 -162 8 171 -30 146 -244 189 -143 67 174 115 56 145 90 211 -3 -232 -215 136 -198 -28 177 184 -34 156 31 85 120 6 95 246 -177 -52 166 66 -38 -145 61 -53 12 -116 73 70 -173 98 -63 -226 -100 30 187 -122 206 9 154 -72 -88 185 -21 153 -80 27 -175 -192 -239 -85 -104 131 -2 238 -60 64 157 89 -218 -222 -183 -242 -14 -78 25 -12 -249 -206 163 124 -180 188 26 135 -229 198 -152 111 147 -146 -71 -32 -109 -102 243 -136 10 60 -221 -205 -151 102 -47 -126 65 122 100 181 -170 -139 -157 69 -22 158 -89 134 -250 -79 125 -83 110 68 -17 -174 -195 133 16 202 138 151 162 18 224 -127 186 78 -153 192 -20 -84 -168 29 119 126 55 -137 121 57 239 -46 -202 21 -188 106 1 204 -189 -220 24 -167 180 -6 141 150 -208 167 197 213 105 11 241 -31 183 -77 80 -163 
TEST 131 ARG:115 -172 21 176 77 -5 -201 246 234 147 -150 -218 -28 215 188 203 185 -80 -97 -98 207 5 125 175 -200 111 226 155 -54 180 -79 -232 -133 32 -229 -1 210 54 -73 103 202 143 131 81 91 -9 177 -91 -93 -189 67 63 94 223 -57 -41 -118 -234 109 -124 37 108 -203 34 243 -85 -77 2 62 -142 -56 -138 -4 -220 -177 52 200 227 -74 -14 -222 -194 40 -95 -151 -155 232 146 -50 -103 -156 -49 121 -48 -183 -210 224 178 70 231 59 -182 123 213 119 164 -116 82 -176 117 -75 145 -240 33 101 88 140 -198 29 93 187 160 199 69 -52 -38 -139 -214 221 -211 107 -221 168 153 -207 19 11 163 -179 -72 -167 38 -146 -17 -169 -235 47 -166 235 66 -224 -168 -53 23 -84 75 20 97 197 -89 61 -132 -7 48 -70 72 191 -106 -126 152 217 -160 -104 133 204 -46 -216 -223 -241 -170 53 -215 -247 116 15 -136 -99 -39 -20 -71 -231 90 41 71 127 -25 128 -44 98 -239 64 208 -191 132 -225 -143 -204 -175 -107 -40 158 35 -192 95 -113 -120 -21 -250 -119 171 -134 -152 228 -174 100 89 -248 -96 189 126 196 -209 190 -76 -10 162 211 -164 -8 -90 104 129 8 -137 249 -101 142 -69 -81 46 -154 237 -125 -110 -202 -187 12 -145 -159 28 -190 80 -197 -193 -65 105 222 -111 194 102 -63 -42 79 157 -22 44 170 -186 230 -35 248 174 -233 -228 1 -61 10 96 -45 193 -88 212 56 27 78 -51 -245 -2 -199 139 6 14 68 -217 49 50 -226 -181 83 -92 219 -195 151 -141 120 -163 -66 149 -83 -86 136 -68 -59 -105 -178 -36 -227 198 205 233 134 209 -212 -157 -148 -213 229 26 112 -123 -62 161 84 -219 -162 -32 106 214 -23 154 3 247 -121 -3 242 184 58 -130 240 -153 159 -131 -144 65 -87 186 -206 -117 220 -108 25 -238 60 57 -102 195 135 138 218 -67 110 -135 -114 113 -100 -6 -161 -127 -112 -12 -236 -94 24 183 166 -122 -43 -185 0 -31 -196 156 30 239 225 99 -140 -188 -149 -171 9 -13 18 86 -129 45 165 -230 216 4 17 -24 172 7 43 92 -244 22 179 124 -26 -237 -82 -18 -15 -147 182 74 -78 169 245 118 148 206 -246 236 -34 -33 -16 -64 114 -58 167 -205 173 -242 -128 39 13 181 238 85 -180 -29 -109 -27 -249 122 137 130 192 -115 201 244 16 141 55 -30 76 -11 150 -184 -37 -165 -47 -243 36 73 -60 31 -208 -55 -173 241 -19 51 144 42 87 -158 
TEST 132 ARG:-141 134 -32 -65 -31 -27 209 -134 108 -38 139 42 160 -117 -196 -169 165 1 164 211 -69 56 -59 -189 -140 -16 -28 226 -40 195 -243 -152 -64 217 185 18 -158 -211 58 197 129 219 167 81 -153 -232 48 -92 198 121 -218 215 230 99 -197 -21 -105 -53 203 79 -101 -67 -185 -194 -61 -175 6 -131 -4 119 -204 213 -60 -26 127 -170 -13 -192 29 -161 88 -57 190 -215 80 -160 157 -143 -62 26 70 -94 -234 57 120 -43 248 170 -139 -63 86 -157 27 208 169 -79 207 -23 133 -42 -48 -29 -214 110 173 20 -2 8 -88 -98 -96 -213 54 82 143 199 97 -156 -142 60 210 159 243 -226 223 -217 -183 -245 191 235 106 -93 -173 -70 -1 192 -165 -100 -49 244 147 -114 -39 -206 -128 -44 -228 -208 -166 237 73 240 154 247 -216 161 -34 -201 178 -179 102 181 63 14 -122 -80 -112 -132 204 -146 -151 76 229 144 246 -162 2 94 -190 140 -154 201 130 202 40 -5 -73 71 77 -207 98 3 84 225 122 188 249 96 -91 19 65 100 -47 -115 137 -14 118 104 -11 -159 -37 205 -188 31 -238 -125 -78 214 -177 43 -163 7 -199 -223 39 -203 -108 158 124 11 -33 233 -242 -90 91 152 114 -241 -109 10 83 194 -236 175 171 200 -212 -50 46 193 23 -121 182 -56 212 74 -136 21 234 189 30 67 35 -89 -145 -129 -222 41 103 115 -103 -195 -210 -168 -24 105 150 149 112 -87 -66 142 12 109 221 -55 196 9 236 125 241 -230 -171 85 0 -9 180 89 -147 -248 -180 186 123 116 -198 131 101 68 -85 75 -74 -10 15 -71 138 -18 -41 -107 -149 206 166 -123 -220 -25 -219 72 -7 55 50 -95 220 218 -86 -167 148 184 -144 -54 51 111 238 179 -150 145 -97 -155 -111 227 -148 38 -240 28 -83 -235 183 -116 -127 141 -250 -138 232 25 -225 16 24 -82 13 17 -193 87 136 -45 -178 174 -6 135 168 231 37 113 -187 -176 34 -172 -8 -106 -19 45 78 90 -233 95 -72 -181 126 66 -102 -135 128 59 117 49 22 -99 -12 36 -75 -36 -133 64 -119 107 -209 -22 222 5 -51 -231 216 -224 -35 -68 132 33 -221 52 -186 153 47 -124 151 -227 -239 -164 -237 187 -120 53 92 -110 61 -81 4 -76 -182 -126 44 176 162 -229 -113 228 -247 -191 -246 -58 245 -17 -52 224 -15 69 -205 172 -3 -46 -104 93 -244 -20 32 -174 -184 177 146 156 -130 -77 -249 239 155 62 -137 -30 -118 -200 -202 242 163 -84 
TEST 133 ARG:80 -160 159 -52 -20 206 243 78 -79 -108 210 -48 51 110 117 -55 104 109 -89 -201 177 192 -46 75 39 -149 -202 -143 150 -198 36 246 10 -213 164 -119 92 -73 -225 70 156 21 -154 146 -16 -95 16 -209 -23 7 212 -224 -168 -127 -157 106 -99 27 -93 -17 -41 -84 -163 43 2 239 -138 -100 167 -203 182 46 -128 -241 -133 -132 -53 -207 236 232 -218 233 72 -2 241 74 91 88 -131 85 -29 219 -123 -18 -34 -70 115 -86 -59 234 65 -87 158 -145 -80 140 -247 -226 -88 -90 185 -231 -230 -109 -27 -187 -111 93 248 166 -184 14 190 -113 -147 188 121 -98 161 76 -148 -120 24 -171 -49 201 -83 13 -211 213 242 119 -14 -243 211 28 33 66 -199 98 -118 -134 152 -227 197 149 187 -185 3 -32 -142 -56 -92 96 123 59 214 -217 -65 -62 193 205 -69 -26 -10 61 95 -45 -3 53 17 -228 147 224 -195 58 245 -183 -12 15 -177 99 -6 -81 -212 163 -214 -35 -239 154 122 -139 179 226 57 -222 -232 160 194 55 83 223 94 9 -206 -42 -21 -140 -208 -57 145 143 -166 -76 1 105 -126 -5 215 112 -103 -136 131 -158 -237 -107 162 37 -240 171 173 63 231 126 31 120 225 235 -220 22 157 -236 125 155 175 -248 -1 176 220 -144 25 -9 -174 -121 89 77 108 -115 67 124 -197 -161 200 26 -192 -24 -50 23 -249 137 -170 128 -72 127 228 -101 -78 216 49 -63 -54 229 -116 133 -246 71 -51 41 -152 -67 68 -167 -94 -117 103 102 -151 101 -164 221 90 -25 209 -22 -15 -97 204 -178 -250 138 148 0 247 -77 -238 45 38 -130 -182 142 -75 181 144 -110 -156 -8 172 54 -122 -196 -44 203 -114 -210 -176 199 79 -36 -169 -194 87 238 19 130 -186 97 -125 -13 62 -19 -64 230 -200 135 -58 -112 44 -37 -137 8 12 195 249 -40 -175 -43 -159 60 -219 -28 -106 -74 207 -68 5 -129 81 -85 -31 184 129 -135 -190 -242 -82 35 34 118 69 202 107 180 -162 -150 218 196 170 -215 -104 -11 -165 132 73 -33 86 -191 82 -102 165 111 189 198 -189 222 50 -244 30 168 47 208 -105 -7 -172 48 141 -153 -179 -60 -205 139 114 29 -223 -233 217 4 -155 178 113 244 -39 -30 151 42 -124 -146 -221 -245 -71 -180 136 -235 -173 -188 174 20 240 -4 191 -47 -204 18 183 -234 -61 153 116 -216 -141 237 169 56 100 -193 6 227 134 -96 84 11 40 -229 64 -38 186 32 52 -66 -91 -181 
TEST 134 ARG:232 -88 -65 -204 -246 -191 -156 240 -139 81 -17 220 217 53 83 234 105 6 -19 -189 0 136 66 193 58 -185 -47 -138 179 -16 39 21 -150 120 65 -48 -67 76 201 -57 100 -14 -34 -118 131 197 40 -58 -113 -200 -250 -175 -27 110 94 -121 -172 230 -234 82 -157 15 113 -197 123 -229 -228 17 126 -94 -195 143 4 -82 -179 -220 108 -18 -37 -23 114 -186 159 -147 -173 59 -32 -155 171 -35 -201 86 228 -98 -81 -103 215 25 80 54 -129 -161 84 -212 -2 -77 -188 246 -170 -249 -206 134 107 -30 -127 -148 31 -213 -111 69 117 145 -222 -178 -40 233 -207 -176 60 -198 -78 156 49 183 -242 99 -43 104 121 32 115 204 2 20 148 -126 -1 -76 186 -26 244 -151 13 -216 -114 7 -208 165 -134 137 70 -87 -46 200 -75 -50 -174 -241 -62 -145 97 -11 181 -136 227 -123 195 -162 184 -63 -60 -68 -181 245 -99 -218 -133 41 101 71 -144 -146 208 -205 124 173 62 26 222 11 -199 -125 -86 188 -21 -33 154 -238 -96 -184 -211 221 23 224 -54 -183 112 47 202 -130 -8 -72 -80 198 78 61 -92 219 -143 -224 98 22 -124 -28 -149 44 142 -4 -214 91 -135 -29 -85 -163 144 3 242 125 -53 -245 -10 -120 174 -64 34 139 88 172 56 -13 -110 68 24 192 8 37 -196 132 180 73 -164 -227 182 -230 237 -100 218 225 102 -137 216 -160 -233 119 1 -152 106 -5 -209 -41 -95 -159 140 74 -231 -74 130 -235 -171 -90 92 18 46 -83 -203 -15 236 127 135 213 5 -219 203 -128 -239 122 249 -215 189 -115 175 194 -177 149 -132 -168 -25 128 -154 239 -107 247 -166 238 133 176 30 55 -102 -20 42 -73 -240 95 -244 190 -71 -52 161 167 52 -79 152 168 146 57 -7 138 -22 214 141 129 209 229 235 147 -6 -202 48 109 -31 -91 9 -141 -153 160 -108 10 64 35 210 -44 241 118 -165 -101 85 -70 -24 -193 19 -105 212 -243 -223 151 72 170 50 27 223 199 191 157 36 51 -97 -140 -232 38 -122 185 248 -158 75 -38 96 163 -66 -61 164 12 206 -131 87 93 158 -192 -9 -142 187 90 -221 -217 33 -180 -190 153 -69 -36 -225 169 -106 -182 -93 89 162 205 231 -237 67 -49 -116 116 243 -45 -89 207 -84 -119 43 178 211 16 -59 -104 -51 -39 29 -226 79 -42 196 -236 -12 -247 -169 -55 45 103 77 -56 -210 -109 -167 -194 150 177 -248 155 111 63 -117 28 -112 -3 14 226 -187 166 
TEST 135 ARG:68 197 -154 85 -200 100 -177 74 94 -51 15 73 -2 -216 97 12 72 183 -203 205 -139 -225 92 65 -250 98 245 121 -192 -201 -37 248 -12 -127 225 63 189 -17 -112 84 -169 -10 -111 228 128 -54 47 -134 234 52 -206 152 219 -218 44 -89 199 -189 200 -136 -60 -68 -32 181 169 -228 134 151 187 176 50 77 113 -61 230 249 87 163 117 48 161 -212 11 99 4 70 -167 -232 156 232 171 193 82 27 -241 -16 -79 -243 -85 144 -35 -142 89 26 -66 -199 105 -104 241 -175 -70 160 -176 46 -30 -45 -5 224 -96 -222 -34 229 -118 -55 -122 -3 104 112 142 -57 184 201 58 79 9 -213 -20 -221 247 -247 24 -235 61 -143 45 -42 -238 95 235 -110 110 -52 -246 30 213 212 -173 162 -190 -11 -220 -71 -107 -214 -58 59 -47 214 -93 -63 166 145 223 101 -76 -108 -49 20 53 -67 190 -97 37 -92 -236 155 7 -181 125 209 153 -7 -194 126 -187 -140 -166 -147 -137 240 -56 141 118 57 -178 -231 194 -162 -191 -59 39 210 -249 21 168 203 236 8 -184 -38 -1 2 179 -72 -43 1 -153 35 28 143 -160 -114 -105 -130 -161 -121 -98 -157 -13 227 -197 88 -188 -28 96 -163 -102 154 -205 -29 149 132 78 -156 -204 167 10 239 237 137 -128 238 -46 -124 -15 -6 -202 -113 -193 -168 138 -242 -26 -65 18 16 218 136 -115 -101 -248 56 -21 -88 -39 54 25 106 198 -131 196 -41 -25 13 217 191 111 135 202 -230 140 64 -103 -14 -4 -129 -180 -123 -125 -138 148 208 206 246 -126 -146 173 114 43 129 -170 244 -74 -120 175 -22 -211 -245 108 207 -145 139 -155 -240 -182 -165 19 80 -117 -233 -36 36 41 226 -172 -8 221 -82 131 42 -219 -106 -119 76 -132 -81 188 216 -116 -207 -149 -86 22 172 -198 192 -227 116 242 -24 -99 182 -164 -210 -100 -209 -48 14 231 29 -62 186 158 -83 -75 185 122 -183 159 130 -84 -50 -215 -90 -179 -19 69 103 -244 86 -195 164 34 -224 -151 -91 -27 83 -217 211 -23 3 243 102 222 17 93 55 150 -159 38 -234 170 119 0 31 -87 177 147 -73 23 -185 133 -44 -95 75 33 233 -9 -135 51 -64 5 -150 60 204 -94 157 109 -109 -141 178 -18 -40 -69 -148 40 -229 -186 -237 71 66 -144 -223 -31 32 -226 215 49 67 124 -33 90 195 91 -78 -174 123 81 -80 120 146 -133 -208 115 -77 -239 165 107 220 62 -158 174 6 127 -152 -196 -171 -53 180 
TEST 136 ARG:-234 -14 177 147 -32 77 -162 -91 99 243 -85 216 187 -42 -90 108 -110 196 3 130 224 65 -175 -78 -57 21 -81 82 105 221 -156 63 200 229 -232 -248 89 18 -10 202 -56 237 126 -185 61 -243 -215 -210 234 209 -138 79 1 -104 235 185 -225 13 165 -97 54 -125 96 -89 140 -55 -246 -4 128 -166 41 94 141 -11 22 123 5 -223 -140 17 -240 246 -137 -26 -224 -108 -141 -191 -179 -60 -198 -149 194 122 -165 -40 -51 189 -63 -127 45 184 -236 219 -95 -111 -133 -217 -83 -124 31 -82 -47 222 156 62 -71 42 -43 182 -33 72 -24 -147 154 48 -69 148 51 -58 36 127 -145 223 -228 -9 -50 166 139 -134 -68 -250 85 -181 238 76 -113 -106 -77 -8 245 180 198 -247 233 191 -107 125 -233 -93 201 103 102 -168 -86 -238 -41 -180 -100 -30 86 -84 60 -54 195 43 52 161 162 227 213 -196 116 -184 -73 -152 -116 138 -74 109 2 114 117 -241 110 -173 -36 192 142 -132 183 -29 -153 -172 -18 -219 -231 55 90 -177 214 -65 -131 39 88 124 -129 -53 -48 19 -187 -23 -112 -118 -176 -242 106 -31 24 242 104 9 163 -17 -20 -27 -199 -143 -144 -154 27 247 33 -34 160 231 56 66 -182 75 -103 150 225 93 -216 244 146 -13 -183 80 -139 73 239 -28 -155 -126 -178 101 248 204 -203 15 178 53 -211 155 -88 -194 -169 212 113 -52 8 -3 -205 230 32 190 -193 120 129 -212 -200 118 -151 -49 172 98 -195 -171 83 68 -62 115 152 137 173 135 134 -130 23 -80 4 -121 -206 -202 217 87 169 -25 -72 26 145 50 -105 157 -6 170 12 37 14 -227 240 228 59 -128 -188 211 -92 203 132 -174 171 -1 -207 149 188 199 -19 197 10 -159 107 158 11 -136 84 -213 35 -35 -96 -245 215 207 205 241 28 -7 -101 232 -229 -87 -221 -237 -164 -244 -39 179 -163 -148 133 69 -66 -135 67 -230 151 47 -99 -170 -37 159 -186 186 -160 -204 95 -142 -38 -79 91 16 119 175 236 -117 -161 92 164 20 131 174 -208 7 -201 -214 153 -76 71 -120 -123 -146 -150 167 -119 74 -22 70 121 -189 193 -220 -222 111 38 -59 44 249 -209 -114 -98 100 -45 168 6 57 136 176 64 40 220 112 29 25 143 226 -122 -94 97 -109 -5 -158 -2 -249 218 81 30 -75 0 -235 -67 -102 -64 206 -115 -46 -157 78 -218 -44 -192 34 -226 -167 46 -12 58 -70 144 -21 -239 -16 -15 210 49 -197 208 -190 181 -61 
TEST 137 ARG:-62 7 -238 196 -135 -53 -223 220 29 -246 98 -159 -56 224 -66 217 -41 175 197 178 143 105 -240 148 -123 -231 -215 -131 106 -31 78 188 68 90 69 61 -226 -12 64 -27 -104 -52 208 136 -141 237 56 -184 137 182 -168 -233 -193 42 4 -229 11 -73 -57 77 32 39 246 -59 -112 67 -77 231 -45 -182 -13 -69 27 151 1 112 35 -109 9 -64 20 -46 242 -113 -197 -99 111 159 104 206 -67 -17 124 87 156 -221 -151 47 40 -180 43 -63 177 -49 30 97 209 -249 158 48 45 23 80 133 -102 161 -158 129 -201 55 213 74 127 108 24 -106 -26 130 210 28 119 -68 -40 -47 169 -160 245 12 -118 140 -119 -136 116 -82 -19 -94 6 -60 -247 -18 -115 171 154 -81 185 -165 -15 212 -120 -232 176 -177 225 -167 189 122 -154 -124 -170 -227 170 85 -122 -7 -1 -195 79 155 190 -92 244 -43 44 -16 -147 226 -157 -217 -209 -36 -220 162 -185 -196 -116 230 15 179 236 -146 235 -219 -241 -14 203 204 160 57 215 66 -110 -72 -205 -132 -202 221 -4 -100 -166 -178 115 240 -186 -174 223 -42 54 139 103 -152 -198 -203 70 -129 118 214 -224 33 107 -89 114 51 -3 -144 -230 5 17 82 184 -91 141 126 135 -5 -245 -213 58 -194 -218 -153 166 239 -108 -29 207 198 186 36 -90 -169 -139 -242 81 -71 89 110 -149 134 199 145 -37 83 -239 -137 -127 113 -34 120 -101 222 -175 194 229 -138 -225 227 172 -181 96 216 -125 192 -25 -208 -65 -38 -24 19 18 -130 46 -243 99 -140 -88 -172 -179 232 -200 -97 -111 248 -2 167 16 146 -51 -80 -176 94 -30 165 -11 59 52 -204 238 200 95 142 -83 -206 76 -187 26 -103 243 -114 -21 -28 187 -93 -48 150 41 101 -23 -142 181 -210 249 -76 62 -134 -39 195 -78 -163 -228 63 180 71 219 2 25 75 191 -58 -222 -126 -237 -10 218 -199 -235 157 3 201 102 164 -74 0 147 -70 -33 -87 174 34 88 21 183 -95 -98 -128 -162 -207 -211 -155 121 -32 -190 131 92 -188 -85 247 -236 65 153 53 211 -6 100 -86 50 -96 14 -248 -148 -133 233 -161 -150 -189 22 -79 163 234 -8 -192 37 -35 -107 8 38 -183 -75 -244 -44 10 73 -171 49 125 241 -50 109 -212 -145 168 173 91 84 -105 -156 -164 60 -214 -9 -121 13 138 193 149 -20 -216 152 -250 93 -55 -173 -54 -61 144 -84 -22 123 -234 72 -143 31 117 86 205 -117 -191 228 128 202 132 
TEST 138 ARG:42 -117 -56 -155 149 -250 122 -75 31 198 68 -225 98 160 162 -214 -219 -195 -171 -132 33 34 -249 -105 110 -94 -189 75 54 -101 233 155 142 77 -166 222 -212 -191 -186 -129 9 -209 -130 59 191 18 -26 240 183 -61 -182 151 -122 -187 132 -174 26 7 -86 138 -35 212 78 -205 76 -89 -131 -203 206 60 -46 12 20 -30 244 -230 51 121 181 -4 -238 174 97 226 173 126 209 64 200 -165 -57 153 -111 -188 236 -160 -58 -170 56 -163 243 106 -192 72 239 -45 179 1 -103 232 -87 105 249 -54 -159 -198 148 -48 112 -42 175 63 -173 -245 -184 -85 215 -137 -44 -23 48 -113 66 -66 137 -157 -97 -91 -127 168 -22 161 242 37 -158 128 -78 -134 197 -216 -242 241 45 52 -220 -133 69 159 95 -12 104 -121 13 219 -215 -120 25 49 220 -141 180 -193 88 -49 -1 119 -142 -150 0 50 15 -151 247 169 150 -6 234 248 -222 -21 -68 -59 83 -82 -36 -196 8 -53 -24 -63 109 -62 245 6 -236 111 41 -240 246 -124 115 14 16 -65 -104 -200 -90 -128 -179 73 225 3 22 235 -168 -201 -70 -207 -135 -19 -126 91 96 182 4 217 -175 -88 89 -108 127 47 -211 229 108 -95 154 -47 136 130 194 -92 82 152 85 114 -190 -29 172 120 -143 55 -178 139 196 -33 -145 207 223 -144 -206 178 -9 144 -77 102 214 -25 -8 -232 10 -241 67 199 81 211 157 -235 224 -239 74 113 -81 79 -156 -38 203 -51 -231 36 -79 170 53 -147 -217 195 227 -32 90 201 30 -83 141 38 185 165 -148 117 -71 -172 -115 135 107 -107 -37 -167 -112 27 -52 99 147 133 -73 -99 44 -50 -226 80 -227 93 -5 -7 65 -244 188 -93 124 24 35 -169 -72 186 140 32 145 -246 -234 221 -123 208 -162 -177 -109 -64 -183 -10 164 131 86 -31 87 -69 -116 -125 123 58 -39 17 40 -100 -18 -146 5 -14 -161 -180 -55 -233 -181 -154 187 177 238 202 189 -164 -106 70 11 213 -185 -218 -223 -76 -60 -202 -136 -27 237 -16 184 192 210 29 94 19 -228 -15 21 23 -247 71 -204 -96 84 -3 -229 -199 218 -114 -221 158 -139 -13 62 125 -2 118 -210 92 -176 -243 28 -208 228 46 143 -110 103 -153 231 116 -118 -194 -119 166 -41 -17 -28 -80 -248 -20 146 193 171 -152 205 204 -197 43 57 216 -98 2 -224 -43 -40 61 39 101 -138 129 -34 -140 -11 230 176 -67 167 163 156 -74 -213 -237 -84 -102 100 190 -149 134 
TEST 139 ARG:233 -203 182 158 184 97 234 -103 75 -200 -36 180 62 -119 -108 -39 72 -247 -248 183 47 176 112 229 -89 -213 -182 243 -250 -173 -123 -67 -127 79 41 -235 -142 196 23 190 240 0 -45 232 -230 -62 9 -236 -60 -229 175 -158 224 -194 -135 44 116 81 27 -11 -201 -51 214 59 138 -38 -157 -86 46 -165 236 -22 -205 12 192 -140 -130 5 -246 216 -172 185 82 96 189 26 8 -87 225 -234 93 -37 -161 -226 -26 -121 -27 -225 -132 -116 -35 25 209 -122 -162 10 16 -153 55 121 14 125 242 -52 32 87 31 -192 197 -102 -80 -42 -88 -77 148 -197 -44 -54 80 -23 -215 -240 -115 -168 241 63 -221 -128 163 170 -106 -156 -25 132 -164 -163 -83 52 54 244 3 235 -7 231 -105 -208 134 -73 143 18 -245 -118 119 151 -97 -138 226 -81 210 -21 -57 102 191 114 68 128 -177 199 1 -90 -214 28 159 6 -204 -98 89 -48 92 -92 188 -84 -174 50 -222 30 155 -94 36 161 65 48 113 91 -193 11 222 187 -180 237 73 -147 -114 -159 137 -233 15 -243 -66 42 -1 51 -95 2 -100 -184 -144 139 207 40 -171 115 -70 -183 228 140 245 86 -79 -113 -189 105 43 94 219 -4 -219 -53 -33 130 -167 7 -59 -16 -91 230 -124 -8 -18 171 -196 -34 -175 -19 -93 84 -212 -46 -238 -143 -6 193 -134 -24 106 213 -50 145 -110 95 -71 122 45 133 100 -104 -170 -202 -217 88 144 -223 56 223 -199 21 -82 -96 -145 -99 -10 205 208 -47 -131 -150 186 135 -146 101 -210 -68 74 -166 164 206 -3 -139 22 -69 -218 129 -28 -74 20 99 83 107 172 -120 -78 247 -117 -58 -126 218 60 146 -155 -14 220 34 162 -85 117 153 -43 -111 90 78 167 -107 147 177 246 -125 -179 -187 118 195 149 -207 -63 49 -49 178 53 -151 203 29 -239 -220 123 131 198 120 150 104 -129 136 -242 -237 124 227 204 -5 37 -232 -76 -224 168 -2 -178 126 154 -195 -211 -169 165 -13 173 127 -72 -209 142 33 -41 160 -198 111 239 -176 -137 -75 85 39 249 166 200 -109 -31 67 66 98 -29 -148 71 19 181 -12 179 -188 -206 -141 35 -149 194 -20 157 77 -191 -185 215 152 -32 217 -101 -154 211 -15 24 -181 238 -231 174 -133 156 58 -61 57 13 -136 -64 -160 169 202 38 69 201 4 61 -55 -40 103 108 -152 70 141 -112 -244 221 -227 -186 76 -9 110 212 -65 -56 -30 -216 -249 -17 17 -228 109 248 -190 -241 64 
TEST 140 ARG:-1 -201 128 -200 48 -35 198 221 171 -91 248 133 -44 -118 89 -179 -233 219 -22 217 -234 20 181 -203 144 -6 -34 -87 215 -129 -31 -18 -156 178 -113 151 -143 -105 -98 82 -43 105 187 -178 -217 -140 -154 61 131 239 -220 -232 -78 -247 -176 65 -235 -89 -69 138 33 -125 124 222 23 -165 -94 106 -70 -155 -68 -147 238 -183 -194 18 -182 3 139 -168 71 233 161 100 -57 -199 -162 96 206 -41 -2 -149 -71 -92 24 -213 116 56 62 16 146 -250 -185 95 -131 52 148 -174 -79 -246 -14 -72 -229 164 78 60 -237 -189 109 -66 -226 97 -209 38 88 -218 -45 -157 21 53 123 -121 120 -202 -166 154 -37 -214 76 -243 59 34 165 -53 -36 6 17 -211 -206 -181 147 -170 129 -25 237 49 -134 81 -219 231 -180 -100 43 -225 195 -171 135 79 197 -61 184 5 -67 -56 -62 159 -135 190 66 8 166 73 98 41 112 -40 -159 13 26 -12 -11 -74 46 134 246 243 55 104 63 170 27 113 205 -187 180 -90 -96 35 -216 -244 85 142 99 169 74 140 -20 111 152 -88 -204 118 -85 226 212 230 92 -142 -3 -184 47 -76 -197 -128 126 70 191 -13 117 11 101 241 -228 158 54 91 72 210 -227 200 125 37 -103 176 -215 -167 86 -138 -221 -30 192 30 42 -50 -224 -151 -114 -139 57 115 173 0 1 155 -188 -130 39 -42 240 189 201 -33 -177 -51 -169 -77 69 167 -245 220 -110 -109 107 -108 -248 -19 32 -223 174 -104 182 51 -111 249 232 -93 9 -186 145 -198 -191 108 163 -230 75 64 177 -27 247 223 149 -21 172 -101 -133 19 244 -238 193 130 25 -75 110 -63 -136 227 40 -16 207 -212 -210 150 209 67 84 -65 45 36 7 204 -148 137 -23 -64 68 -81 236 -112 -127 -39 -158 -4 156 153 -8 -196 234 -84 -52 127 -116 -152 -161 -54 22 -9 203 -26 -239 224 58 12 -48 183 -17 28 44 -38 141 -24 196 94 179 -160 245 -163 4 121 -137 188 -195 -193 -207 -83 235 122 175 -175 -153 10 -117 -173 -150 -145 114 -222 -249 77 218 -115 -236 80 -205 -15 228 87 -119 136 93 -106 -29 2 102 -47 -32 -120 15 -60 -123 -97 143 -240 -122 -86 -80 119 202 90 29 -231 211 -242 -126 -107 -49 199 -102 -141 208 -190 -144 -46 -241 -7 -208 -124 229 186 -192 -58 185 -99 -146 225 -10 162 132 50 160 216 242 -55 -164 -28 214 213 103 168 14 -82 -73 194 157 -5 -59 -95 -172 83 -132 31 
TEST 141 ARG:195 81 68 -219 -130 -18 -127 -65 -109 43 -215 100 -93 162 -122 -181 -50 -173 -136 -82 99 133 246 -15 147 -99 125 -31 217 62 -235 -166 -236 118 205 -36 -3 -32 -4 32 -153 21 -89 -56 -224 -14 -158 87 -178 91 -22 7 94 181 9 212 158 111 20 33 -174 -179 180 -197 172 -6 -200 228 -150 -207 3 138 -147 -116 -241 -87 -228 227 192 103 110 47 78 149 -198 4 -248 136 166 175 -169 -11 169 117 131 -27 215 -213 239 220 19 86 -67 -240 144 -94 92 200 107 67 22 -43 142 -146 93 -1 90 185 161 -53 -230 -95 -40 15 241 -156 2 -164 60 -86 -214 233 -223 -138 39 11 -202 140 -129 55 197 213 155 -23 -245 38 12 -199 154 69 61 -58 -161 0 24 -170 -144 -185 -49 -244 135 204 -77 -212 -231 -75 -81 -246 219 -195 42 -205 196 -29 97 202 207 82 -208 -239 -250 244 165 194 105 -187 74 -72 -105 -163 28 8 -183 -100 237 16 -28 -78 -97 -84 30 59 209 163 40 224 -21 126 -64 -16 -191 -8 -45 -171 44 -229 -42 -107 -13 23 156 226 37 -117 116 -227 183 159 206 77 -201 129 -143 56 13 247 132 64 235 -46 148 -165 160 123 54 -135 157 -210 51 -149 240 170 -68 127 73 -76 -118 137 182 -222 -39 65 -108 -186 230 36 187 84 -188 -33 -168 95 113 18 -110 238 -242 -59 -83 -217 -196 -177 -154 188 -237 216 221 234 -66 -35 104 -193 130 -70 52 -232 -203 -176 14 -10 178 -238 -111 -159 -120 218 208 85 -124 171 -142 -189 -24 -133 184 41 -26 -128 108 -88 -190 -38 57 -132 -218 150 58 -55 -71 -221 -48 -145 -126 -131 248 6 29 -220 189 -234 177 72 139 48 -194 66 5 -91 27 115 -121 25 53 -52 10 232 -85 -209 134 79 -123 -104 128 -113 -69 -63 242 186 -80 -148 -2 -7 35 201 50 121 -112 -51 -184 122 -119 203 80 231 -226 63 -9 -141 168 -175 214 106 211 83 -137 70 -30 17 -98 173 229 -5 -37 146 -60 -151 -47 -44 145 112 -19 -216 -114 -192 -41 -20 -79 151 -61 -140 109 -57 89 -92 75 164 167 -106 245 -125 -243 88 -54 -233 1 -90 141 -73 -96 124 76 -225 102 223 190 -25 -182 -247 225 45 -17 -180 -139 96 210 222 176 34 119 249 -12 -160 -172 -134 -34 -206 -157 -204 236 98 -103 -62 71 179 199 198 193 -102 -162 46 243 174 101 -74 -211 31 152 143 120 -101 26 -152 114 191 153 -115 -249 49 -155 -167 
TEST 142 ARG:-166 -95 185 -46 -176 -116 217 -104 -49 236 229 -171 -164 174 -156 -37 171 31 -21 -143 -112 -223 230 -70 -196 -246 238 88 83 68 199 -22 -93 193 -63 131 164 47 -92 148 27 80 -74 78 -130 -221 -6 -53 -165 -66 123 -170 197 100 -11 -233 -212 -59 5 188 -111 -237 191 1 -226 227 182 -56 75 -7 -203 85 -64 54 219 124 -219 -125 -117 -250 -230 -97 77 -62 71 90 23 143 64 -33 150 157 35 125 121 -43 109 -42 -232 235 107 136 -81 -2 -131 -229 -119 -224 -86 53 104 -78 -151 -197 244 59 201 -88 -13 -216 -79 237 -240 96 -60 240 -94 -144 108 -142 -76 -84 134 94 -152 92 -113 82 169 120 -136 -109 -122 118 84 49 -245 46 -248 50 18 -244 61 55 -83 165 -239 -39 -137 -102 214 -38 -34 6 -231 -61 -26 205 146 -217 -127 43 -72 221 128 -1 -3 -73 158 180 -105 -182 204 -140 -28 19 -201 153 -168 179 111 -199 -214 -47 160 126 -103 86 17 21 -241 -247 -4 -132 -192 117 228 -202 -195 139 20 60 192 140 212 138 -154 222 -17 206 -163 -133 -50 -16 105 -19 113 161 -36 127 -153 -218 159 -208 -138 -51 -124 11 25 137 -238 177 36 -58 172 232 181 3 56 -161 -54 241 -101 220 -85 -29 28 -225 -128 -191 183 178 -87 152 -213 202 -82 129 187 30 63 16 -236 -187 -145 -169 -148 69 195 -243 70 41 -179 67 135 -180 163 155 115 184 -120 248 -210 -41 95 -15 -91 -227 -5 142 196 -14 58 101 203 -12 233 223 -89 246 -160 176 -209 -23 -175 -159 -205 62 99 -44 144 162 -10 79 -106 -68 -158 72 231 39 -80 190 141 -18 -188 33 40 -167 239 106 24 -146 -215 -198 29 -172 234 -45 -107 -108 -30 133 147 -200 91 175 48 34 81 189 -185 -8 208 -155 112 -177 97 22 110 226 151 -149 -77 -55 89 215 0 87 -115 74 12 -174 -9 -234 -75 209 -71 -96 -189 -69 -129 -27 -235 -52 8 -100 4 93 -242 -181 -228 -139 -193 216 -162 26 224 173 52 9 -35 -134 132 170 114 7 242 44 245 149 154 73 -141 -118 102 -32 14 -222 207 -40 145 225 -20 -110 194 98 -121 -25 -135 -206 -67 200 249 -220 -211 -183 37 243 213 -157 32 15 198 66 -249 166 -184 210 10 -147 -90 13 2 -65 -114 65 -98 -123 -24 -186 -31 119 45 116 218 42 -194 57 103 186 -190 -150 38 211 247 -207 -173 130 -126 76 -178 122 167 -99 -48 168 -57 156 -204 51 
TEST 143 ARG:-13 38 -19 107 221 131 -53 3 -137 225 -164 -210 122 -237 245 -6 -47 -63 -185 96 -245 77 -228 -99 -124 -196 -117 -76 -82 -121 -181 -146 112 248 -133 -182 -153 123 -72 -49 120 -188 27 4 -197 37 -189 -232 125 11 186 -43 -213 -3 60 -24 116 -145 247 -18 -54 32 183 -128 57 180 7 62 -25 -30 -27 -74 135 124 -215 -96 46 127 153 50 -5 -152 -83 161 201 191 208 41 222 249 -157 -176 55 -48 -75 -100 141 220 -129 83 133 -203 157 -2 53 194 -248 -127 16 -119 218 -247 189 109 -45 -55 209 -103 -44 111 -180 -200 76 39 179 44 42 -231 242 -98 118 -105 81 -40 59 163 -202 -78 84 -143 -191 -239 219 -183 88 -178 61 178 224 -94 -156 171 105 143 -64 99 154 239 -9 33 21 214 6 -171 -92 146 -70 -60 36 -158 113 25 79 -179 -147 -15 -125 117 -97 -235 103 -166 -207 187 -134 92 228 -42 93 -52 -91 74 203 -107 98 137 145 52 169 237 -138 -199 217 -29 26 69 -51 95 128 -163 -223 144 9 -246 100 70 -73 158 -120 -16 -85 -80 -154 -174 176 51 -216 104 241 1 156 229 -193 193 230 167 -46 -95 43 -236 -81 233 -169 -190 227 -1 -7 -126 80 -34 -208 151 56 -140 216 -205 -148 182 -240 119 -155 -142 164 -112 155 68 231 -243 -89 238 19 204 106 -14 -177 150 -238 29 115 13 -20 108 244 195 -66 94 -113 -50 134 234 -57 -221 170 -23 243 190 49 -131 -36 34 -195 132 71 -249 213 226 -162 177 -229 -218 -135 -8 22 -88 82 -86 -198 -35 210 14 -168 -69 -212 149 235 -110 10 -67 175 63 -122 -192 -106 -175 148 24 -227 -59 114 185 165 -61 20 -206 -22 -241 2 -184 65 5 -10 -167 78 85 -90 -114 -93 -233 -220 -79 136 -186 166 66 -217 126 31 -194 -39 147 -123 35 130 110 -187 73 -172 121 184 246 139 -160 -144 91 12 -17 -12 -130 -226 -244 -108 152 8 67 -161 205 -31 192 -242 -204 -149 168 40 200 64 58 -111 140 232 -38 75 -136 72 160 -170 -28 -33 211 -132 23 223 172 198 45 138 -37 236 90 202 -58 30 -219 -87 15 -173 -4 129 207 -77 -201 101 -11 -101 181 54 -41 142 212 159 -32 162 87 17 206 196 -109 18 28 188 -224 -209 -102 -165 -71 -230 240 -116 173 -211 -141 215 -222 -250 -159 0 -139 86 89 48 -68 -104 197 -21 -150 -62 -56 -234 -118 199 174 97 -84 -65 -115 -151 -214 -225 102 47 -26 
TEST 144 ARG:76 238 -147 -61 146 -79 49 -91 -110 215 -208 51 47 56 7 197 -28 218 90 134 22 -29 -199 139 -178 122 -57 206 207 -19 -92 233 -227 223 -84 205 87 152 -201 -225 -106 -177 163 83 -141 209 -223 -49 178 34 214 -47 -226 -103 3 -52 91 138 -77 40 44 179 -65 11 -58 -8 -107 -20 -142 -6 26 -98 -122 -38 189 103 244 -22 19 160 71 -15 142 131 120 79 24 88 64 -117 213 -172 -169 -69 -218 216 227 57 -135 110 -50 220 -68 -43 -36 35 109 67 -55 -247 186 247 -234 37 -153 46 -42 210 116 -33 -198 21 -51 -87 241 -175 221 145 -241 158 -214 113 183 13 -93 226 75 108 -96 -71 -161 166 -128 237 -70 -134 96 202 61 86 -114 -215 42 157 204 -230 203 -27 -145 -167 132 -119 -26 172 -157 -56 -224 -102 -143 -95 180 69 2 84 -37 -140 199 200 133 181 195 -101 -125 144 191 -159 -210 124 68 106 194 -217 -13 117 -189 -129 60 23 78 81 -12 12 -191 -14 -81 66 -132 114 1 58 33 -181 101 0 -116 126 92 -120 165 -248 -39 164 212 -131 -173 -123 97 -21 -231 -76 -163 -244 -31 -5 73 -88 211 36 248 -75 -126 156 -63 161 225 143 239 -24 118 -45 -205 -35 6 182 107 -66 137 -32 -228 -174 4 -105 -44 27 -150 -171 80 -162 198 147 245 59 185 102 135 -9 -7 193 18 249 115 -250 28 -160 171 74 -170 77 43 39 231 17 38 176 5 -127 -94 -196 70 228 136 -121 -2 100 14 15 -89 -113 -83 130 173 217 119 129 104 -80 -190 -124 -158 -85 16 29 -72 196 94 -144 85 -165 -180 127 -118 121 153 -4 -185 224 -10 -195 232 -249 167 25 -192 -168 190 32 149 125 45 201 229 140 -240 -25 82 -194 -176 -146 10 63 -219 111 48 -221 -53 89 -108 -206 -152 93 30 -216 95 -151 240 -212 -16 -59 236 -211 192 -130 -11 41 112 -41 188 -138 98 -97 52 170 174 20 -186 -34 148 -243 -1 -237 72 -200 -46 243 -236 -18 -78 -99 -54 -235 -183 -182 -155 -104 175 62 -100 -246 128 -3 -48 53 -90 55 -64 -112 155 -115 246 -164 -137 235 -149 141 -86 -203 -193 99 -229 -67 -60 -179 -82 187 162 -184 219 -204 -197 -209 184 -74 -222 -220 65 -139 -109 -73 123 -136 -207 234 169 50 -111 208 -156 -242 105 -30 -239 -238 -148 150 -40 54 -188 -213 -233 230 151 -17 -245 154 -166 -154 -23 -133 8 -232 -62 -202 31 222 159 9 177 168 242 -187 
TEST 145 ARG:-185 -116 59 108 -42 -104 36 -119 -233 24 165 -130 -117 58 -7 60 106 33 121 25 8 -96 -186 73 148 -216 -192 -125 -30 -172 6 124 49 -202 246 -240 -80 236 23 -123 107 214 26 -5 -68 239 47 155 -204 -146 94 200 -184 38 90 157 132 187 -48 143 -167 40 -183 75 242 -181 -124 -84 62 91 -93 -114 45 -29 3 15 -152 -150 232 -98 -47 -179 -131 192 -37 43 -111 -20 -31 -173 -128 -1 -177 -69 115 225 -92 -195 117 169 -63 199 -229 176 78 -156 235 -82 208 -67 -148 -77 -79 -149 -43 9 101 -33 130 166 -118 0 -168 -175 -219 76 -127 -126 -226 138 -54 67 -178 -134 142 186 -228 -115 1 226 191 213 196 154 210 31 181 83 -242 -222 120 -174 88 -207 -234 -215 -236 202 241 180 248 112 114 -210 133 -227 -44 -9 53 -17 21 -90 -143 220 185 -36 227 -107 194 41 61 -99 -157 -62 4 -129 175 110 -55 70 134 -147 2 -3 205 -4 -158 -154 178 159 -103 -225 109 207 -250 55 122 105 171 71 68 -189 74 -155 -60 221 -41 219 249 52 -121 -6 34 -201 -10 141 -75 -78 -12 -171 197 48 139 -34 198 64 125 123 27 -220 63 170 -217 111 -105 -161 -53 -196 98 -56 -87 18 -27 37 -165 -132 128 -72 231 188 -218 -58 81 77 -26 -243 -91 -230 -245 -16 167 -22 237 -187 -65 -249 22 -52 -188 -35 103 85 -110 -57 -66 -169 209 146 -73 184 -24 44 -198 89 -83 5 -112 95 -142 245 -238 -122 -101 172 -135 30 119 137 -145 -200 -59 -14 46 218 -85 183 20 -137 118 -153 57 222 206 -139 149 -235 -102 113 97 -46 -23 131 -221 204 -247 126 144 82 -97 102 -212 35 223 145 10 -38 140 13 224 -64 190 -214 147 65 247 -160 42 11 217 211 66 32 -39 -140 -21 -109 -8 195 -136 -18 51 79 16 243 -211 -11 156 19 -141 -94 -180 -106 174 80 151 -32 -50 -205 -108 -13 228 86 -163 -19 203 -162 152 216 -144 158 238 153 -88 215 -2 7 -15 229 50 -164 179 160 -113 168 -170 163 -28 193 -51 173 29 -190 -70 129 244 -232 164 -182 -176 -223 -61 -231 -74 -81 104 28 -197 17 -25 -194 -191 -206 -193 -224 -239 189 162 93 116 99 234 -151 -208 96 -76 150 -159 161 233 92 -166 87 69 127 54 136 -45 -120 -89 212 -40 -237 -49 14 177 -213 -244 100 -138 -241 56 -71 -86 240 -246 84 201 135 -248 -203 72 182 -95 -209 -199 -133 12 -100 230 39 
TEST 146 ARG:94 -97 -10 218 101 202 179 -88 127 -179 -95 -2 20 139 -47 214 115 85 121 -14 244 -143 -64 -16 130 83 -22 -194 -156 -112 200 11 -84 -250 219 -141 196 97 188 171 -102 229 180 -125 186 37 -248 239 193 -24 -236 -210 46 -107 -157 -19 -106 -28 -79 221 -8 232 50 -238 57 210 12 75 -139 192 154 -75 -48 74 -213 174 98 13 -30 145 -3 -192 131 9 -246 -127 168 -128 90 -205 41 -241 -94 30 10 -216 -91 -59 119 106 -235 26 58 220 125 184 -104 123 21 -219 -198 -123 113 54 -57 -111 -149 -184 217 142 72 157 56 -176 -242 -6 -167 -142 -17 -133 25 177 61 18 204 155 -18 -13 172 40 44 70 176 -226 -86 -12 -147 -80 5 -175 -116 166 228 -161 -96 -98 175 28 -177 -200 -44 -196 213 -166 4 -168 -224 118 205 109 248 164 -217 79 -53 195 47 -40 -131 189 124 105 -85 65 240 -38 -31 -67 102 27 -105 110 59 143 -244 136 -247 -140 -66 36 -110 -83 -90 52 150 60 45 212 -211 222 -228 -60 238 2 100 -229 162 -1 241 230 0 211 6 99 -158 138 -35 132 -181 49 -62 -214 -114 7 55 81 242 187 -145 -45 -29 -197 -21 -32 201 -199 -240 -249 170 76 71 185 129 116 -51 -74 -63 -115 -92 -150 -76 159 -195 -154 151 69 141 224 -218 -89 -43 1 103 89 191 8 -4 14 -120 216 -153 -20 108 206 42 31 165 -52 -137 237 34 51 243 -173 -58 117 160 82 -15 -5 215 62 161 -234 -148 209 78 235 -204 -185 -118 17 -134 178 -87 173 16 -225 -71 -222 231 -183 -69 -9 120 -151 -138 -41 -68 153 146 245 -191 53 73 91 -126 -99 156 -81 181 33 -169 -163 -170 -221 236 140 227 249 169 -174 95 84 -132 -207 -73 111 233 -55 -233 48 32 158 -109 19 -135 114 -164 77 226 -46 104 -182 107 -124 35 86 -152 122 -108 -188 -165 -77 223 67 182 167 68 -78 190 63 194 148 23 144 -11 -202 -26 247 -103 -129 -180 24 134 -171 -208 92 96 207 198 38 93 -206 64 133 -190 203 126 -212 -117 -187 -155 -178 29 128 234 -56 -144 -72 -215 -82 163 -65 -33 -122 43 -100 183 39 246 149 -223 -239 -146 -130 197 112 -70 -230 -186 -232 80 135 -119 22 87 -61 -50 3 -193 66 -136 -93 -25 -121 199 -172 -237 -209 -220 -227 -189 -203 88 -54 -243 137 -37 -160 208 -245 -7 152 15 -101 225 -36 -27 -201 -159 -162 -49 -39 -34 147 -23 -113 -231 -42 
TEST 147 ARG:160 245 -122 -4 -165 181 135 -101 85 44 49 28 -144 29 166 -211 24 -77 159 -209 213 -89 -163 99 220 -201 199 22 -156 -3 -183 -52 -68 -225 -17 -69 -216 74 120 -150 -105 179 -80 8 -82 248 247 -81 231 -178 221 -157 243 61 -107 -129 77 -10 175 -112 238 -49 244 224 -192 -133 37 107 -92 -28 -16 101 -203 -84 23 237 156 -162 -189 -193 102 -72 48 -85 52 -191 -8 -226 91 204 7 109 73 197 114 33 -53 -218 148 129 -190 192 -20 -182 35 1 -21 -223 -120 219 -194 -180 -224 53 104 -217 223 208 -23 68 103 -127 31 -195 26 190 -166 -30 -54 -39 -15 -60 -42 -33 230 -40 -152 -96 76 140 -204 32 -222 -38 -238 106 178 -45 188 82 162 -132 2 -35 -188 -48 -108 -212 38 -13 86 84 -148 46 -237 27 -175 92 4 -135 -34 51 -232 -114 -128 66 -219 182 -99 97 -83 42 -170 -94 193 142 -240 -90 -247 -221 -138 -210 239 88 205 25 227 229 -19 214 132 62 -233 -91 -97 39 144 119 58 -5 -76 -142 -103 117 -196 -46 -215 180 -158 158 184 201 -242 93 161 -206 157 71 113 6 137 -67 145 -159 -131 9 -173 -106 202 34 -79 -174 -110 -227 212 -123 21 -47 65 177 11 -140 -167 174 191 249 -56 217 -7 -153 218 80 169 96 30 81 -202 75 -125 168 -244 -18 -168 111 -109 149 -250 211 -61 95 -43 173 -100 194 171 -113 13 118 -198 240 -98 -93 -104 -29 128 183 -12 125 59 83 130 -245 -243 54 56 -118 163 -41 -24 -228 -134 -62 -184 -220 187 -239 122 -171 108 -136 -176 -87 152 -137 234 -200 57 47 -236 18 -126 78 186 -102 203 -141 124 -119 195 12 134 167 36 150 64 -214 170 -187 116 216 207 -27 19 -229 -57 -6 241 146 -177 -37 -86 -66 236 210 -55 20 -32 -71 -64 -169 87 -50 235 63 72 43 -59 -234 69 -78 5 141 176 -155 105 -116 -146 -65 198 -11 -44 -139 -172 -185 -14 154 -246 16 121 143 41 -63 164 196 70 17 -154 126 -1 55 110 242 14 -145 147 50 138 -70 -235 -26 200 226 -2 -124 -208 -36 90 -22 45 -115 133 10 15 185 -25 151 -181 222 -130 123 -9 100 -58 206 94 189 0 136 215 -205 -249 228 -88 -75 -164 -248 -179 -95 -51 67 246 112 232 40 -186 -161 139 -149 -121 -73 -143 79 -213 -117 -74 -151 -241 -230 153 60 -147 233 131 98 -207 -231 -31 -111 209 115 -160 -197 225 172 127 165 -199 3 89 155 
TEST 148 ARG:-229 171 -206 -248 80 43 -71 234 -27 16 233 245 -13 195 58 -93 -103 191 -213 -122 -141 -60 -36 -216 146 46 -184 -54 159 196 -198 161 174 -212 -14 235 -73 -180 -22 -136 162 -182 97 62 -240 -126 -34 38 140 -246 -235 45 -85 -181 82 -227 -221 -149 23 -96 -123 -196 -49 243 -153 -32 -28 -77 156 4 111 -193 2 -165 227 141 -105 -151 -140 57 -5 -241 -70 -63 -112 -245 124 184 -167 -87 -247 112 117 71 26 88 5 -128 -208 229 215 -237 28 41 -197 -200 -150 -176 -127 63 67 -219 135 231 108 -230 188 -161 55 230 -108 -134 186 -190 167 40 136 -228 176 -236 10 -42 -223 -172 -91 -89 115 -199 53 131 52 122 175 -1 37 36 -207 79 206 -51 -18 -120 -191 -33 -148 119 -211 -107 205 246 -24 95 92 -74 84 164 42 -26 210 -7 214 -238 138 194 61 200 -164 -78 -19 -119 73 244 -114 98 211 -178 201 -44 6 -158 0 197 160 151 -137 120 -6 77 -215 -124 -48 -135 -132 -21 48 90 -249 224 147 89 72 -115 99 14 69 247 218 123 8 -62 -100 -239 -9 -90 -118 133 -45 168 -46 185 -244 -59 86 -218 76 -117 -168 25 -82 -125 -179 7 -101 219 121 -97 222 -243 110 31 13 116 -58 204 232 -86 -20 -205 47 -175 -222 81 -35 202 96 -170 199 -4 -47 66 -217 -142 -250 113 193 -95 118 -8 -152 -113 -11 -204 208 59 -171 64 -94 -133 154 24 -57 -55 -67 50 87 -194 240 -30 114 155 -225 -68 32 128 -145 129 198 68 100 -214 91 74 -65 -79 44 78 39 -159 -192 109 1 103 -231 30 33 -3 -61 126 11 49 75 21 148 153 -15 -64 -210 -41 -121 158 190 18 27 238 -160 170 -147 -185 142 144 -189 152 107 163 29 -75 221 228 139 -169 93 -146 127 169 -72 -66 217 -10 216 -38 -232 -76 157 -226 223 -209 -40 143 -174 60 12 94 -31 187 -144 -43 -50 -52 -17 183 242 -83 -25 125 3 -138 -99 9 -234 -139 -12 -56 -102 20 -98 173 17 -163 101 -69 -88 165 -23 83 237 -188 -186 -53 -80 -242 179 -109 -183 189 -131 172 -37 180 207 132 209 212 -173 -166 -233 105 134 54 102 241 -16 51 -111 85 -106 -84 178 -220 192 -110 70 -187 56 -157 177 35 -92 149 22 226 -2 15 130 -155 -81 249 -130 225 -29 -195 203 19 -202 220 150 236 -203 -39 -224 166 239 -116 -154 -162 -104 34 248 106 137 181 213 -201 104 -177 145 -129 65 -143 -156 182 
TEST 149 ARG:-37 100 132 2 233 -109 -59 23 -165 -157 -193 -24 -53 85 30 50 -14 94 -118 34 11 141 -153 186 43 -135 -206 101 -230 -96 -192 -149 -177 -187 222 -9 135 245 64 -31 -174 -132 125 79 96 -180 203 -195 -224 -42 215 19 -220 -147 -58 98 89 230 169 -178 138 -45 136 172 99 95 -208 -121 74 -222 -139 -229 -134 166 -127 -142 82 -145 134 128 51 217 246 -23 -60 -26 -228 213 31 -16 197 195 -56 173 -35 -125 -88 146 107 174 191 56 180 -171 9 244 -72 149 -32 68 225 -61 -249 -49 54 204 -65 72 -87 -183 -21 163 28 73 223 -122 20 -141 -219 -95 -211 118 -214 164 -243 -94 214 -136 -160 -161 160 -163 81 130 -105 196 190 -113 -167 165 -248 -179 140 65 231 -170 -103 26 59 -233 -210 87 143 -71 -124 112 -19 -81 47 83 41 -39 156 -50 29 -200 16 242 102 187 -27 119 -11 177 -240 181 -221 80 84 114 58 61 -6 152 -36 91 -191 -150 -236 199 108 32 93 116 -89 -48 -112 211 -64 -52 -226 -250 -85 -83 133 -12 226 155 -130 144 -123 -202 -137 -205 234 194 -98 -152 -55 -216 207 248 -66 -33 60 12 -74 121 111 -115 -62 63 -173 0 -73 -225 7 -70 88 188 162 -43 184 71 -172 6 -223 77 -13 219 92 175 -120 -247 -25 13 145 -217 171 -138 86 -227 -40 200 -90 241 -17 -156 -245 -204 168 129 236 -77 249 120 40 123 -108 -140 -3 -144 104 161 -246 -231 -107 210 -116 150 103 228 183 158 237 -190 49 159 229 -5 -196 154 67 70 -10 -176 185 69 153 -242 -158 8 -244 -101 -126 126 -29 205 -182 117 39 -114 247 -164 -106 122 235 -218 -86 193 35 -79 -146 227 57 -18 206 -232 243 -189 -51 1 -92 192 -129 5 -201 232 -133 -154 27 -215 -155 -235 -69 -68 -168 76 209 10 -91 37 3 -213 -184 -212 -102 -99 78 -186 -166 -104 148 178 224 22 105 127 139 -151 -181 -67 -162 14 131 -110 -159 -1 198 218 53 -82 62 -119 240 -28 -239 55 202 -78 -241 -38 -209 208 -169 142 38 147 115 220 189 167 221 106 75 157 176 216 -237 -22 -194 33 109 170 -234 -63 52 -75 -41 -2 151 -44 21 97 -198 -203 -100 -4 113 -148 48 18 -34 4 -46 -15 46 -117 -47 -175 -20 -7 42 -207 -131 17 -197 -8 -128 -238 137 182 24 -76 238 -84 -93 201 -111 -97 25 -199 44 -57 66 -143 -185 90 45 124 36 15 239 110 -80 -30 179 -188 212 -54 
TEST 150 ARG:132 -145 21 24 9 77 138 185 -168 -89 11 -154 219 -26 152 106 -62 13 -204 -183 -70 37 70 210 59 135 133 86 -177 -47 160 140 188 -196 85 -4 -58 200 -195 -215 156 68 -238 -126 153 202 -121 157 84 186 -61 -224 -231 155 147 -68 117 243 -211 119 -131 99 -250 -102 -173 196 178 -170 -113 116 19 231 -7 -179 184 -30 158 197 2 32 -5 -133 122 95 137 167 -142 -213 102 105 -76 -187 -104 45 -180 97 -207 -31 -217 -127 183 38 130 222 66 36 -239 -223 79 176 171 81 201 -157 113 239 174 -193 215 -11 -222 206 -1 39 3 -192 218 125 -167 207 150 -134 -149 -98 -176 124 -135 112 94 103 -85 57 -143 -212 -160 -100 110 248 245 -33 -186 -19 -44 -69 -12 -137 -59 139 23 237 -147 46 109 53 -122 172 43 -175 228 -46 -155 -162 -50 166 27 48 168 -136 240 -10 58 208 -25 -74 55 -111 -234 -36 -117 -132 -87 -8 8 -39 -112 192 -60 -37 242 154 71 -97 75 198 51 -18 16 236 -29 -82 -123 -171 -240 72 -49 67 25 -205 -79 -188 101 -116 229 144 -41 -34 -144 -210 -65 175 -51 -201 -118 118 -67 -83 61 -22 193 -228 241 225 -63 -14 -91 56 182 6 -199 22 223 20 -243 146 -141 189 121 -140 -72 145 246 100 163 33 -153 -48 212 -53 187 -16 148 220 76 98 90 -236 -27 238 49 12 74 230 -96 91 -106 -221 -28 165 142 211 151 -139 -230 17 -138 -80 -128 214 -94 -156 -249 -52 141 -24 50 5 205 -209 41 194 221 47 54 217 -241 -3 190 93 -206 -197 -35 -115 -191 83 15 -226 -151 52 -164 -64 -99 -109 -185 -108 131 247 136 161 -246 31 -163 227 -181 -247 209 -229 -66 -214 -189 -81 -148 -159 177 -78 -174 1 179 107 -225 60 162 -45 0 -57 -114 18 170 -165 -235 -17 29 169 -202 -152 -198 80 65 -233 -203 232 -84 -38 108 -130 62 234 -92 14 73 63 -90 111 -158 -146 -42 26 204 -71 -216 -184 -182 -169 233 -20 -77 42 69 -55 -172 -23 -219 87 195 173 104 -242 -218 28 -232 -190 199 44 -32 114 -245 40 7 35 -129 -88 -6 -95 143 -15 -110 -220 -244 82 -124 127 -120 226 164 -40 134 115 235 128 249 181 -237 -93 -208 30 -75 203 92 -101 88 64 -119 -21 -166 126 -194 -105 149 -13 -54 -9 129 89 213 180 4 -107 -103 -248 -2 -161 -227 244 96 159 -125 224 -200 34 191 -178 -86 216 -73 -43 10 123 -56 120 -150 78 
TEST 151 ARG:238 7 54 -154 -82 234 -18 -196 -231 16 225 -6 47 141 -66 12 55 -109 -132 -217 -121 -88 -102 31 -108 164 -229 -99 -28 79 26 -79 140 -177 226 52 242 185 53 35 210 9 -119 6 161 -96 48 46 -159 -48 -90 -131 -124 -161 168 222 115 21 -238 -243 154 -135 -235 49 211 -145 188 212 113 -192 98 40 -142 66 28 186 -183 133 197 -191 148 -203 -226 -155 200 160 -184 89 38 139 229 62 4 24 -64 36 -166 -239 117 118 -62 41 -146 42 -60 -178 -58 -212 -5 152 -134 -53 137 167 -223 -49 -172 99 -209 203 204 -187 -210 196 -43 -165 80 -115 -45 -106 -70 -199 112 -182 -185 78 194 61 90 -65 -173 224 -40 134 33 228 19 -232 -206 1 32 125 -86 -175 144 -250 237 -118 -114 -67 198 -230 92 -143 110 -213 97 29 -41 -205 232 -120 -10 -46 129 8 220 -219 22 -117 146 -189 -246 -130 -234 132 -202 157 102 -247 -144 -197 -170 -11 -148 -19 -128 106 -216 -233 -100 -104 65 18 248 -158 177 -95 135 147 -74 -125 -61 -190 171 -87 -150 121 -133 193 131 60 -248 119 149 138 -113 -220 -207 -71 -32 96 -17 -12 206 -156 173 -227 158 14 -20 215 -54 -91 -92 207 150 69 191 201 -228 95 77 -188 214 156 68 151 -69 -78 -139 45 -75 -208 -76 -157 -101 169 -38 172 67 -47 -214 2 71 236 -8 -169 128 25 37 -36 -141 -26 174 13 76 -83 116 93 155 3 -2 -30 -140 245 91 199 -149 -25 219 -105 -21 -103 218 -31 74 -147 162 -55 165 -1 103 -201 -22 73 170 -211 175 163 246 -56 83 213 94 -51 -240 -14 -34 208 217 -236 -126 192 -50 180 -225 -80 -73 -93 -89 221 56 85 81 -237 100 -111 184 -127 202 -112 159 -160 104 -194 -16 189 166 181 101 34 179 109 -9 -84 57 64 111 -163 -85 -4 -244 -33 43 187 227 -151 88 30 -221 63 23 107 142 -129 -72 -29 143 195 -224 -81 72 82 243 -180 -59 86 -152 -242 -153 -138 240 10 87 -186 176 -116 -110 183 -7 136 -193 -44 235 120 -52 59 17 -23 -204 -63 -68 -215 39 -179 -57 -35 -198 0 108 -98 -42 -37 216 -107 -168 182 -97 5 231 50 -3 241 -218 239 -136 20 105 249 123 -167 84 -24 -164 -94 15 -241 190 -27 178 11 209 75 51 -123 58 -222 244 -171 114 153 124 -137 205 -181 126 -176 27 44 230 -122 -195 -249 130 -77 -15 223 -174 70 -39 122 -13 247 -200 127 -162 -245 145 233 
TEST 152 ARG:207 -236 -234 138 -118 24 214 71 -99 141 -31 188 128 -144 169 178 -220 -218 -133 -186 -62 -210 -12 13 103 68 -75 -205 19 73 168 123 216 -199 107 180 -204 219 -221 28 -226 124 -185 230 226 -117 -121 -61 54 218 246 -37 -114 58 -192 -215 -141 -21 -149 -235 -96 232 174 -83 -145 -120 79 121 -162 -195 -249 46 35 82 12 -89 -202 -25 225 170 78 -198 51 20 86 144 -125 190 237 142 -79 -65 -104 -171 -16 183 -216 224 249 -45 33 -3 11 15 227 -88 -78 -95 55 -172 -49 217 -74 -106 148 -127 -156 -58 -248 -182 175 -17 65 235 -98 126 -227 -82 -76 -146 -183 -152 -230 132 -50 -72 189 151 -231 -90 -101 99 -132 134 -188 -55 -174 -39 -4 -208 -147 136 223 97 -167 85 247 3 238 -135 -200 -47 -27 67 25 62 -148 122 60 173 -150 29 234 -84 -112 -59 -155 50 42 32 -85 -60 -209 53 149 -19 -70 248 56 240 47 229 -1 -187 -203 75 -91 59 -129 -134 -163 199 196 117 157 172 222 -11 -20 -206 119 64 -143 -92 -71 -51 -178 153 -139 -32 -81 95 162 182 -6 -69 -52 221 -48 -184 203 83 140 -128 26 -113 -229 220 -24 125 -189 -213 135 -241 101 45 177 152 -238 63 198 -38 -219 -103 37 150 -212 -122 111 -207 -140 239 145 -244 210 17 131 -222 87 -159 147 130 213 179 -196 120 49 195 -173 208 -42 -179 48 -18 -77 -110 -197 -232 233 133 96 115 -138 160 94 -5 206 2 191 80 197 -2 159 167 84 166 39 36 -56 244 -107 -161 -44 -105 -109 98 -57 -28 -228 -93 228 -137 -116 -36 -181 108 -100 -242 23 38 -30 -175 204 -66 69 21 -136 1 8 -180 215 -34 -168 106 34 181 -153 241 -190 -80 245 -26 164 -13 6 -64 -124 91 -126 -176 -240 -166 143 184 137 89 187 118 205 -164 -142 127 -87 102 242 -201 192 176 -131 0 -108 158 44 -250 -111 76 171 -67 61 185 209 74 7 -158 -53 -86 -94 -29 92 -97 81 31 -7 236 -68 -169 -243 88 -8 -73 -233 -237 72 -102 10 146 5 155 156 27 200 41 -151 -22 113 22 -223 -177 16 -211 109 -33 -9 100 93 70 114 116 -41 -14 -193 -154 18 112 161 -15 104 52 154 -170 110 -160 186 -23 -217 -191 40 -225 194 -239 163 -130 -194 -157 212 211 57 -54 9 -35 -119 165 30 243 -40 -246 14 -115 -43 -247 -123 77 129 43 231 -46 -224 -63 -214 201 90 -245 -165 66 202 193 -10 4 139 105 
TEST 153 ARG:103 43 70 52 195 212 117 -108 -170 -178 165 -43 242 -94 150 -102 -149 -115 202 -244 -97 194 247 79 -247 182 -40 -14 -38 -199 32 230 162 161 168 -246 -44 -39 66 44 -106 197 -180 12 -171 45 4 145 163 193 125 7 -137 128 -168 148 2 -98 -59 -51 -53 -47 46 -92 -64 -96 34 151 33 -227 -100 146 227 -194 110 -184 36 -11 71 22 -93 -84 17 -37 119 173 -57 159 -16 95 -32 105 -236 -197 170 -79 -85 113 23 -190 -5 235 -62 100 166 -117 -42 205 -179 -8 88 -111 177 -71 -133 -240 -238 234 228 -239 -91 31 -15 -225 -196 -204 -105 41 58 -82 116 -235 120 -58 -118 -122 -177 40 -75 -4 94 223 -99 213 106 -217 -45 140 1 156 5 -101 -210 123 -35 169 183 25 214 -128 -155 149 101 -183 112 -206 240 50 -6 -50 -245 201 -55 -223 -24 -141 -136 -113 226 -120 83 -188 28 -195 -121 -56 143 -135 -31 111 35 135 157 207 186 238 192 -162 82 -193 62 -134 141 114 -230 61 -103 -234 13 172 -242 -63 -146 102 176 -209 189 -109 30 86 164 -148 42 -52 132 -181 -158 -140 -138 185 -112 -159 -189 16 -3 225 -228 -215 122 -80 77 10 188 -76 -201 57 -36 236 65 206 21 158 180 -130 -229 98 -213 -169 -60 37 -127 -186 -202 211 -173 -12 178 49 -34 29 78 75 -78 -123 107 -132 231 -231 -87 239 -152 -70 -114 -147 -216 -54 -192 198 191 -211 -157 92 59 229 -208 84 72 -182 -19 104 27 -154 -126 39 -29 -26 203 -167 160 -23 208 216 -88 -74 174 99 9 -191 -165 -174 53 -125 -25 -205 -7 -160 -218 155 -81 -156 209 152 115 -226 199 -9 -83 -66 196 15 237 -139 -222 -95 190 19 14 -77 -150 -143 130 -20 -21 210 118 218 -73 -110 144 -224 -104 -89 220 -41 246 248 -175 -172 232 -129 96 -69 133 67 221 -48 -33 127 222 64 6 -237 74 0 219 -250 48 73 -13 204 69 233 179 187 11 -207 -18 138 -248 -116 -68 97 142 18 -203 -219 24 -124 171 54 224 -198 87 -10 -232 184 134 147 -243 -49 68 -214 81 -142 8 -28 -90 154 -164 3 129 124 131 -249 -1 175 215 -153 167 -65 -46 76 243 245 249 181 126 200 26 -2 -220 93 -185 -86 -161 -107 -61 -233 89 38 -166 109 -72 241 -187 -212 80 20 51 47 -131 -151 85 -176 -119 -200 -27 137 56 217 -221 244 -17 63 136 -241 -163 153 139 90 91 121 -67 -22 108 -30 -144 60 55 -145 
TEST 154 ARG:-107 -112 94 -89 -193 7 -51 -231 -133 162 -146 -181 -111 -12 181 -192 79 153 -143 -2 217 -102 -147 98 -207 -182 -47 -77 -199 -96 150 135 167 -148 105 -183 -23 -88 -240 -179 80 -166 72 211 -142 52 103 -239 13 -9 -122 233 101 -70 140 -60 85 8 244 40 -222 177 -169 -209 18 -72 -40 -227 -50 209 -208 176 106 17 212 170 -61 -232 125 202 97 -120 -11 -33 -99 -167 -114 -82 68 -37 21 -87 93 14 45 19 -151 84 -132 225 -141 -176 -97 -24 -75 -219 81 -121 236 -134 224 166 53 24 -201 137 230 64 -21 25 192 -36 -73 11 -180 147 27 92 -130 -79 89 -235 -16 210 -34 -52 -202 -149 123 -170 -14 5 121 -10 -39 246 -211 -48 -86 -29 -84 -4 26 234 -139 208 158 -164 -221 136 132 -30 56 42 248 -19 -3 -171 -100 104 22 3 62 113 -168 43 196 128 160 -249 -220 173 229 122 203 189 117 0 -108 249 -5 -214 -197 213 -163 -113 -119 -58 -28 -246 50 -126 205 -215 215 175 198 219 -105 76 91 78 -156 120 -205 190 179 127 -129 -25 -150 -64 6 -161 242 35 -116 -91 -76 -42 187 -101 -69 77 107 -223 82 -172 195 -140 199 185 -155 207 -225 129 220 -109 149 60 109 -186 -46 88 -65 -54 -188 165 228 51 23 -8 184 145 1 -90 -128 -165 -135 174 -218 151 -1 -191 32 148 -66 99 -6 -92 -144 114 63 -31 156 133 200 -138 -117 -20 69 141 30 39 -53 206 -177 144 70 -55 54 -244 111 -67 -243 -35 31 168 95 -233 -137 29 -124 163 -17 10 -185 59 -190 87 -95 -125 -198 -195 -178 34 -189 -136 182 -154 4 -242 74 66 -41 237 241 33 100 -62 41 -93 161 197 155 2 -206 -27 116 102 -160 178 180 -63 -245 191 -174 223 183 143 -127 119 -68 71 231 -103 157 159 130 86 218 186 -71 55 -78 131 37 -158 -230 -43 194 44 -81 -26 201 9 171 172 -217 -237 232 58 -210 204 247 -145 134 164 -45 115 46 -224 -32 -247 -196 -248 90 67 -194 -110 221 16 -131 47 -49 243 28 96 108 -229 146 139 -184 49 -44 110 169 -13 -94 238 -83 -22 245 193 240 152 57 226 -57 -152 -213 75 61 -104 -7 -118 -15 15 -159 124 -162 -59 -175 138 235 -80 36 73 -56 -236 65 -106 -216 -238 239 -204 12 154 227 126 222 188 118 -187 48 -85 38 -157 -250 -123 -153 -38 -18 214 -173 83 216 -241 -203 20 -74 -234 112 -115 -228 -226 142 -212 -98 -200 
TEST 155 ARG:162 239 112 -135 144 -53 211 -79 -175 152 -20 196 -198 88 -3 -138 249 151 25 -120 121 -153 59 89 83 169 -38 41 13 133 222 -137 -10 147 246 -129 149 -184 -244 170 107 23 232 97 205 -156 -188 110 -63 -246 -241 218 -161 -148 -117 6 204 56 -136 200 -19 -115 -59 -182 184 -42 179 -95 154 24 -96 -157 221 143 10 186 -82 177 51 98 99 -85 5 -229 58 32 7 113 -91 -71 -26 60 166 -87 -61 27 194 116 -232 -101 -155 115 105 231 -141 191 -177 210 -228 -192 76 36 -16 -74 -190 -150 109 247 -13 -163 61 157 -99 173 137 111 175 235 31 103 92 55 219 -173 -54 102 117 -90 -219 125 242 -56 -189 -174 -240 201 -185 -107 -225 -203 26 -98 80 -235 -223 -194 234 -8 -206 202 -70 63 187 230 -47 203 -125 -86 86 -211 28 8 -227 -75 -103 214 -142 129 -57 -109 35 -159 227 29 9 39 -176 12 85 -169 122 165 -94 -168 38 -73 171 79 223 153 183 -187 -113 142 46 226 11 -144 146 -31 168 48 216 70 163 -213 215 -76 -139 -30 -28 229 139 -196 -199 -36 93 -208 -14 -181 -48 1 -44 225 -37 73 -151 62 -160 -40 -123 -205 198 16 -108 -140 52 -25 -29 -88 -34 21 213 245 -62 49 -147 -126 -124 -243 -212 224 -46 -83 244 161 17 4 -32 65 -66 238 -68 37 -247 -149 15 -186 -238 -195 2 -50 -43 174 164 69 -51 -128 -100 -234 19 128 119 -81 180 -52 190 -158 178 -122 130 199 81 -58 68 118 -69 -92 -7 240 208 -233 -130 145 -245 -127 228 77 189 136 101 -64 -93 78 -21 -4 220 -218 -114 -110 181 -143 -170 -200 -89 53 -145 -237 -191 -111 22 -105 -15 75 -116 124 -77 -201 -118 167 -41 18 42 -49 -97 -248 -55 -242 -84 -207 192 156 -183 -226 159 -215 -220 -202 14 47 -102 82 -104 -221 158 114 236 126 -39 -80 -239 -2 -18 -154 -72 -17 134 188 108 94 -249 -204 -119 106 3 -60 -178 -11 -33 67 45 -12 -162 50 -209 57 -165 241 138 155 96 71 20 -78 72 -23 30 217 120 243 -22 -180 -164 -121 -134 -27 -146 150 -230 91 33 -131 132 176 131 -217 64 -106 -45 -167 -197 248 135 -179 -5 -133 -9 -1 -166 123 -171 66 237 148 54 40 -132 206 -112 209 87 -224 -6 74 104 185 90 -216 -152 100 233 140 0 -210 -24 43 95 212 207 197 -222 141 -214 -193 -65 -35 -172 34 172 84 160 182 44 -250 -231 -67 -236 127 195 193 
TEST 156 ARG:-164 155 -152 -86 14 22 98 136 -202 64 -59 128 92 -98 203 -27 -10 -31 -208 163 -158 -136 -90 149 32 120 -85 221 -179 -63 18 194 -235 -30 27 -32 244 182 -94 4 212 197 186 211 58 -212 -213 -177 241 218 -178 -216 -8 -137 -205 242 88 243 -201 -12 71 137 -113 -66 97 19 -182 -44 229 -5 94 -120 213 73 150 158 42 199 55 -80 -237 31 -172 170 80 54 -175 -3 102 -64 146 -125 -58 -241 198 -123 85 -36 109 81 -220 175 15 -79 -61 26 -139 48 -127 154 -114 -106 65 -56 145 -245 -184 -57 36 165 184 -229 -104 -23 227 193 -131 -15 -41 -169 -188 56 -163 223 -242 -230 -171 112 29 89 -222 107 -148 87 -146 230 -128 -135 -22 -110 82 -194 39 77 25 222 188 -189 205 -199 -51 249 157 68 -160 -197 116 -20 -200 215 -218 6 119 104 172 -193 144 -233 84 138 219 28 180 167 40 129 -144 -102 -14 -103 -243 147 -28 142 95 -76 176 -147 -239 -49 206 106 1 -232 -122 245 -166 -99 179 -118 13 45 -209 217 -117 -132 248 -153 -29 63 -68 -151 140 -207 -26 -185 74 -159 -234 209 236 3 -250 -130 -107 -165 -249 168 -78 177 -150 -24 -211 -219 17 -37 -55 156 21 91 135 -97 86 -72 -11 -124 -236 -18 47 -100 123 -195 -96 117 -231 240 101 -45 -192 113 161 -247 -71 114 20 -198 -134 53 -92 -62 50 -75 -161 -87 -140 34 43 -74 246 0 -186 -203 -238 192 134 -156 214 76 115 -244 -240 -35 -155 67 12 -60 171 196 -33 -101 16 -7 125 -181 216 38 -111 -119 90 -84 -121 52 37 233 200 -21 -149 111 -34 -174 -168 -138 208 -190 247 -91 220 181 237 160 -1 69 -126 72 139 -47 -43 239 210 183 110 -129 -82 -25 -167 -95 -70 124 78 133 -180 -154 10 -13 -65 -42 -108 202 5 -183 83 162 -54 99 30 -162 132 127 190 231 -217 93 -112 57 75 -143 -214 -225 -176 11 -4 -141 151 187 -52 169 100 234 2 62 -46 70 -142 143 174 24 79 178 159 228 225 -215 -77 -53 -170 -48 -2 166 126 -115 185 51 191 23 -223 224 -206 -50 -173 235 207 -187 -248 -133 8 153 204 61 9 -19 -196 44 201 -17 96 141 -83 -224 121 152 -89 189 232 -246 -67 -221 105 122 -228 -81 41 108 -93 -38 103 -116 -157 -191 173 -40 49 -69 35 -88 -105 -145 -109 60 -227 -226 33 131 130 195 7 238 -210 66 -204 -39 -9 118 148 46 -16 59 164 -6 226 -73 
TEST 157 ARG:-239 4 219 -46 59 249 18 -99 205 -138 -97 197 -206 28 248 -186 -130 176 158 184 14 -80 228 160 15 137 115 -180 221 241 -221 -103 -247 125 204 229 -105 -132 -154 75 220 25 46 76 -114 100 -48 42 -23 114 -61 97 213 172 -209 199 -150 -12 200 123 29 -123 -205 -33 -83 216 96 51 85 -125 175 -38 -219 101 166 87 -234 83 9 -166 195 -50 -153 47 -134 -111 62 -47 -189 -185 -218 -147 55 32 120 -158 13 -19 -178 -102 -231 -212 -62 69 -216 206 -243 -202 -164 -92 147 -248 90 3 -175 -250 186 -174 -246 -27 201 103 -207 -191 202 116 178 -71 -152 -79 -67 -56 -159 187 -233 -17 -224 6 -188 174 -53 185 16 232 136 -104 133 222 -135 -11 -133 108 73 71 -229 -140 -190 203 -187 -197 31 -235 -172 -184 -109 -91 138 22 77 239 210 -148 60 -55 84 -241 41 -196 119 149 -195 34 78 -117 -208 -217 167 88 -249 82 155 -240 -213 95 146 121 -238 153 164 113 188 -6 109 -40 152 -225 38 -36 44 57 -137 134 -120 148 -1 -70 236 157 -141 179 -68 -106 130 -59 111 -155 193 -72 211 135 -57 -51 -66 -146 -192 -121 -60 181 -170 -84 -110 -214 223 35 53 -236 -89 183 91 -157 -9 30 -7 -30 -107 -165 -169 40 27 -230 233 -210 161 212 79 63 -144 -64 196 94 177 -171 23 235 -220 214 61 169 66 -14 11 245 -31 -45 -161 140 -226 -10 -168 162 -228 122 45 230 112 -37 -173 81 144 -145 -93 110 50 243 -69 98 -143 -5 237 -77 247 104 -201 -215 117 52 -122 -116 -237 105 7 -2 -42 145 26 190 238 -198 -176 -100 -200 141 54 131 -22 156 -65 -194 217 -63 -232 70 68 154 118 171 143 58 -20 -124 -227 224 -131 102 231 24 -162 -29 -88 80 150 234 49 -74 -32 128 -183 72 -199 240 -204 194 -54 99 -87 244 -3 86 -39 -156 -82 -149 -16 -181 226 -211 20 225 107 36 168 124 67 33 170 -78 -108 106 -49 -242 89 -13 -182 139 56 -163 64 191 48 -85 -112 -73 -90 -76 -126 1 -177 21 39 227 180 -118 -167 -119 -244 2 -151 -95 -86 -127 -115 215 165 -25 -98 208 -8 -24 209 65 -129 -193 -128 132 -136 -18 142 -113 -203 -75 189 92 151 -43 -28 246 173 -4 0 -58 -223 129 19 -179 -52 -34 10 -35 242 -96 -245 -15 182 5 207 -41 37 17 127 93 43 -142 12 -222 -101 -139 -26 218 -94 -160 74 -44 159 126 163 -21 8 -81 198 192 
TEST 158 ARG:156 18 -196 -218 36 -88 -87 213 -202 182 134 -211 146 -143 32 -5 205 33 229 77 6 227 -53 123 -146 -182 215 200 11 76 20 51 178 -83 191 189 4 86 -236 144 -180 78 -170 164 -62 -141 216 57 -163 239 -26 -47 -156 158 221 137 197 131 183 -107 181 210 -40 -235 203 -6 -29 172 5 38 -19 -240 -109 3 -22 43 94 -90 193 219 105 -41 -74 45 185 96 -149 59 -145 -219 0 -195 194 109 -144 -63 -27 130 124 -60 25 -45 -23 -18 31 -220 -100 50 -115 -197 175 -32 241 84 28 -102 60 157 -207 99 -117 -127 48 -10 -73 161 121 -201 -121 -249 83 125 147 -176 240 247 -77 -159 13 104 145 -155 -227 -148 195 -233 -247 37 235 114 246 -131 180 -51 149 -192 -158 -110 141 82 42 -4 75 -101 127 -71 -39 -114 148 73 -153 206 -241 98 -250 -126 14 10 -76 -223 -217 -58 118 -129 -147 -72 52 -3 140 168 -212 -238 -213 234 35 -184 49 -65 -243 -2 173 -164 150 -151 -118 12 -186 65 -140 -191 190 -80 224 186 67 -120 201 -161 -248 162 30 -37 -181 -166 -177 -43 -13 64 143 -35 27 -66 -152 -38 -52 -11 -113 54 -94 -56 89 139 142 92 -222 -30 169 -134 -206 -157 119 218 132 -14 -154 -105 155 -54 138 245 26 -165 204 91 -229 236 208 -125 -245 -33 -179 40 -16 95 244 196 -55 207 -172 80 -91 226 -46 133 199 55 166 100 -96 -230 232 212 -239 1 -17 -36 231 -185 209 97 -205 -25 165 225 217 79 108 -106 223 -85 -128 -188 248 135 192 -221 202 120 -231 107 228 238 -8 -199 8 61 70 -92 -122 151 188 -226 -237 -112 112 68 242 44 -12 -31 -123 90 -70 -34 -234 136 -98 163 -49 -103 -21 154 -20 47 56 -168 34 174 214 -175 -57 -97 -116 87 -79 167 -183 24 21 88 177 111 187 -203 122 159 71 85 39 19 -111 184 152 -200 53 -69 72 -216 -24 -64 243 -193 41 46 -108 102 23 -7 -174 -169 -142 -89 117 -187 211 17 -246 -42 -190 129 -48 -214 -132 -93 -61 101 -160 198 106 170 63 116 176 249 -9 -50 -124 -78 -84 160 -189 7 -136 -82 -225 -210 9 81 -137 -1 103 15 -228 -215 -171 -242 -28 -194 -133 -150 220 171 74 66 -130 230 -75 29 -104 -68 -95 -209 -162 -81 -139 -167 -208 69 -99 22 128 -204 -119 -59 -198 -244 153 -67 58 126 -44 2 -178 113 16 -232 237 -86 -224 -138 93 62 -15 179 233 222 110 -173 115 -135 
TEST 159 ARG:214 236 199 -34 177 50 -49 -73 -27 77 -36 -82 242 234 -240 122 115 -189 90 211 165 -13 -59 191 -204 -249 -112 -149 73 84 76 -119 -130 -128 32 172 212 204 -61 -158 143 -224 -214 79 -179 89 -183 -247 -45 29 55 -177 -159 15 -68 -211 3 -168 17 -38 -165 217 116 -170 80 -150 -215 25 240 136 -142 -102 56 -182 -110 106 -194 -236 68 88 8 221 -67 188 -48 -84 33 46 200 -126 225 11 -71 -199 -167 183 193 126 47 202 -113 -209 -171 -125 101 141 150 1 24 -42 -15 -225 206 -154 -117 -116 59 171 -218 184 129 -213 -81 -54 38 -96 60 62 61 93 137 -5 147 13 -173 -175 249 -134 -217 30 105 26 -212 21 -232 120 7 168 -222 179 -221 160 -227 92 205 247 215 132 42 -28 -83 -219 52 248 -76 -57 158 -195 -115 -137 139 219 -32 -129 194 -85 -152 -17 245 27 -122 70 -244 -124 9 218 -44 -235 124 23 109 -229 -210 -141 -97 241 2 -242 -21 130 -127 81 119 -206 -196 226 -98 113 123 -62 -181 -190 135 -133 -31 189 36 -92 149 -1 -53 -52 48 244 173 155 -29 -100 114 72 -2 34 -47 -188 -101 -172 -234 -69 -131 -37 201 -50 -12 145 192 -164 231 -138 -216 161 216 142 164 -65 -163 66 111 117 -105 -192 -205 -147 -144 31 -106 -43 49 -250 -86 131 28 185 -64 -166 18 163 -40 -89 235 -186 133 37 230 152 -123 103 -120 53 237 -22 78 118 -56 -93 -139 75 112 -237 159 -132 178 20 -174 -58 138 -103 180 -95 -241 -88 166 -78 -77 232 -55 239 10 -3 44 -178 -108 144 134 -9 -197 154 -74 -87 -46 -72 -60 125 -39 94 -63 -51 246 -151 187 58 224 -114 -155 -136 40 104 -35 95 203 -207 -153 229 -109 67 87 12 210 -228 196 -146 190 110 182 107 -193 157 170 153 243 -231 102 -157 -202 127 -16 -239 -11 108 174 209 91 -23 238 -245 -99 175 -180 51 167 39 223 82 -8 -80 -200 121 -111 169 220 -121 14 65 -66 -156 176 -24 98 195 -230 100 -201 146 97 0 6 148 -75 -223 -243 86 -26 -220 71 -161 -10 -248 5 4 213 -7 -162 43 208 -208 140 -19 22 19 -4 -145 35 -187 162 45 -148 -20 -41 -94 63 228 197 -91 -198 -90 -6 -107 207 186 -233 -176 227 96 -226 69 -140 -203 -135 64 -143 -33 -185 -160 57 -70 156 -14 74 85 233 -104 -238 41 -246 83 -118 99 -79 -30 54 198 222 16 151 -25 -169 -184 181 -191 -18 128 
TEST 160 ARG:-147 17 -136 -244 -44 8 -97 240 127 242 23 83 -102 -239 -132 -106 144 -16 -32 -41 57 99 44 227 -77 -7 11 -131 -230 -199 150 199 -238 -11 -21 136 -20 -234 214 183 88 -159 45 -247 -237 202 -75 -175 -126 -250 -154 -100 218 46 138 61 -242 -51 158 137 -128 -150 -14 -82 -1 -193 29 148 165 56 171 185 -235 233 -157 -231 193 -73 -171 223 -69 162 -94 -166 155 -49 67 -36 -221 142 62 -165 226 74 -29 -201 35 -59 197 -117 -108 41 -112 -35 249 245 219 -225 167 81 2 -56 28 107 92 -227 159 100 -202 -248 -145 -133 238 224 72 79 78 133 -188 -90 198 -9 -25 -182 -46 -148 -138 -224 -87 184 91 58 145 109 73 103 3 201 177 222 179 54 -179 -249 123 -70 239 -27 -127 -146 13 -54 -184 124 -172 174 -105 75 -240 -57 173 -206 101 31 -222 229 -216 43 139 -80 190 -189 -81 -149 194 -124 231 32 181 89 49 154 80 126 87 -129 221 -158 -99 -185 208 -17 244 40 -53 -31 147 -140 -121 -119 -43 -186 -55 -233 -79 153 216 105 38 -137 -58 39 -183 -83 -6 -63 -98 -101 -164 -134 -135 -93 243 -40 -180 -195 211 -141 36 -86 -214 187 -2 -241 114 -236 -52 -8 50 59 22 116 -245 205 191 172 -139 206 -110 -211 14 -207 -3 125 -64 -62 120 225 -34 27 -228 140 16 -22 178 -113 -155 53 93 163 236 15 94 228 157 -192 -19 4 97 119 6 232 132 -161 -210 -15 134 135 -178 -160 47 -111 68 131 217 -89 -115 196 60 25 -218 166 -26 195 128 168 -212 -24 117 -71 20 129 -67 85 -208 146 -217 110 -103 -72 84 12 65 -107 -219 -123 51 24 176 -187 -33 -163 90 241 149 -109 42 209 -18 152 111 237 77 -23 170 -220 151 204 215 82 63 -116 113 -45 220 -48 64 -4 10 -232 -197 -204 98 33 76 30 -104 -243 -167 246 -151 52 -66 203 -191 -142 -144 -91 -118 180 21 95 122 112 37 -181 108 164 96 -143 -114 -162 86 -74 -177 -5 -169 186 -170 -95 -223 -68 210 -60 -246 71 66 121 235 -196 55 -50 -92 -122 -152 141 -200 70 106 -12 118 -78 -42 -96 -120 189 207 5 156 -13 -38 182 230 19 188 169 -47 161 69 -37 234 -153 -156 -125 -76 175 -65 248 -205 -10 -176 18 160 -203 7 26 -39 -130 0 -88 -213 -194 -198 -85 -173 -61 1 -168 247 200 -215 115 48 34 -190 192 212 -209 -28 -84 -226 -229 9 143 102 -174 104 -30 213 130 
TEST 161 ARG:-69 130 -220 -15 -168 243 232 236 28 -142 -118 -25 159 201 -249 212 -49 -38 27 43 -145 -95 190 -172 142 168 -135 -119 225 -34 -156 -62 66 45 137 19 -250 -117 -101 73 -87 155 206 59 96 109 26 -82 93 215 174 14 -77 245 10 52 31 -197 21 67 -12 -129 -31 231 214 126 117 -130 145 146 144 138 132 -161 -128 -78 -120 53 110 128 -54 -113 204 -157 22 -13 -59 64 -193 112 119 -115 136 234 -179 -46 181 -241 153 208 17 -205 185 80 1 -114 134 65 -41 -45 106 18 166 -225 -237 -127 38 74 -189 83 -131 -107 -173 -66 107 6 -18 192 -213 -11 187 -84 -199 151 -53 167 72 237 178 -16 35 55 -99 147 87 121 -36 13 195 148 -196 8 -88 -43 32 205 183 -245 48 -204 -239 157 -176 143 -144 127 228 211 -89 216 77 -243 213 -8 -98 69 -230 -209 188 -35 -226 -106 -28 -167 40 -155 76 -63 -37 -23 220 -149 -2 -55 203 165 116 -227 70 -80 33 -64 171 -160 85 118 -191 -184 -123 -50 160 -112 -86 139 -201 198 -175 0 -190 248 -154 200 100 -158 209 -121 -169 -211 -186 -240 207 158 180 -228 152 -206 217 39 -27 249 88 34 -233 196 5 -222 60 -47 -229 -1 241 30 163 -217 -200 -52 -192 156 3 89 223 9 -74 -133 -108 -146 92 -136 11 111 -60 101 16 -109 -236 82 -244 44 20 49 224 -188 2 -3 29 -224 -147 71 -212 -93 -33 -105 -174 194 -195 240 114 86 -14 186 -6 -187 120 15 37 -198 193 -103 177 51 -7 -26 23 -56 24 222 -102 218 113 176 94 -215 242 -194 -178 -221 57 54 169 -232 -125 246 -171 189 -68 150 172 58 -143 131 -9 -67 -17 -138 -97 25 -70 235 -116 140 -32 -72 -140 -165 -124 68 -214 124 -44 -208 -223 -42 -65 -182 63 125 79 164 -122 230 -166 -51 -92 -177 197 -203 -238 -163 61 -5 42 179 95 239 108 129 -185 -210 7 -104 -94 -76 -91 -96 -152 -170 202 184 154 4 133 149 99 -242 -81 210 -79 170 238 41 -83 -202 -111 56 -39 75 36 -150 219 141 182 -57 -164 46 -247 221 -110 199 -137 191 103 62 -219 -159 104 98 175 135 161 102 -151 90 -71 -180 122 -24 47 -19 -90 50 105 173 -21 -218 -30 -139 162 91 226 229 12 -216 -141 -231 123 84 115 -148 -248 -246 -162 97 -10 -73 244 78 -85 -183 -75 -22 -126 -207 227 -181 233 81 -20 247 -48 -29 -58 -235 -40 -234 -4 -100 -153 -134 -61 -132 
TEST 162 ARG:-37 -140 -26 192 -33 -193 -150 2 8 209 -133 -27 -91 -38 -149 68 82 -6 -183 -246 -114 131 202 -89 -236 173 103 -31 -44 14 128 76 31 -165 172 -22 -54 -195 225 95 -2 -72 160 -49 228 -9 -199 -56 -47 110 -135 -152 217 244 -74 166 -95 238 -137 4 50 -192 -64 -230 248 -159 -186 167 -250 -155 -103 229 129 -239 -1 -14 -50 -229 -4 -122 -221 133 -46 157 -156 70 -166 52 -243 -20 -90 237 30 203 199 218 119 -220 35 -43 197 -202 17 -200 -190 -57 159 16 -247 -84 -143 73 -205 90 22 174 -10 -174 -104 -21 -214 239 -242 139 23 -172 -203 120 224 135 77 -76 155 -128 84 -228 -171 63 -189 198 -113 11 -61 -210 179 -204 122 -212 116 -146 111 112 19 -59 97 -151 -136 -241 -87 -194 48 211 151 21 215 99 56 -88 -169 101 -23 47 -215 27 29 -108 186 -82 -39 96 -217 -182 -188 -13 109 100 -238 219 45 -118 190 249 246 -164 154 24 -123 -124 177 118 -102 -83 165 -12 235 65 49 220 210 -93 25 231 79 -153 163 127 -180 241 78 -226 -63 71 12 247 67 -8 136 161 230 -65 86 137 102 -92 5 3 -29 -53 33 58 178 -55 -78 -41 123 -112 62 -69 -208 -79 37 234 -58 -206 -163 98 193 187 60 -97 -94 -233 140 -11 -62 -145 207 153 20 -249 152 204 236 -191 124 -115 46 -198 42 -109 -185 125 -106 -178 -244 -32 -129 -237 -216 -127 -227 206 38 -209 44 -157 105 -96 9 -207 175 -116 32 -86 51 -181 -197 138 66 39 106 43 -42 55 242 74 195 83 -232 146 115 143 141 158 243 -5 28 -144 -130 -24 -17 196 -223 93 -3 -121 145 126 0 26 222 176 233 -40 208 -196 189 214 -85 113 -168 -175 104 216 57 184 89 10 -48 -148 69 7 -100 -248 -167 -52 -45 -231 -36 -240 188 34 149 -98 54 -132 41 232 169 -201 -160 -235 213 -68 -139 183 72 -19 -16 245 -80 148 -184 -225 227 -138 75 53 -18 -111 -25 40 -224 -211 182 108 -77 240 -73 134 -125 -105 -218 -176 -67 85 -75 36 107 226 191 200 -126 -110 -101 -245 -161 -81 -234 -117 -30 88 64 -99 -222 -131 13 -213 -35 61 80 -51 -34 144 -154 -120 147 -71 -158 -7 130 180 117 150 6 15 -219 185 59 -179 91 -142 171 -107 121 92 94 18 -173 114 -162 132 87 -66 221 -147 156 168 -141 223 181 212 -28 -187 201 -170 -70 -134 -177 162 194 164 -15 142 1 205 -119 -60 81 170 
TEST 163 ARG:-149 85 243 156 -236 -135 199 137 -97 -212 -46 -246 197 -224 90 105 171 81 17 -196 189 230 126 80 138 -120 142 -55 -69 218 95 -16 55 -8 -233 208 35 -14 -29 -30 98 -103 -33 -77 -6 246 -49 70 191 -155 -9 -141 -189 123 207 -26 40 -27 61 247 194 129 -134 -114 100 -42 64 -146 -161 -67 38 216 1 219 237 109 221 125 128 68 146 39 28 -4 185 -80 -93 222 7 108 162 131 -106 -177 217 175 14 106 15 135 -240 29 -209 -202 232 -74 -208 164 -76 145 241 201 71 -57 96 -158 -12 45 -173 -162 242 182 107 88 49 -112 26 -170 -142 3 59 203 -28 174 37 148 170 -92 -248 -118 87 204 115 -235 239 -108 86 -169 -218 176 179 69 9 -229 -250 83 139 -245 112 110 160 -217 -82 118 223 198 -48 -178 245 -23 227 -84 -54 -7 -62 19 -228 -242 -3 -36 -238 -105 -221 -198 244 248 84 -10 -180 77 -199 206 -190 154 -110 143 -181 -72 -166 24 238 -237 -104 111 60 -182 214 -214 -115 -1 -117 -81 186 240 -63 -223 211 -193 -148 -138 104 -52 -2 53 62 -18 46 23 -168 165 -5 -188 -172 116 43 234 -91 -75 -222 136 249 2 -19 6 -90 30 97 -39 -58 -144 144 132 -151 231 79 73 94 114 -213 196 155 76 150 -150 -53 188 34 -145 -136 177 -35 99 78 224 102 41 -210 -85 -119 235 -98 153 -247 -219 -200 -102 220 -179 -165 168 -99 151 -94 -220 16 213 192 149 -13 -60 -37 -89 -71 200 -216 0 82 -140 103 31 -31 56 22 25 193 152 -211 -73 -43 228 74 -160 -38 -174 -79 -34 -22 52 187 8 -100 18 -40 158 -241 159 -113 4 180 -65 -184 140 209 225 166 -207 -156 -86 -125 -171 54 -64 -122 -96 181 63 -152 -176 -201 -11 122 -225 161 -194 48 -45 -121 -192 47 178 -163 5 147 -32 226 -68 -226 33 10 233 -147 190 119 -232 -187 -203 202 101 -109 -47 184 -191 -205 124 -143 11 -17 -59 66 -164 50 -24 58 -101 130 183 72 -20 75 42 -230 134 -15 -50 -154 -21 -130 -239 212 -244 169 215 -197 -157 -25 -206 -61 229 -70 91 -231 -78 -139 -204 92 -132 27 -123 13 120 57 -131 36 121 205 93 -183 -44 -83 -215 -175 67 -167 -153 -186 236 89 -227 -127 21 -88 -107 51 113 133 -185 20 -128 195 32 -234 -249 167 -95 12 44 -56 163 -126 -66 127 -116 173 -243 -129 -159 -111 -87 -133 -51 -124 -137 -195 -41 157 210 172 65 141 117 
TEST 164 ARG:-9 -153 -76 245 -64 248 -94 -11 50 -186 57 200 21 249 210 6 111 83 171 70 -55 113 76 110 186 -206 61 -196 156 4 -27 48 154 73 -85 207 149 -38 -172 -51 189 12 -63 -86 -72 105 -187 188 243 -164 -152 -240 -144 37 208 -160 -62 -6 55 -182 -248 -200 -77 112 -52 -165 -19 -212 -61 0 87 -127 177 -141 -71 -114 222 227 -8 -36 -116 60 -4 -170 -173 93 -42 -225 -29 -101 -124 242 -236 11 128 247 -137 130 219 -83 131 -12 15 77 -81 41 -168 35 3 65 69 142 -136 240 84 125 -238 216 -103 106 40 -134 99 195 2 230 89 -79 -88 74 25 185 30 -106 -198 -162 -171 164 -41 -25 -119 -133 -131 122 -143 -7 -194 158 -159 -93 -204 -56 64 229 -3 62 -166 138 -30 144 -215 228 140 79 176 44 -73 180 67 -28 -155 -128 -67 -33 161 224 -202 81 -97 -80 -129 141 226 90 -115 92 -210 8 -107 165 -92 -230 -174 127 182 -22 -208 -35 196 147 169 160 190 38 -191 132 -177 -203 96 -16 152 -145 -69 135 -74 -207 192 17 -105 238 -70 -190 -135 166 -216 197 39 52 -110 -58 193 -234 -60 75 136 22 139 -195 -14 -140 -222 -217 129 -123 56 183 162 146 -176 -120 145 213 199 -167 -151 -39 78 -244 220 -100 -32 221 85 239 72 -163 -132 -75 -241 36 98 117 -102 211 -53 204 209 -24 -21 -50 241 -2 -82 151 -20 -201 118 108 -45 246 107 -185 -13 -247 -178 -121 225 -213 19 121 205 47 100 -233 -26 14 102 -154 -95 174 -235 -197 -78 223 -23 -181 43 53 116 191 20 206 -104 32 -49 -245 -183 -89 -193 -188 -91 -96 88 -118 -59 184 134 217 95 -249 63 54 198 -17 103 -37 -250 232 31 -149 181 -161 104 233 178 86 16 7 -47 13 -44 159 -87 -157 -219 -122 -5 46 -130 168 26 -10 -68 -15 29 -148 -179 -231 97 -1 51 -111 -139 24 -158 82 5 -43 -18 236 10 -220 179 45 33 -175 172 124 49 -142 173 -239 9 58 -180 71 170 126 -226 18 -90 -125 214 -237 28 91 -209 -31 66 -117 -112 115 -229 -211 42 137 194 -57 -34 218 -146 215 -54 68 34 234 27 -228 143 231 155 -147 -243 175 -227 -126 202 -246 114 -66 -109 109 -99 101 -150 -189 235 203 -138 1 -156 -224 -169 163 157 -113 -205 212 244 237 123 -218 119 -192 150 -184 167 -84 94 -108 -98 23 153 -221 -223 -232 148 80 201 133 -65 -242 -46 -40 59 187 -48 -214 120 -199 
TEST 165 ARG:-21 189 -93 -210 12 -86 131 -186 -137 -240 -245 122 -209 -187 -126 222 -19 196 -199 247 -116 162 -55 175 166 52 -91 -232 79 -235 201 -223 71 174 -115 -103 -146 36 165 118 -234 -191 -211 -79 -173 -138 -84 179 -100 229 -203 -213 -131 -43 206 -242 29 157 -161 70 -124 -64 113 -207 -157 171 81 164 -222 -177 -241 183 147 21 56 26 86 -30 217 238 237 125 -107 -101 -85 -27 200 137 241 -34 108 152 -58 180 11 47 -129 -201 92 -220 -244 -164 151 -40 42 197 -236 -57 -8 76 134 -36 -83 -237 -59 -166 194 188 -231 -225 -120 -3 139 203 -105 -208 -188 44 -16 114 -68 228 -92 169 95 205 198 60 59 -81 -38 -119 -189 148 -178 19 -95 129 24 -202 31 232 84 -196 -172 -142 117 119 87 195 104 80 -230 -165 -78 -20 -181 216 73 -145 -174 155 -53 -141 88 -23 248 5 239 74 97 -184 133 -102 -80 -89 -238 160 -162 202 -88 -154 218 90 220 -248 -6 15 -15 -176 -72 17 68 67 172 -190 224 145 -195 199 -140 -22 50 9 211 8 223 -110 -73 78 7 240 -219 -171 208 -205 -77 235 101 10 213 -7 123 227 16 -109 55 69 37 34 109 -13 -152 163 39 -118 -26 -227 161 144 -224 150 -61 245 14 77 136 181 72 -82 -32 -169 135 -229 168 176 -67 -112 -42 41 64 82 236 -28 -5 -49 121 -250 231 -97 -200 -117 221 -114 -125 89 193 -218 210 51 111 153 -183 -135 -62 75 85 43 -50 -33 -153 -63 35 -111 -246 173 -132 -71 -149 -99 -106 -76 -168 -24 -94 -139 -155 -127 45 246 46 -163 53 -228 -108 27 -221 149 -65 140 -180 106 185 110 167 3 -54 -226 -37 57 -66 158 93 -1 105 -87 18 -123 -14 234 -160 -41 -98 62 170 -215 -159 242 -148 1 99 -56 -194 187 -75 156 -182 154 -130 -217 141 -206 -133 -167 54 98 32 120 -170 -121 115 182 -2 -212 -44 2 209 -104 124 66 25 -192 212 -90 22 230 20 138 -198 -216 233 96 -122 130 178 -239 -247 184 94 -193 -25 0 -243 219 -151 -204 249 -9 100 -45 -10 48 190 -134 -144 -11 -113 -175 91 -158 13 -48 243 -51 -197 38 -29 143 126 226 186 4 -31 -150 -214 191 204 65 142 102 33 -128 -47 40 -249 128 -156 61 177 -185 30 215 -136 -52 -60 159 23 6 -147 116 -46 -70 146 225 -179 -233 214 -18 -35 244 -39 63 49 -143 132 -17 -12 -74 -4 107 58 112 -96 207 83 28 127 192 -69 103 
TEST 166 ARG:-27 53 127 -105 235 41 -238 -39 -239 52 62 54 2 -171 -61 25 -81 210 -119 -34 71 -29 192 -195 -95 169 237 -62 -38 26 232 -234 29 194 -173 -213 37 3 160 -64 120 -122 -33 193 -198 18 -36 -101 101 141 -197 -112 -148 -116 133 1 173 40 -200 38 -186 -143 -153 113 46 231 225 166 98 162 -42 -19 -73 -189 7 145 -48 115 164 -127 12 -41 -229 155 100 167 0 219 -192 -241 -163 -63 -172 48 203 161 -232 114 165 17 -219 -245 -22 -227 -86 -154 68 230 -121 -67 -98 -214 -211 -108 188 154 241 -240 -152 77 -84 51 21 -43 153 -82 110 -139 180 135 -37 57 234 -77 -151 171 55 45 152 -133 -249 222 -131 -72 201 -35 -140 -8 -26 -206 -138 11 -179 134 89 105 -68 82 97 -104 -17 136 -246 78 -156 128 -118 226 111 -91 74 34 -233 150 44 -40 227 108 -70 183 -135 -183 -66 118 -53 218 247 83 -180 144 23 24 -107 76 -12 -28 198 242 -79 159 -248 196 -247 -225 69 228 32 103 206 -20 195 185 -106 151 -159 197 -117 -176 -175 13 -149 -21 -3 112 125 65 39 80 217 90 132 216 -142 59 214 96 61 143 142 -126 -208 -162 -97 102 233 -134 236 -52 -69 84 -196 -80 212 6 -55 148 -113 208 -75 -54 -220 47 -177 -188 20 92 -193 -30 179 -150 -120 93 -144 -169 124 149 200 -201 16 -141 221 95 177 -31 -58 -166 63 248 5 184 81 28 -235 126 -1 -60 -158 -10 31 -137 -202 -114 43 223 -56 -83 -109 240 117 -147 -221 -191 -24 211 189 36 -250 35 -5 -74 -145 -226 -18 -45 -231 106 -130 116 157 64 -194 4 -236 -242 -203 -168 -244 158 33 -99 199 -222 137 72 -13 56 170 -230 -7 238 -50 -103 -93 104 8 -223 -92 14 -132 -49 -59 75 239 79 -217 49 130 205 209 -111 -65 182 -161 -15 -14 10 244 213 202 -165 121 70 229 -89 109 -71 -100 -178 186 -136 -129 42 -46 190 245 -47 -124 -96 -23 -16 -87 204 -181 -209 58 129 172 86 140 163 207 87 249 -146 -204 -215 -78 215 66 -164 -128 131 -187 -184 -218 187 -102 123 -88 -11 175 178 176 107 -85 -207 -94 -2 220 -9 -51 -182 122 -32 -155 224 243 -170 -76 50 88 -44 -190 -224 -199 85 -90 15 156 -125 -4 174 22 19 60 -25 147 -228 139 9 -160 -243 -57 -185 -6 -212 168 99 -174 -123 119 138 30 -216 181 146 246 -167 -237 -115 94 -110 73 -205 -157 91 -210 191 27 67 
TEST 167 ARG:90 144 -176 79 29 -81 229 188 -45 25 247 112 -11 -82 -177 -214 204 45 202 146 196 -185 40 -232 -175 239 176 58 101 -130 -71 -99 -117 225 149 77 -136 -69 -129 -72 31 -236 -8 94 30 9 -152 -12 -73 207 -51 13 121 -159 164 -104 -150 -50 -201 67 -222 20 41 -61 127 -122 -167 194 242 -19 -138 83 221 17 102 227 -128 -242 -46 -113 201 -143 43 111 190 143 -208 231 73 -171 84 -107 -60 -137 -21 234 -121 238 -37 -195 71 -29 -144 -226 161 173 170 249 -5 -80 -211 -75 -170 -243 46 -189 157 -218 -59 212 163 75 -119 218 -97 110 -135 232 -147 139 -70 -173 4 98 -168 116 -181 -221 38 -83 -40 -145 241 -55 187 78 72 148 -184 -41 -174 -187 -22 205 154 -227 -65 0 166 -17 -115 -182 87 76 210 240 81 -193 195 -47 -126 -234 -32 108 -91 -239 -39 -93 -84 235 -43 97 137 -240 82 189 -92 -228 -87 63 -28 -131 -219 -106 223 92 61 68 172 -215 14 214 135 191 -237 -68 -230 96 -146 184 177 23 -154 -76 5 167 -103 -18 106 126 136 141 230 3 50 64 -66 42 150 245 -198 -78 145 -199 -114 -110 -96 52 -54 178 -34 56 -86 243 128 109 16 33 53 -204 -141 197 -153 -30 185 237 -197 32 158 -133 1 69 -6 -26 11 -210 -172 -225 70 -220 -148 -205 -16 -23 152 -190 140 6 -250 -25 -77 -163 -149 175 180 55 186 -56 -127 -9 -164 -247 -125 60 -160 130 168 59 222 133 -140 -238 48 -157 -116 217 -194 -13 -132 248 183 -161 -111 35 125 193 24 -134 174 10 26 -108 86 -231 -206 215 147 -233 100 -44 192 39 236 -38 216 120 107 213 -63 162 -36 -100 21 -183 85 74 -62 129 -162 15 -186 226 -33 8 104 95 -169 7 -7 54 206 -212 -10 182 18 -223 44 200 -216 233 211 47 -207 -200 -35 -191 65 28 105 209 66 -192 142 -123 123 51 -196 -203 27 -95 80 -109 -67 159 -180 114 -151 -209 155 208 -139 -101 -179 181 -1 198 -105 -94 244 -202 -188 165 219 -48 153 62 -248 -53 -245 228 -166 151 -27 118 224 -217 220 91 -15 134 -142 34 103 -64 132 -229 -246 -224 113 -58 37 -49 -57 -158 199 49 -90 -120 160 -156 19 179 124 99 -213 -98 171 169 -52 138 -241 -244 -4 88 -42 131 89 36 -79 122 -14 -3 2 156 115 -235 -74 22 246 -118 -85 -20 -249 57 -165 -31 -178 -124 -89 -155 93 203 12 -112 -2 -24 119 -102 -88 117 
TEST 168 ARG:-85 161 -123 131 247 -114 141 -224 -40 -217 -230 240 120 245 -1 -82 -179 204 190 -2 77 194 118 -130 -17 -116 27 -41 154 79 -216 2 -68 -168 -99 -33 -144 -71 -92 96 -66 35 -37 213 166 222 179 18 -231 -136 249 81 -140 74 -21 238 144 40 -244 142 172 78 156 -113 68 -178 -195 -50 4 -56 11 200 86 29 -105 -127 49 -60 130 21 -213 212 -102 -207 -175 -29 128 -27 106 -196 71 -232 28 -190 100 -121 -171 -117 -23 -13 -246 226 31 199 -180 -247 184 -209 147 -149 -98 -152 169 -138 61 -193 57 46 25 -142 158 -204 20 -192 -160 173 -165 66 -86 189 72 -137 -4 -52 -158 -36 224 -184 109 134 -89 210 -118 -65 39 229 93 92 32 168 -76 -51 248 146 231 -77 -147 181 187 216 220 -143 198 152 -84 -236 -189 215 211 -135 127 75 -250 -132 24 16 192 -174 -145 -108 102 -111 48 -31 182 -88 -14 -18 -182 99 114 176 -176 17 -74 104 -155 -188 205 149 -129 -134 -11 56 -210 -112 -223 160 84 82 145 52 186 228 119 70 -43 76 -161 3 -47 185 -194 -122 -219 58 -119 41 164 -199 -26 -124 125 150 -59 138 -248 -24 -97 214 54 -172 50 246 219 241 -164 112 -153 -62 157 -78 -245 14 101 -45 115 83 -166 -25 111 -34 -198 -80 36 -227 -206 242 -75 -186 -235 23 177 -12 -200 34 244 159 37 15 -7 123 202 7 -154 38 60 -239 -233 95 -20 -81 174 5 183 -16 65 -151 30 10 -120 -30 139 -211 -69 -157 -6 -222 140 -215 -39 -225 -146 -109 232 108 -234 -191 -48 117 -221 -214 239 -58 -238 121 -241 55 -35 -63 196 -94 -242 90 -55 94 -38 -9 13 -185 45 85 -110 -150 -73 197 -183 -240 178 -181 201 -46 -93 51 -133 237 -57 110 -106 -131 162 -22 116 -90 -54 132 -208 230 -42 -103 47 124 91 -187 -237 129 136 -203 1 -72 0 62 63 -126 -100 69 -139 59 175 208 -91 -107 180 151 67 -229 9 33 -128 -170 -201 207 167 -212 -87 107 42 -159 -96 -10 105 -3 -169 -163 103 -44 126 -162 -61 195 221 -243 6 217 89 113 -83 233 88 73 -228 53 -67 -148 -64 243 26 206 -205 -28 -8 22 236 97 -218 -156 -141 -202 143 -19 234 -226 218 -49 235 87 64 223 -167 191 80 -115 193 19 155 148 170 -101 122 188 163 -197 133 8 -79 -32 209 165 227 -177 -53 225 -5 153 203 -173 -220 44 -249 98 171 -125 -95 137 135 -104 -15 43 12 -70 
TEST 169 ARG:154 -122 -139 -60 216 4 -220 -109 206 -54 -11 35 -185 -186 57 -231 110 92 113 116 -119 244 -108 61 -144 -20 -17 -27 -158 231 211 127 -196 -78 -167 -28 83 -45 -24 81 -29 -5 -197 71 79 145 -160 14 199 172 -156 115 41 49 55 -4 34 -191 128 207 -73 -178 -30 241 6 -239 -81 -246 -72 189 1 23 -85 -100 -141 123 -171 -43 235 242 -217 52 -53 -44 -118 -152 -84 -74 -225 -216 148 142 -111 237 112 120 -91 63 143 228 31 -234 21 -34 -19 -113 -88 82 -62 190 -142 -143 -202 102 249 239 -207 -223 213 -129 22 -96 194 27 238 -47 69 214 -80 -50 -92 220 140 95 191 114 109 -71 164 5 42 200 18 -149 -31 193 134 51 -106 168 -46 44 150 -226 -208 39 -125 -126 227 -57 -195 135 -190 -97 -3 -128 -133 117 139 -89 -9 97 60 -233 56 126 9 -51 -200 -67 -112 177 85 25 -86 163 -213 -56 -58 -38 175 -68 138 30 -201 171 132 -221 131 -206 195 66 118 99 217 45 224 -162 -236 -147 13 -250 37 -121 -174 -22 -98 -101 -170 -194 -248 -55 182 -159 236 -130 -25 184 151 248 173 -83 218 10 152 -48 162 -230 240 -12 174 -13 -33 -140 187 107 -151 170 153 -94 196 2 -173 53 233 7 -63 247 -153 129 -212 -39 232 -102 -131 -154 197 209 -37 243 -103 208 -16 75 86 -169 -21 8 144 89 -137 11 -244 -70 212 -76 225 149 104 38 181 -26 198 67 222 106 121 176 185 188 234 33 0 101 180 47 103 223 100 -187 157 -49 160 111 -1 93 105 -163 48 -79 -59 -188 -199 -229 65 74 167 -132 73 178 54 -117 204 -8 -35 62 90 -7 43 186 -168 215 -245 -90 76 -235 70 78 -172 -148 -99 -198 -193 26 -135 15 201 161 -134 -181 122 84 179 159 24 59 169 230 80 -204 16 130 -210 -87 229 64 165 -211 58 -161 108 -205 72 -77 166 137 20 147 -155 -104 -138 219 -15 -127 -136 -150 3 -66 -209 -146 210 -93 -36 46 -184 -120 -219 -18 -95 -23 -237 -75 -203 -157 88 12 202 245 183 -14 -189 133 40 -192 192 -183 158 -164 68 -182 -42 -82 136 203 -232 -145 -6 -238 87 141 -180 96 94 -2 32 -105 -165 -65 -214 -177 -241 -52 -228 17 28 91 50 -179 -116 -124 -240 -218 36 -249 -227 124 -247 -224 155 -222 -176 156 -10 -166 119 -175 98 -123 -242 246 -115 77 -40 19 125 -243 -215 226 -69 221 -41 29 -110 -64 -61 -114 146 -107 -32 205 
TEST 170 ARG:124 56 -215 -231 196 35 -235 -168 163 -124 -218 50 -101 66 165 -150 -85 99 121 -12 -35 9 212 84 -32 105 -144 -74 -11 -110 -77 -210 -133 209 235 -178 -31 111 -227 -181 31 68 87 39 -15 162 -212 7 199 88 -109 79 -53 238 185 -154 -229 -30 96 -65 24 215 -22 58 230 23 -108 132 115 148 -190 -126 234 -17 125 -33 -27 -205 -100 28 135 161 -202 -116 191 -233 113 -120 -93 120 -136 -64 -213 93 -234 -39 -49 -76 -225 -152 -161 70 43 166 231 249 -171 38 -138 -46 49 -149 -6 242 41 -165 86 173 227 119 8 -97 -81 47 -176 -26 178 -192 6 169 -112 151 236 182 -145 33 19 107 -240 -163 -248 226 187 -13 206 -117 -71 -18 109 -224 0 11 -244 170 145 -2 -48 10 -228 -41 -4 189 114 134 136 -72 -223 108 18 -131 -155 -239 -102 110 -201 37 -47 137 61 156 78 -156 48 36 208 158 -20 112 75 190 -209 -206 -111 -36 -60 80 -198 14 153 2 -105 133 -180 186 76 203 -95 -142 -19 -43 122 69 -164 197 -160 -3 -200 21 123 -1 26 -66 232 -8 149 -84 -196 -56 92 -5 241 -113 34 -67 -78 -104 -50 -249 -23 97 179 -42 13 -87 -51 -242 -118 81 214 193 -187 -147 -63 -204 44 -103 244 -179 239 140 -197 210 -188 192 -219 -140 -247 -89 -186 229 -28 -148 -37 -45 52 -80 -199 32 42 -237 225 -10 -54 -226 146 -21 77 128 -151 62 -62 -167 72 104 154 -29 -94 -158 157 -122 155 131 -184 30 -139 60 -241 195 -246 -130 -175 -134 -79 126 5 -129 216 -25 -221 248 -127 218 -169 168 -162 127 -83 -14 117 -137 4 217 29 228 51 180 15 -86 -203 -55 40 -174 83 245 -250 -170 64 247 59 177 -128 176 246 202 57 74 175 45 -38 -195 65 147 -99 -245 98 90 -173 188 -141 -189 20 205 184 143 -207 -208 -143 101 -236 -125 164 -182 1 211 -232 201 63 -216 142 204 -40 -69 -70 -91 -211 -7 71 -114 129 -44 -34 -106 -194 -123 183 -61 222 171 -82 54 224 3 -73 55 207 181 -217 116 221 -132 95 -222 46 219 -115 73 194 138 -16 200 172 -59 -153 223 -193 -107 25 -230 -9 160 -177 -24 16 85 -57 -58 106 -183 220 -166 -92 243 53 102 -119 -214 141 -96 12 -98 22 89 -157 213 118 82 100 27 -185 103 91 167 -146 94 -68 198 -243 152 -159 -90 -52 240 -172 -191 17 144 67 -75 237 -135 150 -238 174 159 -220 -121 139 233 -88 130 
TEST 171 ARG:-220 90 -163 50 -229 -141 -148 -34 -200 180 132 -69 -128 91 145 24 23 109 -94 218 -109 -131 157 220 -30 247 114 -102 -91 60 -77 153 237 111 79 181 160 -226 80 -215 -43 56 159 19 -244 -14 -207 224 152 30 -212 -233 -7 35 -208 9 -54 -115 122 -130 -122 197 227 -95 -237 169 -153 204 -138 221 -74 -191 -239 -204 -167 201 -161 -221 184 52 41 171 143 -193 -40 146 -57 22 189 59 12 98 -80 -106 -137 76 -103 75 -108 -180 -28 -100 7 -37 57 -140 -125 199 92 168 155 129 -228 127 167 -164 -119 32 66 31 196 -243 47 242 -225 -195 -93 176 -118 215 -82 -145 33 -177 -56 -75 228 -209 -23 13 205 53 162 102 -133 54 246 -50 97 21 -135 148 203 -59 182 67 112 158 163 124 -151 177 207 83 -87 -188 -165 -88 100 55 186 -90 85 -12 39 -29 -62 -202 -24 40 128 213 -134 42 232 51 38 -139 103 -234 -242 -13 -187 108 88 71 209 -126 45 62 11 -197 -248 5 -152 165 16 225 190 -224 1 82 -142 3 74 -105 234 222 -107 249 -214 -9 -45 140 -116 136 -26 212 78 95 175 -156 89 14 178 61 231 -211 -158 -222 141 -173 101 6 -4 -8 -210 -182 17 34 -104 -52 -186 94 -157 -10 179 -178 -51 138 -64 208 -73 107 -185 104 139 126 -149 -246 -44 -20 49 188 43 -18 -42 -22 -150 -190 10 26 -1 -66 -113 25 29 -31 0 -11 -216 -192 -117 -183 27 -219 -240 -48 194 121 185 161 115 119 239 -96 -98 -238 -201 147 4 69 191 -35 -213 -247 -83 -203 -49 -123 58 -205 -6 164 -110 -15 -55 -217 -236 173 -114 -112 -25 -127 -189 134 -230 202 -159 99 105 226 248 223 -60 -101 151 -81 142 -147 -172 -41 -174 211 -218 113 -160 149 -47 -199 -168 243 -92 193 210 -79 81 -232 -27 120 -65 77 -146 -61 -32 -169 -38 15 37 244 -16 -19 170 118 187 217 -17 131 -206 -198 183 -5 -33 -235 -68 20 -231 -241 154 -53 230 238 130 -3 214 -36 -155 -21 -86 174 -154 123 -124 -84 -76 233 116 73 133 -97 -99 -71 245 -249 229 -70 219 192 -143 235 93 -2 -162 216 117 -120 106 200 -85 -250 125 -184 137 195 -72 63 86 65 84 -144 -58 96 -181 241 198 28 -129 -63 -176 -46 8 -245 172 -89 166 -196 64 -179 44 135 70 -227 236 36 -175 68 18 -170 -194 -121 -111 -78 -39 46 48 206 -132 72 150 240 -223 156 110 2 -171 -166 -67 144 -136 87 
TEST 172 ARG:-127 149 137 -245 -223 -14 -75 -142 -46 -233 233 -151 -150 178 101 16 84 161 -234 30 5 85 87 -236 -231 181 -87 6 -96 -97 -1 -18 -222 -9 13 -188 244 -49 37 217 -74 199 170 90 123 36 198 -161 238 113 -119 -123 57 105 228 -163 38 -229 227 79 112 -140 195 -20 -5 207 -62 -239 27 -122 -69 175 92 -101 -207 -103 203 69 -72 -50 -208 14 15 -249 78 -176 22 191 -81 245 -180 -160 154 150 174 145 239 -83 159 25 -112 -178 176 -41 121 106 -203 77 -2 147 202 -48 206 71 41 153 211 209 -238 142 182 -195 165 172 -3 -132 89 -135 -27 -228 -118 66 -189 247 -130 -61 -243 -215 -169 -244 -152 67 -8 107 -54 151 -33 -64 -209 -120 -102 243 -25 -113 18 -138 -166 -92 -168 116 76 -171 169 148 -136 43 61 -227 100 -164 98 -248 129 214 -213 249 -162 -241 164 102 -204 196 88 -159 117 -217 -240 -21 213 -30 -12 -85 -28 -106 7 110 139 152 163 -154 138 46 216 -242 -56 -93 -63 39 183 94 55 -94 -212 194 -71 168 -110 143 133 83 -170 -109 -82 124 0 109 173 -67 158 3 -7 -157 242 -182 210 -194 97 185 -167 144 200 -13 -230 -107 -172 162 20 226 236 -37 167 95 -59 -156 -36 115 -23 132 -58 -199 248 53 11 74 -43 -219 19 190 35 -38 -186 26 -111 -34 -55 -183 241 -115 -250 -134 86 -24 -116 215 -128 128 75 -80 135 24 -114 -40 -79 -211 -65 220 230 -19 -91 -98 166 -131 -121 -17 29 -146 2 49 111 -66 -141 -89 21 120 62 156 44 189 -192 224 -86 201 131 -32 -190 4 -191 -51 -153 187 -68 -220 12 45 177 246 -108 -165 99 -39 -205 28 -197 -187 50 59 -6 234 -139 80 -232 130 42 47 68 218 -44 48 114 -206 -26 -60 221 -117 9 -224 -174 -137 -100 8 -181 73 -216 -125 72 93 -70 40 -226 -193 125 229 -247 17 126 212 -35 -196 54 232 -155 -31 127 -200 1 -148 -53 -22 58 141 -88 -210 -221 225 -90 171 -133 222 184 -4 122 193 51 33 10 70 -143 237 219 -185 136 -15 65 -149 146 96 108 -147 63 -42 60 -175 -45 -104 32 -235 -11 223 -29 188 -16 192 140 -184 -246 34 180 160 82 -105 31 -77 -76 -10 -99 -73 -225 119 -158 204 235 208 179 -201 -214 -124 56 118 240 64 -145 -95 103 23 -173 -126 205 186 -57 -78 -52 91 -237 52 197 -177 -218 231 -84 -179 155 -198 134 -202 104 81 157 -129 -47 -144 
TEST 173 ARG:56 111 142 -211 190 -109 189 -243 -94 -155 -93 130 8 179 152 23 48 42 -153 109 41 11 178 68 -181 -16 -182 10 192 -244 209 -195 -22 -21 -167 196 45 -190 36 107 -86 -187 9 -74 16 226 25 223 157 -248 134 -163 13 -236 -99 -185 0 -31 108 -52 -173 -184 -107 -9 214 -103 -186 -20 133 61 -209 -51 -136 197 -225 -12 -111 206 -97 -191 24 153 -204 -110 4 -154 -149 -199 -176 69 -206 -216 -249 81 22 -59 139 199 -183 -46 -198 -129 120 149 -215 211 -115 -34 54 -235 99 50 64 -152 62 141 213 12 127 85 118 -32 -135 19 137 222 -162 -23 60 86 230 -112 26 241 91 185 103 215 -131 44 33 -145 -56 21 240 -192 -140 -14 2 -246 -231 58 123 -78 -132 15 160 -102 -139 -201 -227 238 194 65 191 229 -147 74 -104 -25 51 1 -188 -11 244 80 -120 182 -194 136 72 40 -189 -19 224 77 -172 82 -224 144 172 -50 67 3 -90 -205 -44 -161 -40 212 -81 49 -98 201 -62 171 -221 -128 -124 -240 17 -202 -18 -17 -213 89 247 -55 -134 167 -63 -49 57 59 104 75 -169 177 -24 -144 180 -30 188 143 100 35 -101 -233 176 -200 112 105 -84 138 219 -123 195 -100 79 -3 -168 -71 245 -82 -95 -241 -69 31 208 39 -171 -108 155 231 -142 -36 -79 28 163 -76 -217 -33 18 -214 -29 55 -156 -250 -42 -85 -117 243 -116 95 88 -229 -174 -54 -239 147 97 -151 165 7 -237 158 -57 145 -28 -37 -1 -141 -232 -197 207 -222 220 -72 -53 -208 248 173 -118 -119 -45 5 -164 -83 115 -48 -114 53 169 -150 183 -80 -67 217 116 -177 90 -64 249 184 -218 232 162 76 164 -242 -228 -58 119 239 -60 -146 117 30 84 71 -2 -43 -180 83 -138 110 -106 150 -121 106 -158 221 96 37 227 43 66 -27 216 27 161 132 -226 154 218 -212 202 -245 -75 -178 87 14 126 34 -65 113 233 -179 -125 -238 121 -88 124 101 -234 181 242 -61 -10 102 -96 -68 -160 170 174 236 -210 -105 246 -8 187 129 -77 -122 159 198 135 -39 -7 237 131 -247 -6 -130 -159 78 92 -137 -127 6 148 -89 -47 -170 -148 146 -126 -175 -143 98 -133 -165 193 -166 -4 -220 151 73 203 128 235 -73 168 140 -92 20 225 -193 -66 38 -15 -196 46 200 234 -230 70 166 228 93 -223 52 94 125 -219 204 186 210 32 -35 -70 156 63 -38 122 -26 -13 175 -41 47 29 -113 205 -203 -87 114 -157 -5 -91 -207 
TEST 174 ARG:124 -58 -40 -171 -112 -114 82 105 -175 -1 -113 20 249 50 -50 -42 78 -79 -80 0 -161 144 192 -185 -248 -146 -39 -106 -237 -228 -22 -191 80 188 243 -27 -100 -128 -70 -137 -2 -110 202 2 -202 187 97 209 218 -97 -31 -19 -243 194 211 216 137 31 37 -211 53 -34 -72 173 64 -192 199 17 -162 -111 226 24 -244 -197 156 -182 203 212 35 -249 -141 -163 -226 -156 160 -33 224 -158 -131 -74 237 70 186 136 -157 -187 -56 177 -32 -127 190 207 220 -7 -21 -10 -186 191 10 158 48 247 142 242 69 -129 201 148 59 193 175 -65 229 -48 85 -225 134 -124 -95 178 -150 -43 -172 -126 -75 200 5 88 73 153 219 197 245 -4 121 -148 -20 -57 -55 132 -188 214 -189 32 -116 22 100 210 -51 140 -30 -122 -11 181 -16 27 96 -118 167 104 -73 171 -46 28 -218 -54 -105 -62 86 130 174 -165 52 33 -109 -232 -85 21 176 185 213 -216 -107 13 57 118 23 -160 98 95 1 -25 -140 143 108 162 240 -235 -193 -108 -29 -103 -194 205 -152 225 44 60 198 -69 -242 67 -41 93 157 -125 -240 -142 -120 -23 -170 221 -135 116 -151 180 -18 222 170 -115 -133 102 -61 92 -59 -91 204 90 94 62 -36 139 -44 110 150 -221 15 -83 -195 147 -166 47 -246 7 -35 9 -227 66 -53 55 19 -181 122 -212 146 -123 -214 133 -49 -223 39 89 -38 25 -119 -45 -71 -136 165 -143 106 54 -13 -203 169 -209 -213 8 228 -52 -215 -178 -198 125 234 -66 215 -26 179 236 79 -96 42 58 195 232 91 -5 159 -200 -67 -239 -101 36 -98 -220 -210 -222 61 75 233 74 113 -14 -89 -205 -236 77 -8 -17 26 -81 -132 -99 115 -6 34 71 83 -134 154 -64 45 -180 128 -207 -179 -154 166 -231 -68 -78 -245 99 183 -159 152 161 -84 -199 244 41 -233 -47 227 84 -155 231 -208 -164 -190 129 155 126 63 -144 -12 -76 -145 -167 11 49 -168 3 30 117 -196 -92 -60 -229 56 -90 12 43 168 -139 40 -121 112 6 -88 -15 135 120 -230 4 109 -24 217 223 -217 103 164 -247 111 46 -250 127 16 -86 -102 208 163 68 -63 -94 -93 -173 196 114 101 184 -147 -238 -219 145 -87 29 138 -174 238 189 149 -82 18 -28 172 151 76 -130 65 87 38 -153 235 -37 81 -138 241 206 -234 119 -117 -3 14 123 72 230 -77 -206 -204 -104 239 -201 246 141 -9 -183 248 -169 -224 -177 -241 51 -149 182 -176 107 -184 131 
TEST 175 ARG:237 50 11 -231 -33 53 -21 52 87 -177 15 89 174 155 14 150 -245 -66 207 -9 58 173 -31 -57 -113 -166 217 3 -184 -229 -81 -237 54 -159 -125 49 17 40 -247 -144 -123 196 172 -227 75 -80 -117 184 -225 -121 -89 -14 -13 121 -34 176 -128 -181 -239 -172 56 158 234 187 -136 67 -30 235 -209 -96 -23 47 -44 -97 136 212 -108 -63 208 231 -111 -126 7 -78 29 -73 -160 -240 -250 224 206 -72 33 148 64 -124 139 -92 -141 118 68 182 -163 -131 239 12 -190 -19 -130 216 180 168 -205 -214 -85 -98 223 243 8 138 143 -150 -91 230 34 -82 214 63 -71 225 19 -70 -42 -171 77 -51 248 81 90 13 -185 -46 -129 -198 130 -37 -41 -62 144 -28 246 249 -36 245 22 74 -104 25 -246 -88 124 26 122 127 5 -178 152 111 36 -115 -232 -143 43 247 229 -99 115 94 24 72 99 105 213 -105 88 -228 -6 27 -52 -242 -133 156 -199 171 -138 160 44 80 163 -145 66 -39 107 106 -140 -83 -151 23 -158 197 205 112 131 0 219 -107 -212 4 79 244 62 241 -156 -192 1 -224 65 -43 -22 -142 -20 -173 120 110 177 -120 -179 86 92 135 147 -74 -167 189 186 -153 193 -220 -86 166 188 -110 -132 -211 18 -67 -59 -4 -248 -38 162 -157 -149 59 -50 -25 -32 -134 -119 179 84 159 -175 -194 185 133 140 141 178 -61 164 -154 37 -234 -65 -87 -218 -48 98 -2 175 -26 78 30 31 -235 41 -84 -75 -215 71 -176 -147 -95 201 -165 -206 45 142 -8 113 -29 -164 -64 -148 -200 -249 -24 70 -230 146 32 119 28 226 169 114 -79 165 -188 -54 -135 154 82 153 209 126 20 93 -10 -116 -189 2 -183 161 -40 -216 -236 145 -1 -168 -155 129 -137 21 -244 137 232 -5 -103 -16 -219 -182 109 -241 -45 -27 233 -114 -201 60 -195 181 132 61 9 192 240 222 167 215 -233 -223 157 -122 42 -58 228 -213 -196 151 191 -139 102 -207 200 83 -49 -101 -217 125 116 -100 -76 -186 -238 128 95 73 -3 199 85 -12 170 39 -68 91 -106 51 104 108 6 -127 195 46 38 -7 -90 -146 -193 -152 -202 198 202 -187 -47 194 211 -109 203 69 -118 -11 218 190 -210 16 10 -180 35 -112 227 -17 57 -35 149 210 -161 -222 238 -93 101 221 -169 -60 -69 -170 -102 220 -18 117 55 100 183 -197 96 -77 236 -56 97 -162 -204 -55 -208 76 204 48 123 -174 -94 -226 -243 -53 134 -221 103 242 -15 -191 -203 
TEST 176 ARG:-47 -237 -192 -69 99 -20 -71 -181 -73 -63 -15 174 57 215 -115 -155 -67 -218 190 184 48 189 -111 -119 -53 21 63 192 8 132 92 158 223 6 23 72 -78 -102 -5 12 114 -87 133 85 -52 -194 -210 -190 -35 231 -77 -41 -171 241 122 102 166 100 170 -96 -224 -24 -113 183 -56 -243 -90 -203 208 -148 -183 -51 -152 -214 224 230 175 116 -236 -159 -88 -30 -225 -93 -50 147 247 123 173 62 168 107 -239 -127 136 35 98 44 67 -106 -219 -98 68 -137 -86 103 118 -228 -134 227 -176 244 201 -245 -125 87 54 49 37 69 75 176 164 -112 117 160 243 -74 51 -110 -180 182 -199 196 36 242 -173 185 -120 237 60 -226 17 66 193 -2 150 -89 191 130 82 188 -55 -129 -105 14 86 232 -76 2 -140 181 141 83 -132 106 -26 11 -117 -99 -36 33 169 -182 143 177 138 -151 -6 0 -202 -141 -34 -156 -207 200 -79 47 -108 59 -39 -13 79 186 22 -147 119 -195 -70 -172 -206 115 -160 53 -211 -170 218 80 -9 161 -189 234 220 -17 246 -61 137 216 101 9 211 -126 -157 -227 110 212 219 -248 -68 -84 -177 -8 18 134 214 -212 -233 -167 15 16 -131 151 5 -138 -103 -149 155 -191 -49 -4 -250 126 203 -186 89 -146 128 -60 32 -101 -128 221 -242 -16 199 -162 -7 -198 148 38 -44 -22 153 167 -187 -249 146 50 -136 -62 -215 157 121 -94 -229 7 81 91 41 120 -205 197 46 -166 56 238 -153 -19 111 -11 127 228 71 112 -118 -213 58 -164 -217 -122 -222 -135 -37 -72 -124 -178 205 109 4 65 -32 249 78 24 -95 1 -161 -209 -231 -133 165 -10 233 34 135 139 -75 -216 -232 -142 -18 -27 217 -33 -80 -28 156 178 -59 29 -223 248 240 180 113 43 -123 225 -38 77 152 97 -174 -179 42 171 -29 39 145 210 -240 229 -1 239 -193 207 13 64 96 140 93 104 40 -143 70 187 142 -184 -31 74 -168 76 -165 236 -65 -130 209 -91 -42 -188 27 108 -107 -25 55 -97 -85 -158 84 -145 -175 125 -46 -58 245 172 194 195 -197 -204 26 198 222 20 -200 235 213 202 -48 30 -230 -21 -104 19 -12 -201 28 3 -92 -14 -82 163 -163 -40 154 129 -144 -116 73 -121 61 -208 -235 206 -154 -221 -196 -83 -139 105 -64 -169 149 -57 159 124 -109 52 162 -66 -45 95 -81 204 -3 226 -220 -246 -185 10 -238 94 -247 45 -244 -54 144 179 25 -241 88 -43 -234 -150 90 31 -23 -114 -100 131 
TEST 177 ARG:20 188 -196 38 241 139 -18 207 -183 206 -175 100 152 -72 -68 -67 22 214 133 7 65 -123 184 118 39 111 245 -38 181 -110 -101 -128 -156 94 146 -222 228 -229 -63 -227 -195 124 -151 175 -89 67 76 -164 -60 35 -91 192 55 19 -171 130 -149 244 -248 142 -50 59 8 -243 -209 224 -172 -214 -159 -129 -70 123 116 -185 170 -59 109 -127 -170 -49 140 -52 50 -184 10 -205 30 238 -92 85 -212 -37 -188 -80 -207 -85 -53 33 127 93 194 242 171 -45 132 159 31 232 -145 82 -104 -182 -238 176 246 221 239 -155 -220 68 114 -2 -187 -113 149 141 12 -246 155 -26 222 -186 122 87 96 -206 217 193 66 208 34 17 -180 47 151 248 144 95 -99 -81 -234 46 -193 37 215 -78 148 -224 -64 -138 -112 120 84 204 92 -16 198 -204 45 -79 -167 -215 172 16 153 177 -10 5 202 105 -12 -24 -33 -19 51 11 -9 -82 -160 6 -66 -152 -5 143 169 -197 -34 32 166 83 179 73 -119 -115 -51 235 -7 29 191 -230 167 -126 26 -153 28 -86 -166 -244 54 -130 -40 225 -191 182 189 -42 -237 -194 -57 -221 -249 145 -231 -173 -236 -108 -199 -201 110 -179 -148 62 107 98 91 200 3 -11 -41 43 216 -46 70 23 77 -241 52 25 71 -62 -111 162 136 -47 2 -120 229 -106 137 -94 174 212 -169 4 180 -95 -132 -17 -118 -217 125 190 -43 -174 -228 -142 -161 75 157 -31 -210 -203 27 236 -218 -28 -124 -213 -136 -150 1 -27 121 -181 -74 44 -223 -143 119 205 18 90 -146 -98 -76 -232 164 48 -158 186 -122 14 -4 -55 -144 -71 -216 -219 42 -23 81 231 -32 21 197 233 210 -109 -147 -6 -20 163 53 -100 -13 13 0 201 -235 117 -103 230 138 -39 -200 57 79 -114 72 -117 61 196 64 147 -177 129 -226 78 150 -190 154 135 -14 -1 63 -247 -192 -15 15 69 237 -44 178 -162 240 -121 108 88 226 -135 56 243 -36 -139 -198 -141 -133 165 -107 -240 -140 195 -168 104 -83 -87 -176 36 -8 115 49 -90 -131 199 128 -125 -22 218 158 -75 -93 -105 220 168 211 -61 -3 -134 -211 160 -208 -102 -239 -56 227 99 223 -88 106 173 -65 -35 -202 -69 131 113 -97 -137 -245 183 185 247 -157 -21 -165 103 24 -250 58 134 -77 219 -25 203 80 -96 -225 86 213 -54 -242 -58 -48 102 -189 234 156 -233 -178 112 -163 -116 187 60 41 161 249 -84 9 209 -73 -154 101 -30 126 74 97 89 40 -29 
TEST 178 ARG:-47 -154 158 29 -206 150 -112 248 -165 -131 -176 181 155 -248 -164 131 -228 249 70 139 -4 -222 -233 246 230 -242 148 190 -162 45 219 97 153 202 -21 122 98 -229 179 -75 145 -149 77 215 -83 -52 59 -114 116 8 -141 151 -171 -139 24 154 174 237 235 -73 -231 -191 41 117 -211 200 23 162 212 169 -219 133 -169 50 63 204 194 211 -151 -34 12 240 -238 119 67 -25 -11 -187 21 189 236 141 -111 120 -128 124 22 -117 -31 216 -99 -78 -13 -249 -208 84 -33 -230 218 -58 -69 79 102 -118 -246 -247 -138 -48 -90 -113 -155 -44 114 -221 115 134 -54 16 90 107 172 243 -157 55 -42 -207 149 -182 -77 173 3 83 205 176 -89 1 123 234 -205 -201 -120 10 -127 58 -87 170 -20 127 -36 -148 -101 -210 -214 -102 -50 -174 -237 168 213 121 -124 -103 -43 -14 -18 46 198 36 -19 54 -140 57 -104 221 15 232 17 6 110 -172 167 88 -105 -147 159 -216 157 136 183 -136 -16 -232 156 -218 -15 95 89 -122 128 180 227 160 96 51 197 31 -152 40 239 -180 129 -72 -244 85 140 -45 -7 48 101 53 19 -61 -63 -60 -227 -115 229 -68 -200 -29 152 244 -170 -159 -144 76 220 132 -65 -100 -67 192 86 -132 34 -56 -84 -91 -35 -134 -1 225 -40 -49 -137 -80 165 -37 185 -8 -88 217 -10 -204 -145 -189 -188 81 164 -245 28 -107 195 125 182 5 203 -59 -82 -220 30 25 111 73 166 -53 137 -110 0 -64 75 65 7 147 -236 -190 -199 -62 69 -203 130 226 -215 106 -168 -217 186 -135 224 -46 -26 62 -55 -129 209 -97 -183 -243 -96 -130 -126 42 -158 37 -198 -76 233 60 -197 -194 27 -150 80 146 20 32 -146 47 112 -133 -2 91 -173 78 105 223 113 4 -121 -81 210 -239 -240 56 103 206 -28 118 -66 177 38 247 -30 -71 52 208 199 214 193 -250 -181 -143 -38 68 222 -85 -195 143 -92 -163 -94 -106 201 -23 -93 -74 -226 -209 163 -123 -95 -32 -98 -57 -39 -153 26 -79 -192 -202 171 71 -223 126 -196 39 33 178 228 -108 66 231 -24 175 -3 -5 -116 -125 -86 -17 -161 135 207 -185 -179 82 -6 64 94 191 161 -234 43 -186 9 14 -119 -22 241 35 184 108 100 187 -177 -41 -224 242 -235 74 142 11 -178 245 109 -212 -51 -184 -213 -109 238 -166 44 92 -156 2 -142 -27 -70 144 -175 61 49 -167 -160 196 -193 188 99 138 -225 18 -12 -9 87 -241 13 93 72 104 
TEST 179 ARG:198 -230 56 91 -136 130 -104 47 3 -206 -155 -208 -158 -88 -2 174 190 -236 206 -122 -156 -186 -63 -204 98 -3 57 164 176 246 -179 -131 113 172 -87 109 116 -39 197 -140 95 160 124 -71 -211 229 168 -100 139 -53 92 42 201 17 78 11 63 -177 -216 121 -185 -151 154 -95 -21 -167 -61 182 50 108 -67 33 212 111 -187 173 23 19 -27 36 -160 -111 123 79 237 138 28 32 -83 -215 -224 39 196 -154 -189 -4 -150 -147 205 24 -145 81 -6 -165 -72 -113 -32 178 -19 -173 226 -143 163 94 135 -146 159 -108 -214 240 202 119 244 -35 233 186 -23 -33 165 -74 -60 -99 213 -49 -121 104 225 20 -98 230 220 -222 -239 120 -139 -182 -52 -22 -85 -233 -237 -97 -229 -24 179 22 166 -66 -73 146 -91 204 118 -181 177 84 151 -191 -178 -193 236 -38 87 -70 -57 -69 106 -223 156 -26 64 137 -14 110 238 145 200 -238 -43 -128 157 144 -58 -55 8 -42 101 203 -250 153 62 126 -10 -17 -219 29 85 193 35 247 149 -242 46 -45 117 189 -209 90 -241 180 48 215 49 170 -201 -200 -232 -105 -188 -30 13 192 26 18 -134 194 -247 -137 211 105 209 -171 40 -12 142 -234 -81 -89 140 65 5 -162 -28 -51 -180 41 241 -192 15 75 30 -163 -227 -16 127 -36 -144 131 70 218 -1 34 -86 -159 52 -127 -124 59 83 43 -172 -101 58 -110 -115 86 -46 -37 191 -7 107 210 -117 -225 88 -93 -20 37 235 -175 12 148 208 147 -41 -76 152 -198 -29 242 -153 245 -243 -228 -149 80 -246 243 69 -80 -217 -226 7 -221 -78 155 -118 71 45 -194 -112 1 -212 -114 150 10 -248 232 89 167 -119 -129 103 14 214 -132 -59 -15 -142 -169 187 183 -157 -126 -9 239 -231 -109 -130 -197 222 -84 143 -5 -152 -34 -62 171 133 -82 216 27 228 -166 -249 136 158 21 132 169 76 122 97 -148 82 -202 141 199 44 -90 184 -92 207 54 68 -168 72 -94 195 73 74 -195 -102 77 93 100 227 -116 0 -135 185 -210 134 -96 112 -196 51 31 -47 6 -68 -240 217 -48 -77 -190 -18 -138 231 38 -199 125 -161 96 9 -176 -8 128 129 188 -65 -120 67 -75 249 221 -141 -183 224 60 162 -244 102 -107 -170 115 -123 -125 175 181 161 -106 234 25 -235 16 -79 -103 -13 -40 4 -213 -218 -54 -220 -164 61 -205 114 223 -133 53 248 -64 -25 55 -184 -31 2 66 219 -50 -245 -207 -11 -44 -203 -56 -174 99 
TEST 180 ARG:156 -106 -228 140 -23 -1 220 1 173 -100 61 12 -24 201 50 -83 -68 -218 -229 -48 -64 236 -46 225 183 -202 -207 -165 -182 8 95 -42 59 118 209 122 51 168 -139 -28 84 -10 81 171 -211 -217 -147 58 80 13 203 -103 138 -159 -231 -136 -201 191 155 -144 -82 108 73 -114 167 242 -18 -88 186 139 17 -195 -93 151 145 65 19 -183 -121 -96 93 -31 -119 -90 -187 -230 -194 112 -91 -67 -22 -236 4 -30 127 -239 -60 146 192 -99 3 89 144 55 -124 -214 -7 217 72 -233 79 245 35 -80 -52 -113 -191 -66 -197 111 159 88 212 132 208 23 -12 -227 -171 -200 237 -226 -59 244 -71 102 228 60 -120 40 -118 21 100 -65 -164 -206 240 219 -170 -37 -19 -243 160 -241 -9 -225 83 -38 -190 109 -75 26 47 -33 -177 -79 184 -98 18 218 194 91 -212 148 -240 42 -29 -199 130 86 222 -246 -25 154 141 223 199 -242 -74 76 232 180 241 143 -73 -163 -156 44 164 39 66 -149 -193 -153 210 174 205 181 -249 116 6 211 -245 -189 -72 131 226 235 24 204 165 202 -63 107 200 229 -184 152 -123 121 96 -196 185 -2 -216 -110 120 -45 20 -192 -56 135 27 43 99 25 -116 -238 -169 215 71 -126 -205 170 -141 238 92 87 136 38 30 -58 -109 176 70 -134 -35 -166 -81 -5 14 163 -213 -133 67 113 -179 0 -154 36 -204 246 -208 78 197 -203 158 -176 54 74 175 -140 -43 162 231 104 150 142 82 94 -185 -232 187 189 -188 -76 -157 -101 -125 -180 -160 243 -36 125 169 -57 -234 5 -248 182 77 196 -168 -221 57 -85 41 62 28 -137 -39 249 166 -115 -247 -17 -104 -132 -128 -223 -173 -181 190 -87 124 153 207 129 248 -151 216 -20 -8 -172 126 -250 -26 -97 -14 22 234 -32 16 239 -86 15 -13 -130 10 -55 103 -158 -175 -244 -78 29 -107 52 -102 147 115 -178 31 105 161 224 -224 -61 85 75 -210 64 -50 -41 -84 -53 37 -105 -11 -27 -129 98 -44 -162 -222 53 68 178 -47 -150 46 45 -167 33 134 -4 -138 221 9 128 -143 227 -174 -148 -209 179 114 -237 106 -235 -135 -49 -219 214 149 -146 206 230 -220 -112 56 -161 63 198 -117 -198 -92 -186 2 -40 -34 -6 233 -127 -122 -152 117 -108 7 69 -15 -215 -94 -89 137 -70 34 -16 172 195 213 -69 90 -3 -145 32 -54 123 49 -21 193 110 -131 11 101 133 -95 97 -62 -155 -111 119 -77 157 177 188 -51 -142 48 247 
TEST 181 ARG:-114 -246 149 -249 124 223 244 40 -34 171 -81 145 -65 -71 234 73 -89 -27 147 -60 211 41 -250 213 -220 -70 -107 -144 -244 91 5 -210 -92 -18 -116 140 77 55 36 131 214 106 237 166 34 133 -101 51 98 19 202 208 -216 115 -58 47 -229 -193 217 96 53 193 -194 206 -195 56 35 116 242 -174 181 -84 -138 71 -46 -80 -56 -128 -4 -170 235 -9 -43 204 -221 67 229 -148 78 -243 -112 216 25 -180 109 -186 -160 11 190 -72 -108 179 103 -233 -122 139 -225 -109 84 64 -139 249 105 144 225 62 -215 88 -161 -40 -140 -111 192 -133 -93 169 120 -26 -188 -172 196 21 -45 87 42 -242 236 -129 -10 -66 -151 -48 200 16 -187 -78 121 -166 99 -38 -158 -28 157 39 -192 -209 79 -21 150 -167 227 177 165 -183 -159 160 28 -239 123 -74 97 23 -130 -227 163 -29 -155 154 1 195 130 6 -14 -247 76 -232 -22 69 238 -17 -202 -235 13 83 31 57 -105 -228 -184 -127 -191 -33 -146 -100 -135 -241 20 -179 232 228 209 110 63 -132 -124 -59 52 49 180 -217 -196 172 142 -134 159 -185 -165 -103 222 240 136 15 -208 104 -176 -171 -156 37 -96 -90 -177 72 114 231 143 -102 -226 146 44 151 194 -37 199 127 -68 -213 122 75 22 141 138 226 -97 189 -63 -214 -11 -126 221 197 -154 -164 -61 112 -189 -163 -236 102 68 -75 -150 126 90 -99 -88 156 -234 -178 117 66 188 -219 -198 -42 187 -25 -123 -35 -52 17 -211 -95 218 185 203 -87 -67 178 212 0 -118 4 -79 -98 -41 -77 -204 -7 -91 -64 -218 246 -173 174 -145 -157 158 134 -169 170 215 43 -230 -117 -1 -94 -62 210 -190 176 65 -121 70 -85 -3 9 -104 -153 8 201 -115 29 -149 153 -36 -49 161 59 2 82 -141 175 -113 182 219 155 247 113 48 -203 205 -24 -240 -248 -224 198 60 -238 30 3 248 94 -147 -207 -110 -51 -143 135 148 -245 -222 54 58 107 -182 -47 -83 -8 191 245 18 -5 -15 137 -168 -106 207 81 101 119 -76 14 -57 -19 183 -55 46 -137 -125 -206 93 -20 -50 184 230 -200 129 -54 224 241 -237 164 152 -131 -13 -223 -119 -199 27 243 118 50 -30 -44 -16 -205 -162 80 239 -39 111 -212 -82 -12 86 173 108 12 125 -86 -152 26 132 45 10 -181 -142 33 167 -32 220 -201 7 -231 95 -136 92 -175 24 186 61 -6 89 233 -23 -31 128 100 -197 -69 -53 38 85 32 162 -120 74 -2 -73 168 
TEST 182 ARG:129 101 172 21 169 -84 239 -19 -56 -1 8 69 -142 -30 -61 -207 199 -51 -14 -16 -248 193 -225 -32 20 213 78 -43 26 147 88 -10 -106 117 242 249 114 -206 39 -94 -119 150 -172 155 -160 35 167 27 -245 85 -217 222 106 -5 -101 -11 226 -232 -88 161 -131 13 49 -212 -113 174 118 -37 224 -173 52 -118 184 146 -136 -38 120 86 -77 -99 -128 -227 38 -36 -222 -78 -226 -75 139 -67 176 96 -218 90 -141 -229 -96 115 -165 132 -134 -183 207 -110 82 -85 237 -159 -187 50 -55 182 -108 63 221 91 109 234 -91 -236 246 126 -167 170 214 -129 -93 119 134 190 -192 62 -208 195 -185 -23 192 -179 80 -186 11 -170 65 71 163 56 -102 110 -174 -135 218 14 -200 -162 -163 197 -164 -181 97 -7 181 212 236 228 -49 -177 123 111 219 -39 187 196 3 19 -65 55 -100 -203 189 -140 159 -107 17 -158 -59 136 178 -125 4 -92 177 168 -169 245 164 25 -95 -26 201 -45 -145 102 -151 225 54 247 112 -171 204 9 194 -211 -81 -54 -46 113 22 -15 98 -240 -241 42 137 -126 76 33 208 152 -193 -124 142 -52 -234 -122 180 -194 66 -57 31 -219 -41 -154 244 173 -156 59 104 47 107 92 156 -182 -205 202 241 -231 72 179 -40 -143 23 130 -123 -249 -168 -237 -190 157 -97 48 1 -224 -138 -64 -47 77 -89 -130 -239 -70 -6 -223 -31 -228 89 205 70 -27 83 145 144 45 -35 -148 -34 -147 -191 -139 171 15 -18 240 149 -9 175 -53 -117 -195 -28 -121 -74 73 12 143 -244 74 206 -152 5 138 60 -73 -69 -137 53 154 -68 232 28 230 -175 -60 16 103 -250 -90 160 64 -21 -199 -79 127 217 223 -149 -215 -204 -25 41 32 -17 -144 162 43 -50 -29 -221 243 211 -112 -103 -157 99 229 231 -104 -214 58 -210 -133 -72 -98 227 81 84 133 -146 209 116 79 75 -12 248 158 -243 -58 -111 122 100 -216 -20 -83 -247 -209 -63 -166 -86 94 191 210 183 -201 238 51 151 46 -24 -238 68 0 -176 -246 165 34 18 -230 -33 44 203 67 -80 30 -66 188 -48 -8 -127 -178 125 2 -42 -242 141 57 -235 -120 166 220 -62 -76 -115 -155 -87 124 -109 40 140 235 185 -153 -44 -213 128 -233 233 24 -4 -114 -188 10 121 215 -2 36 200 -116 -82 -150 -105 -189 108 -3 7 -13 131 -161 153 -198 148 216 -202 135 -180 -197 87 -196 -132 -184 -71 186 -22 29 93 61 95 6 -220 198 105 37 
TEST 183 ARG:-203 -176 77 -26 59 119 -204 198 105 151 136 -145 135 44 225 147 33 15 -125 -230 107 3 -96 121 88 114 -250 -86 -88 -196 148 66 221 101 246 -72 -11 211 -51 150 243 86 167 -150 197 -70 5 196 -24 -180 210 -67 -37 -148 94 125 180 -92 98 65 -229 247 -25 96 109 -210 -222 90 -140 -200 185 -161 -206 87 153 -128 -139 35 -20 166 -209 -93 -95 -57 161 -75 -136 213 228 7 219 -82 231 -160 -124 183 129 -240 112 55 -36 -132 30 -33 10 230 -226 -144 134 14 -84 -156 233 79 -59 17 -69 -54 184 223 122 68 173 -224 -53 39 100 203 -89 222 237 43 19 174 -8 -23 195 -137 -157 11 162 113 -117 201 56 -16 -126 226 0 145 127 -3 -102 160 -130 171 -237 -104 -239 -13 -142 -120 -154 -221 -73 -164 123 -22 106 -223 16 95 227 -99 85 -91 -127 224 242 248 -186 159 124 189 -234 64 202 -119 -108 -166 133 -107 -141 72 76 -111 42 -6 45 -43 152 23 52 146 -178 -34 -197 -172 130 181 40 -60 -94 -56 -64 -97 -218 -103 -77 57 139 -18 -182 192 -167 111 -225 -184 -50 92 104 -61 -190 38 186 244 178 138 236 71 103 -208 232 -121 -100 -205 74 -170 97 31 140 -162 -152 -228 -15 -55 27 73 172 -153 26 -90 -85 207 209 -143 -49 235 -165 91 204 -48 -45 -155 -198 78 -199 -114 51 -27 175 -2 -244 163 144 -122 116 190 -151 29 191 -189 117 67 -65 -238 -76 239 215 80 4 -52 241 154 182 20 -135 -235 110 48 -215 128 -29 18 32 -217 -87 34 -214 115 143 75 1 188 -80 8 176 234 -19 13 83 -113 -212 -116 158 -79 -35 102 24 -202 -63 -101 249 -185 50 -32 28 193 137 -41 -106 -110 205 187 -147 -146 -227 89 118 179 200 -179 25 -175 199 -194 -46 -249 41 177 218 -28 169 -74 -39 -207 -10 -133 -216 -115 81 -158 -5 -21 69 -181 141 6 -62 212 -231 -247 245 -129 -81 -68 -232 216 -131 194 229 -188 37 206 12 -241 -173 99 -219 -47 -236 -105 -248 63 2 132 217 155 46 220 -168 -7 -163 -159 -4 -83 -174 -193 -243 -1 9 170 149 70 -138 165 -213 -246 -171 -42 -38 131 -220 -12 214 -30 -40 -112 168 -118 -58 -245 -183 -98 -177 -134 -66 62 126 82 120 -149 -123 -71 -192 84 156 53 -195 54 47 36 238 -109 -187 -169 -211 -78 -191 -31 142 60 -201 -9 49 108 58 -14 -233 164 -44 157 21 240 93 61 -242 208 22 -17 
TEST 184 ARG:-17 131 -207 -7 114 -80 239 133 111 -147 -234 -96 -171 191 232 219 -235 -22 -214 -208 53 -122 171 -194 96 -140 105 154 -83 -133 202 -89 141 -26 102 90 210 173 -245 -51 172 -120 83 -202 -236 203 -167 48 -57 214 -182 -85 -179 -162 -242 -88 -151 -229 -243 -139 140 -100 -33 139 -102 103 -186 216 196 37 -224 101 -232 -138 -238 -72 9 229 -1 65 -50 108 -123 -217 -239 192 185 23 176 33 -34 -160 193 -163 238 136 -79 35 -8 -180 -68 206 -199 201 44 77 197 -141 17 205 54 -228 -40 21 198 -31 123 -70 134 -109 27 -84 45 -35 -37 166 186 162 -60 50 200 67 12 -223 -209 55 -106 32 204 127 115 18 69 3 220 41 10 52 -87 183 -175 -135 100 -101 225 -55 -108 92 -25 218 228 -4 -132 237 -195 125 63 130 182 -246 -45 -91 236 -157 -237 -105 -144 -149 120 -129 91 -174 61 16 -16 178 -205 7 98 -116 -3 221 -137 156 -61 74 -169 -188 -145 -248 -59 42 142 -18 -94 -104 60 -153 167 94 -131 -156 -168 -128 -62 80 -231 64 68 -164 -5 -2 -233 160 -69 47 181 99 19 -36 -215 -134 -73 213 -218 212 93 -44 -28 28 231 -136 -191 -155 -42 -21 138 -98 113 -198 -90 -125 107 -178 165 -81 -190 164 -43 56 -63 39 46 -64 150 -201 -148 -127 20 81 151 -54 188 116 184 -250 -114 51 2 223 -14 -241 -32 -67 230 -48 112 170 -249 85 126 -121 -192 -6 11 43 137 76 72 -112 -118 -52 243 -193 -110 38 -9 -244 -220 -170 58 -76 145 73 -225 124 -161 26 189 247 194 -12 118 -222 -197 148 135 -187 -158 245 40 152 -166 -115 246 153 169 132 208 -99 207 -203 5 168 -66 -117 22 -74 -219 110 -86 -130 -183 -11 -240 -29 -47 -95 -71 6 129 97 -124 209 179 199 70 14 177 -247 -211 -10 -210 106 -216 -230 222 25 -204 -58 240 -212 109 75 88 180 117 195 -126 190 79 -53 -107 161 84 -173 147 146 248 -165 1 163 241 87 4 158 175 89 143 -119 -97 -181 13 -75 -41 233 -221 -152 0 66 -56 -206 -111 -227 -38 155 30 215 187 -143 57 -24 -184 128 144 159 59 234 -39 -49 -27 -15 104 29 242 31 -196 86 -46 -150 227 -82 224 49 36 121 8 -176 211 34 -78 -19 -20 -77 -142 95 217 -113 -159 157 -13 235 15 62 -189 244 -146 -200 122 24 -177 -172 82 226 -65 -226 -30 78 -154 -213 -185 -93 -23 -92 174 249 149 -103 119 71 
TEST 185 ARG:32 -53 -71 -209 -237 -37 -58 51 246 112 129 17 -233 -103 -1 -104 -107 234 -87 162 -65 -38 241 -10 138 192 185 9 119 156 -102 -154 3 72 10 20 218 -179 48 -232 170 -83 63 245 -120 -72 70 111 -12 99 -29 -128 249 -195 -17 137 -66 191 223 81 -114 -158 -127 -250 104 -244 -174 -49 -14 -19 133 -111 177 228 -189 -214 45 -155 -220 98 24 -153 -110 -44 -27 -77 -25 -106 -176 -62 -157 -89 117 146 27 150 -23 -213 38 208 -81 -248 -50 -91 -182 -180 134 103 -223 -190 135 141 176 15 -84 -243 -20 100 -247 221 214 -93 -175 158 -234 175 210 147 -131 201 179 -5 232 193 187 -221 -39 73 -159 -135 -2 242 -42 -119 36 25 230 -246 -116 -55 120 -188 11 110 184 -74 -145 145 66 -199 23 -79 40 107 -235 -99 8 -35 58 180 76 -203 -231 -100 -144 -142 -143 62 178 167 164 60 202 -204 -205 -242 5 52 -124 -230 -56 -167 -165 2 206 190 196 16 205 -217 131 166 -97 -194 227 -178 -206 -151 67 -78 -3 -47 -239 -236 -118 -67 -166 96 -139 244 28 -13 1 50 248 211 -181 -130 -52 -9 -57 -126 -202 243 82 126 39 122 182 124 -54 -222 -26 173 -148 132 -192 212 19 43 -227 181 -96 -225 233 136 7 33 55 -191 -16 116 53 144 21 -160 -7 0 -138 -241 -215 209 203 198 18 113 -95 -149 -132 143 -212 79 114 91 108 87 -8 237 61 -211 -216 -219 220 -150 222 94 219 -85 216 -108 130 -146 171 -46 -224 -22 128 239 47 -186 197 13 29 -173 118 225 42 -172 -48 174 -40 89 168 142 188 75 123 -164 -60 -147 -33 -90 163 88 236 204 -59 -156 83 160 140 -184 238 44 101 154 -169 -75 49 -245 -168 -136 -21 -207 -69 -51 4 172 97 -197 -200 195 -117 68 26 -113 14 -208 22 12 54 183 31 -171 -68 -198 64 -226 84 125 -94 65 -162 217 -31 -161 -73 151 -24 200 -98 121 -15 -183 127 85 229 69 35 165 77 -240 -140 -228 -123 215 153 159 -163 247 86 56 -11 -218 -28 -249 71 186 -170 80 92 -88 -122 207 59 -80 57 199 95 -112 231 -32 -133 -187 -36 235 -45 109 -137 224 148 -109 41 -82 194 6 -238 -6 -134 -41 90 152 155 139 -185 -92 93 -129 -152 189 -63 -201 -141 -34 -121 78 -115 -86 157 105 -210 37 -196 102 74 30 -30 106 240 -64 -61 -105 -4 -125 161 -177 115 -43 169 -101 213 149 34 -76 46 -229 -70 226 -193 -18 
TEST 186 ARG:-174 168 248 -51 211 14 140 69 -30 46 -14 -148 129 -153 -130 56 -87 163 -143 156 -17 -19 10 57 -36 189 153 -142 148 -101 37 65 -227 161 -25 137 27 82 107 -82 85 86 194 215 -215 -111 -238 91 -235 110 111 53 -133 -161 21 174 34 180 169 4 198 142 175 102 -55 20 -106 -94 -48 -131 95 3 -173 -234 -230 -86 -45 246 231 -211 236 41 213 -185 -60 227 -8 244 22 -84 -61 172 -115 -54 -250 98 16 18 -109 -126 -154 -99 -157 115 130 -7 15 -155 72 -156 -26 97 -80 135 -68 -172 -71 116 -90 209 -179 -223 247 -67 40 232 -97 -206 -137 241 -11 79 -39 224 -248 -44 173 185 101 -226 -232 0 104 147 -41 154 190 144 -151 205 39 108 54 -108 89 43 -138 -6 -83 186 -165 184 -240 -125 78 -135 -33 84 -241 -62 -29 -190 -182 -176 -239 77 145 -79 81 66 182 -166 71 -107 -247 245 76 -93 19 24 -141 199 149 31 -91 28 -120 -188 -20 207 -144 -116 -197 -186 152 196 -150 -200 131 -167 179 146 -23 -10 -22 -245 -218 -201 -187 120 2 -224 -242 -70 223 -193 -27 74 114 -4 -12 -216 235 -160 -77 193 136 122 -3 -183 67 -1 -202 -177 164 -231 191 -2 -112 -219 -98 109 13 59 -47 -171 126 -195 90 -49 -129 -175 188 192 -34 229 -64 -66 119 -81 42 243 87 -13 183 -236 -96 125 -244 -145 49 233 9 -189 234 103 225 -210 128 -225 -122 -181 133 117 61 94 242 96 167 -16 -43 -228 121 113 -204 11 93 -57 200 177 26 32 237 -127 -35 -104 45 -56 48 -105 8 -76 -134 -169 -184 -46 176 99 -24 -74 218 204 -114 -89 158 -95 -198 -205 -209 -110 214 -38 -199 197 -21 75 -222 -147 68 58 17 -119 -207 -32 -217 -158 216 -63 -28 166 -42 112 139 -113 -220 55 100 195 60 -59 62 -5 -65 88 150 -50 36 -78 240 -88 1 -40 64 50 -208 -168 -249 222 73 181 51 -18 170 -159 106 23 -139 -103 -85 141 -100 -152 -194 217 123 25 -132 -136 -118 171 35 162 151 239 12 -73 105 -140 132 5 -221 -233 201 -15 -123 63 -170 38 47 219 202 30 -69 220 -75 -180 -9 -37 127 165 80 52 203 -191 228 -229 -72 206 138 -53 238 -192 178 -92 208 212 29 -117 -121 -124 -128 226 157 -31 6 -146 160 118 -162 -52 -102 -178 230 134 33 44 221 -237 -214 143 -246 -163 -243 -196 -213 70 7 -58 92 210 -164 187 249 124 83 159 -149 -212 155 -203 
TEST 187 ARG:-213 -188 -235 93 140 96 100 -219 -64 83 -75 -85 -143 173 -79 79 172 193 8 37 17 -4 126 19 220 55 65 -89 -145 -83 -215 44 -67 -26 53 -111 -187 -99 -57 88 -48 30 -27 6 228 151 109 -5 234 110 50 131 122 -28 -228 -128 107 -74 150 249 -123 -180 67 187 138 -171 40 -63 -196 134 -200 227 108 -248 -72 203 -15 -90 189 -157 31 125 142 46 54 157 148 -47 27 -150 13 -14 -105 -166 14 -162 111 70 -43 190 47 5 149 -154 -212 199 -182 89 78 66 211 -152 -9 -161 97 -33 128 -39 -207 194 -17 -149 231 42 210 1 219 -34 -222 -204 -93 -127 69 204 -233 -151 168 201 -172 -216 -176 161 104 196 114 -193 77 188 136 4 -107 -68 129 -177 75 -155 92 144 -60 56 -6 230 184 -205 -129 -185 -41 91 80 15 181 130 222 -130 246 147 -160 9 245 101 -40 20 -44 -18 163 -100 115 -199 -69 165 -249 207 -120 -66 -117 198 139 166 -223 48 226 85 -140 171 120 -87 103 119 -118 -20 -178 71 -197 -250 -206 241 35 62 121 143 -112 -116 -91 -110 214 -159 -236 -56 -156 -11 41 -217 244 182 154 240 -210 -126 224 -168 2 -192 -95 180 -46 159 233 98 -77 57 176 206 -1 -198 -240 -158 -190 -163 -81 63 -82 -119 -147 135 -24 218 -189 -8 -164 10 -2 -137 -179 146 162 36 -12 127 -35 -214 229 -50 -169 215 -231 -59 242 -133 -142 23 113 -238 -32 38 -101 -38 -124 177 24 -84 124 -121 -65 116 12 -242 -227 -202 112 191 -23 167 21 -232 223 60 221 243 -131 -42 -165 -76 -92 -114 247 22 216 0 153 141 11 169 -183 -141 -103 -61 239 175 -247 -102 61 87 158 195 -62 -224 118 -225 -108 45 99 7 32 33 -21 -10 -125 133 178 -191 -181 49 -173 -37 -148 212 73 18 86 52 -186 -184 -174 209 -70 -122 106 26 -113 105 -144 -53 -109 3 -138 132 -234 -221 232 -146 -19 -229 81 94 -220 -30 160 183 -170 82 43 -136 -134 -245 -29 213 -86 -132 -58 205 137 225 179 51 117 -52 145 170 74 -45 197 -80 174 -16 -54 102 39 -88 123 -201 -230 -115 -175 16 84 90 200 155 95 -96 217 25 -208 -209 235 202 -218 -194 208 -139 156 68 -13 -73 -246 34 -25 -49 185 -51 -153 -211 -36 164 -167 186 248 -135 -239 28 76 59 192 29 -106 -104 -243 238 -226 -203 -241 -195 -31 -22 -237 152 72 -71 237 -94 -55 -78 236 -97 58 -98 -244 -3 64 -7 
TEST 188 ARG:167 -102 -95 -115 213 110 -216 239 -121 8 227 207 -178 44 73 -104 226 -153 -195 -43 53 -219 180 -120 -19 24 -227 -14 -248 206 -114 18 -47 -197 -36 -194 -189 -201 -182 -196 137 190 -139 -165 217 -31 231 -87 -135 175 94 -214 229 -198 230 93 104 -105 -61 -63 -143 -250 158 188 119 222 162 -161 -90 -29 126 145 132 232 -79 198 -235 57 -181 172 164 86 99 -65 96 33 47 -207 -46 -111 147 -127 39 -159 100 10 -28 -220 61 64 3 235 7 4 136 127 116 -136 -210 -215 241 -160 -243 -17 -74 27 -236 141 -144 105 148 244 58 242 49 -164 -15 -88 -45 115 248 247 -203 34 234 138 -133 -41 6 -10 -82 -183 -59 -78 192 245 -141 32 85 174 -75 -232 106 66 92 -187 -40 -42 -147 -241 35 79 214 80 26 -163 -76 185 -97 228 81 -244 210 131 -20 37 -205 63 203 52 -50 95 -174 -73 88 -218 60 189 124 -247 118 184 186 200 -118 -213 -5 -140 -70 -202 117 -168 -56 -221 -72 -208 74 -134 151 -94 219 -30 107 133 221 71 -57 196 -52 -21 130 -49 -225 -60 -145 209 128 165 -71 -166 191 -117 161 30 120 87 -34 -91 48 -44 179 -170 129 98 170 -212 125 75 -84 -132 233 31 -231 -245 -246 -113 0 -206 -167 -16 173 13 -142 111 149 17 121 114 82 -32 169 155 89 108 -112 153 238 -4 181 -110 -106 56 -58 -157 187 -25 -191 -83 -108 -175 122 21 211 204 -156 77 236 -69 -122 240 -48 -184 -101 -171 91 -9 43 -3 -124 223 163 216 -199 102 -1 -188 15 -11 -33 -233 -211 101 -209 -131 -103 -169 -27 -172 166 -100 68 -23 135 38 50 -81 45 146 -130 -154 -228 197 168 -126 178 139 205 -98 83 84 46 225 41 -55 -230 16 70 144 -234 -62 -155 11 -128 195 -123 12 23 -54 215 5 -24 -190 176 -68 -177 201 72 -180 -18 28 36 152 202 -80 220 -226 112 159 20 249 183 -12 -119 -38 246 156 -89 -146 -8 -26 199 150 -158 177 134 -229 -109 -37 67 -138 42 -13 55 62 19 65 -137 212 -39 -173 -239 78 -149 -237 -150 -222 154 97 -96 -186 -7 -148 -240 76 -200 22 -64 14 182 -125 -51 218 113 193 -2 -107 -99 -193 123 157 160 243 -179 9 -152 59 -176 -116 142 -66 -85 1 -217 -129 -204 -67 29 90 54 -185 25 -77 -35 -249 -53 140 109 -223 224 -224 208 237 -238 51 -6 -162 -22 -242 40 171 -92 -93 -151 2 69 194 -192 143 -86 103 
TEST 189 ARG:-19 -106 36 34 61 -158 78 124 -130 62 14 -193 -107 -224 72 -140 -22 157 182 -10 170 108 -151 -59 159 -240 -247 -246 143 134 247 -216 -174 -131 242 203 3 222 -210 227 1 -16 96 -26 -204 -214 113 -146 238 17 169 128 161 -1 -173 112 162 196 20 91 229 188 23 7 -54 -163 149 249 -175 -155 -65 158 180 168 239 241 -152 -167 15 -243 -238 -48 -166 -113 137 -203 111 13 21 -239 -67 110 176 -36 116 208 92 -220 -117 141 -226 114 -32 -148 -17 -20 167 195 -197 -168 136 160 39 -185 237 233 165 178 -244 -100 -55 153 -57 -245 -95 -69 164 -53 -39 213 -24 64 219 131 142 -64 5 -63 -94 224 123 105 -164 -209 228 225 232 -237 187 -139 184 48 -188 -149 -14 -105 -136 201 93 42 54 -121 -44 244 63 -49 -182 -116 33 175 90 -21 121 -202 45 -177 191 30 132 22 -142 -86 135 -178 171 226 217 -233 103 29 -132 -80 -56 -122 -169 185 198 -92 -119 206 119 216 183 210 246 27 127 -170 69 52 218 -33 -172 -205 -229 -159 -198 57 -98 -71 120 -4 -157 100 -215 73 -66 74 -47 75 -150 245 -124 189 -249 -25 214 -232 4 -206 -46 133 -231 -15 2 89 -125 -144 -127 -194 -128 -126 118 -88 -73 8 -154 181 94 -91 32 -110 107 220 86 -52 -219 83 44 -162 102 186 -208 -62 -104 -78 200 -89 56 -35 80 95 -9 150 151 41 -153 -181 37 46 -192 236 -242 -41 202 139 -227 -90 -248 145 -135 129 -38 221 -187 -103 -190 122 -45 47 -13 211 -218 -171 140 68 -76 -102 59 70 234 -51 -74 -68 -61 -99 -213 -82 40 -42 -145 212 166 -234 -223 -236 199 71 97 -40 53 240 -23 -7 -109 -58 -77 174 6 179 11 -137 26 197 65 125 -230 10 101 115 -60 -93 -129 172 204 -18 152 -160 -81 -211 -212 106 -96 -50 -108 177 -85 -221 -200 -79 38 -8 -201 -5 67 -30 16 87 -207 76 49 147 35 -138 248 -143 60 -120 223 231 -112 -123 66 -179 85 -250 207 88 -11 235 155 79 18 -183 138 -97 205 58 -84 190 146 -241 31 -72 -83 144 -6 -217 -225 243 -87 -29 -235 -147 -191 -184 -70 -199 -118 55 -101 156 126 192 194 104 -12 209 25 -141 -161 -228 -186 -28 77 43 84 148 99 -134 81 98 230 -111 50 12 51 109 215 -133 -180 28 173 -37 -189 -2 -27 -195 -165 -222 163 24 82 -3 193 0 -156 9 -34 -43 130 -196 19 -176 117 -115 154 -31 -75 -114 
TEST 190 ARG:146 -231 -17 -2 18 247 76 160 46 208 -235 -16 166 117 190 32 183 -160 81 233 171 238 -234 147 203 -103 -68 40 245 -52 20 199 137 132 189 -100 58 -117 -250 47 -233 154 -60 -189 111 229 -4 -74 202 1 -97 186 -222 7 -10 -24 156 23 27 226 -190 -181 157 -18 -23 -168 -26 -248 -45 43 35 -61 187 167 64 179 -241 -213 -156 -70 123 -111 -215 -173 -101 92 17 -202 -56 3 -195 91 60 -206 140 -116 -210 -178 -50 185 -42 -106 -204 2 -35 144 28 130 -158 207 -25 78 -164 -247 -30 -186 -205 12 90 -120 -144 48 -179 143 -159 -19 34 -245 85 213 158 -163 89 -150 -72 36 -125 235 -81 69 -203 225 86 -65 119 163 -73 210 62 42 212 175 -133 -177 195 114 -78 -143 -128 -175 56 -243 98 248 246 -43 150 55 -155 33 -63 -84 172 -48 -225 -134 73 -147 -191 -170 -39 -118 -21 -108 -6 129 217 -90 24 -142 -214 -46 -94 134 -148 -119 200 -121 -198 29 -54 -11 11 53 -8 159 -29 105 227 14 -199 127 65 116 39 -230 139 -130 184 209 -115 -216 -152 -154 193 164 106 -105 79 6 -236 -207 -246 -219 228 -40 -238 161 -58 231 -200 194 41 -13 215 -36 -141 219 -151 70 61 -224 54 -85 -9 239 141 118 -113 142 -22 104 63 -15 201 100 -91 -187 110 75 -5 -104 -218 230 241 153 57 -135 178 10 -165 -176 52 197 112 180 93 -38 22 -197 -122 242 216 21 -153 -98 122 -51 191 -124 -34 -208 162 223 37 220 232 -1 5 221 -76 -193 -131 -53 -114 -201 -169 -3 51 -162 176 145 -194 240 126 77 -95 -174 -136 -223 -32 -109 25 44 107 109 19 -244 -227 99 133 -126 131 -188 198 222 -140 -37 249 -145 204 196 165 236 155 124 94 72 -44 151 13 -66 -212 -14 218 96 97 45 15 -220 -138 -196 -232 234 -185 -123 102 67 135 -67 103 -157 -55 26 192 -172 -83 88 128 68 115 237 -64 -228 -171 83 71 211 -239 -62 205 214 101 177 -31 -86 -183 181 -89 108 -71 -132 -249 -93 243 -211 -221 8 -127 -237 -137 -57 174 66 182 -47 206 -240 -77 -112 9 224 -184 -92 -49 138 120 -229 148 -167 -80 4 95 49 74 244 0 -41 87 -192 -242 -226 -87 80 -107 125 136 50 -129 -12 16 -217 -7 -20 188 168 -28 173 82 -96 84 -33 -180 -182 113 38 31 -82 -102 -209 -59 -79 -139 -146 -69 59 -88 30 149 -161 152 -75 -149 170 121 169 -99 -27 -110 -166 
TEST 191 ARG:-155 -90 74 139 -46 142 -21 27 -51 117 -212 -68 215 -131 -228 91 -39 -72 -92 -237 72 104 -124 -202 152 50 206 78 -188 212 -53 162 25 -73 -197 248 -239 -178 122 -116 37 -94 -47 199 -123 -20 201 -110 88 -167 -93 177 116 -190 -180 -170 126 -117 -227 -22 195 216 33 -50 114 -99 55 23 106 -172 -162 -181 -234 243 24 -156 -173 -157 -154 -105 -15 -246 -32 184 22 249 -222 -169 153 -138 80 -80 222 -132 97 192 84 4 -215 57 -146 223 235 156 89 144 -133 163 -49 -213 26 168 93 51 205 180 -163 -35 -177 -103 -12 234 -174 -37 125 202 -134 -42 160 -65 35 -242 75 -17 -57 -79 73 146 92 -219 -85 71 143 -161 -71 -127 -62 39 87 65 44 -201 178 211 40 -240 3 95 -1 135 82 100 -104 -7 -225 232 204 -137 99 -236 36 11 181 -52 -135 166 -220 -145 107 -112 -29 32 -223 -166 159 58 -74 19 77 220 119 240 247 229 -216 169 1 189 -18 -111 149 221 230 -33 130 -63 -211 167 -152 -10 14 108 -4 63 165 -185 -64 -186 147 31 42 131 -206 -176 185 -3 190 68 -58 -114 -205 -210 -183 -245 -226 219 76 18 -224 -36 6 175 224 -221 -107 -54 -8 111 -142 -115 133 -82 -38 17 -67 136 0 -75 -160 16 157 -100 -148 12 59 173 -66 -78 161 -41 128 121 -108 -159 52 -191 -16 164 101 -101 -179 67 -9 110 10 -141 120 109 -56 193 81 70 194 242 34 -91 96 -88 -187 -203 -119 -244 182 -86 -144 113 -2 -235 -13 64 9 186 -217 241 -69 237 155 127 79 -171 228 102 -27 -81 -98 150 45 105 -193 196 214 -118 -48 210 -122 94 -198 -14 -60 171 -182 -76 -87 5 20 -165 -89 98 239 245 30 172 -233 49 61 -129 38 56 -143 -208 -102 145 124 -23 191 46 112 -241 -164 15 28 -204 60 209 -199 -30 29 86 62 43 -31 -230 154 118 -5 -95 -113 137 -218 -25 188 -151 236 66 129 41 134 -207 -168 -150 69 132 -250 -126 -209 54 179 231 103 148 -195 217 197 -109 -6 8 -248 -200 -192 47 -214 -55 225 -34 -147 -140 246 244 -189 -232 -24 170 233 -121 141 -125 85 -249 -243 -83 48 -43 200 -61 53 -184 -231 -70 -175 -77 -229 -59 -96 21 213 138 83 -40 -120 115 13 198 183 -130 238 2 -128 -238 203 -196 208 176 -149 123 226 174 -247 -26 7 -11 -97 140 218 158 -19 -28 -153 227 187 -139 207 -44 -194 -45 -106 -158 -136 -84 151 90 
TEST 192 ARG:-236 -247 -11 -54 60 243 105 190 -51 153 -29 104 144 -116 223 -249 -55 71 -159 -81 209 93 -202 99 143 -57 51 17 -17 -177 -118 97 -240 169 42 135 -162 -175 114 172 -178 50 -71 -183 224 -198 101 -224 128 160 -146 34 122 -78 -170 107 -91 -187 -16 14 76 -141 39 -147 188 197 18 -63 193 -180 207 32 176 -156 26 46 138 -199 -197 168 225 194 9 -47 -192 31 -215 191 244 -213 -80 103 -143 -242 184 -34 -58 -158 -84 -87 47 -5 -227 1 -94 -129 23 -134 -99 112 159 8 -204 151 -205 -60 189 30 64 214 -70 173 -8 -137 132 -234 -237 185 -172 -250 -189 161 -59 -86 10 -184 62 183 45 91 -26 -245 175 -210 237 -61 241 4 164 -230 219 140 -48 100 95 162 -126 12 -114 -148 199 134 54 -155 -207 27 48 233 -150 127 16 -125 -108 40 -196 -12 232 -201 -163 -246 57 -185 -98 239 41 -28 -200 -115 -104 -228 -45 211 49 -27 216 -97 -136 145 25 -67 124 -218 187 217 -122 -85 -39 -211 -235 202 108 -6 -96 -165 177 139 -208 28 111 44 -52 -214 -182 13 -30 -23 75 129 -109 11 -31 -241 -100 228 -179 165 -154 148 102 -244 -120 0 -124 -113 -102 38 2 63 -25 204 -135 238 247 226 196 -14 -74 -10 123 178 195 205 -49 -219 240 -41 -139 141 -88 89 113 -238 94 -93 -168 163 -133 -18 200 118 220 66 131 88 85 -111 6 -173 -149 116 -167 125 -217 -174 121 -2 -1 229 -43 156 201 87 67 -75 -160 -222 96 106 68 3 -127 171 -128 7 81 53 248 222 218 166 72 130 -216 -21 61 152 37 33 -3 117 -89 158 -194 -151 70 55 149 19 -161 213 245 -186 29 186 -50 73 -40 15 -142 210 170 -65 -20 -35 -212 -19 -239 -223 69 155 -195 -101 137 203 -138 -171 -68 77 -164 79 212 -107 208 -22 120 133 -119 198 -166 -225 -92 -95 -33 157 5 192 -123 -7 174 -121 -231 136 90 -106 -66 -243 206 221 -77 65 78 98 -248 56 167 -37 -220 -152 -229 43 -191 -140 126 22 -69 146 -90 24 52 -42 235 20 109 234 215 110 -188 227 59 80 179 154 -72 -221 -9 230 -209 -110 -36 115 -193 -144 83 -169 86 -233 -64 242 58 246 142 231 -32 -103 -24 -145 -206 84 -226 -62 -15 -76 -181 -157 -46 -117 82 -53 -190 182 -4 150 -56 35 -203 36 -73 180 236 74 -13 92 119 -105 -131 147 181 -232 -82 -38 -153 -130 -44 -132 -112 21 249 -176 -83 -79 
TEST 193 ARG:159 -52 79 203 -133 -141 225 8 -113 -233 -105 192 -104 -177 -134 205 -61 -224 -193 -187 -143 241 -35 -18 -17 -234 178 230 233 -191 -231 -203 210 59 143 -55 217 146 -148 69 5 -56 189 209 139 -110 16 174 -34 234 -189 199 -48 82 97 -15 -140 -26 32 -126 200 -237 -51 -71 161 -57 110 -195 -79 -249 88 247 128 -246 -76 -176 133 112 186 102 -181 42 -221 2 -250 60 64 -69 -151 -54 19 -188 -67 26 -41 -119 132 -198 141 109 76 89 164 -138 155 -91 103 -100 -242 -185 -24 -49 87 7 -218 -88 -183 224 -160 104 -214 18 62 244 25 -118 33 -146 187 245 -190 -32 -46 34 -184 -154 131 138 96 136 -50 86 77 -209 -125 -22 51 168 -170 -245 182 191 -5 53 122 -37 -205 21 -10 127 248 -14 -247 -19 -201 130 154 48 201 -226 216 153 -115 142 -130 -75 15 -30 179 -42 235 -124 193 -235 -60 -16 -28 -101 242 114 -173 175 -230 148 -210 -164 -137 70 -161 147 6 156 3 121 -232 -219 236 150 -84 39 126 45 -212 -20 -227 172 -64 -228 -66 -194 37 -163 151 170 -96 -171 116 -40 -102 249 46 183 149 -123 226 -8 238 -220 -182 -33 152 -216 -38 30 73 54 184 -86 -178 171 -65 43 208 56 157 14 -225 -68 211 228 41 -58 204 219 63 229 -169 -136 -236 -106 20 -243 111 -74 -150 220 120 58 -72 92 -179 -11 -174 61 22 24 -116 -23 -129 -207 -149 17 -7 -152 214 66 -83 -186 65 -175 -29 124 -97 221 -1 -244 -240 185 57 -3 188 -172 -31 -111 -82 -59 196 -103 -43 -199 197 -53 -87 -80 176 -62 28 -45 107 177 71 -99 213 117 0 -131 11 -144 -109 49 198 50 -12 -162 38 -196 98 169 -73 212 215 35 36 -208 67 -25 -241 -121 -142 -63 -120 144 -127 -153 -9 173 231 27 -2 -139 118 -168 218 -217 145 47 -85 -229 -159 74 -122 -238 4 125 119 246 94 101 -90 100 232 -112 72 -39 -211 -70 84 106 134 180 -206 55 194 -147 -239 240 -107 227 12 223 -197 166 -13 -93 44 -21 -145 -222 -192 -128 -4 -77 -165 95 -81 81 163 202 13 160 -158 137 -180 -94 -167 -156 -98 85 -36 -215 -6 -89 195 -132 -213 140 68 -27 108 -223 78 113 -157 75 29 -155 90 -92 129 -166 237 9 105 -44 52 91 -248 207 165 -200 123 -202 206 99 31 135 190 243 115 10 167 1 -47 -78 158 80 181 -108 93 -95 222 23 40 162 239 -135 -204 -117 83 -114 
TEST 194 ARG:-25 149 177 -246 27 195 -40 101 53 189 239 -203 142 115 -172 81 218 230 -219 50 223 11 24 -233 68 174 -145 -193 127 44 -245 -98 21 193 -129 41 244 97 -135 151 14 160 -209 186 28 205 78 84 92 140 -68 -108 243 172 60 111 -156 -184 -91 199 -192 -225 -164 -47 178 -131 5 -232 -72 -59 225 187 77 -99 -101 -23 124 25 -147 -8 -248 208 -36 -12 29 -185 -62 102 -48 -113 -66 103 249 -42 226 215 -15 -153 -6 10 214 69 -230 132 57 -130 -148 198 -58 48 157 -54 12 -231 105 -143 4 -56 -137 32 -169 175 152 -7 180 -109 -117 238 156 -222 196 33 39 -69 -198 36 -208 -86 -181 -73 -37 -168 246 47 -190 2 -150 83 -197 16 -92 -161 164 -30 94 -14 184 -173 17 211 202 222 162 -127 112 219 61 -1 117 -247 206 91 67 -80 123 -3 -144 176 99 -139 153 88 144 -9 200 -90 58 -176 213 -183 95 -89 -240 241 109 7 -221 240 70 -154 87 -237 -242 181 56 -77 -211 -20 -111 146 75 154 148 190 -100 136 -177 -159 -49 45 -200 38 54 30 3 118 161 -133 -18 -83 179 72 216 -78 191 -81 23 -167 -126 165 197 247 104 -204 -94 141 19 -10 -67 55 -121 -195 -106 -4 234 65 -22 192 212 106 -26 169 128 -38 34 -57 22 133 8 -188 167 100 13 -207 139 26 51 -119 224 -162 217 145 -31 -71 -220 0 6 -33 242 -114 182 -201 116 -179 74 113 -116 -87 -82 -55 -202 122 -250 98 110 64 20 194 1 231 52 -60 -217 59 -155 -136 120 89 -104 82 -166 -93 -138 90 66 -45 -194 -64 -19 -65 -157 -206 220 -128 -215 -5 -158 -218 85 -50 236 -52 -214 -43 -105 227 -199 79 31 -152 71 -29 108 -103 183 -238 -142 -228 209 -175 18 -95 -123 107 -44 -224 -17 -41 -180 171 40 -96 -243 -210 -134 96 -226 -151 -39 -239 -249 -196 248 131 -140 173 150 73 -107 -112 46 -88 -35 126 137 80 -163 -32 -24 -63 129 -115 114 245 163 159 -76 121 204 -165 43 -34 49 -102 143 158 -51 15 -244 -28 -118 -75 -85 76 170 147 -46 138 229 -182 125 135 -61 -149 -223 130 -191 -97 -187 -213 86 -205 207 155 -11 -229 -146 -74 -241 210 -212 -120 -235 35 -122 119 -227 -124 185 134 62 -216 203 228 -110 233 -160 63 37 168 221 -79 201 -186 -170 93 42 188 166 -21 -27 -189 235 -125 -132 -171 -236 -53 -2 -13 237 232 -84 -141 -234 -70 9 -16 -178 -174 
TEST 195 ARG:196 -81 228 221 171 59 -238 -2 110 35 154 128 -26 142 -234 -135 -130 -206 -141 -189 -76 -162 159 -62 193 -110 94 216 5 11 177 182 -72 248 -176 152 20 -74 223 -228 243 -117 169 -219 133 24 -15 227 -55 -106 7 234 130 165 209 -172 -223 -94 -156 -220 109 235 114 -207 164 80 -58 117 102 -175 58 -121 45 -120 155 13 137 -127 -148 74 -232 60 199 -36 -179 151 -143 -152 230 10 -188 231 -239 218 -52 49 -199 -248 125 -212 207 -210 15 62 144 161 214 81 -17 -14 224 17 -235 -166 -18 162 -139 73 54 156 189 -101 188 89 -4 198 -66 -75 -185 42 3 -193 76 79 236 85 34 -97 249 -147 190 145 14 -164 31 108 132 233 99 119 240 -71 -54 -208 21 -171 -35 -242 -216 -39 -25 -140 201 175 150 -112 98 37 -87 38 113 -34 -100 -209 -144 211 -59 -138 -158 183 -154 -29 179 87 -227 237 127 -32 -91 -88 -48 -28 107 82 -53 -129 -245 61 -119 -51 -134 -122 -11 -73 -200 -24 92 -79 -85 187 25 -145 -155 64 4 -182 126 244 83 -195 -243 26 -78 -217 -151 -67 97 -80 158 120 131 -114 -229 115 28 -64 -244 48 -46 -215 247 2 116 104 122 -198 -231 -63 118 219 -225 75 -123 91 -183 63 -165 -218 -22 111 147 -118 -103 51 6 -136 -115 184 -57 -95 167 86 -173 112 -181 202 239 41 -31 220 -61 -23 -202 -20 124 -149 129 -1 78 -153 57 100 -128 40 -201 106 -89 53 32 -237 -82 101 168 -150 67 -170 68 149 -163 -174 215 160 -43 -124 121 -180 -60 232 0 22 -16 -70 30 90 -186 -3 -194 -236 12 70 -160 -68 -40 -116 225 146 -187 200 43 148 -77 -205 -233 -157 -191 -83 -126 242 66 -92 44 178 93 186 -44 138 95 140 1 -10 -33 163 36 -41 241 -146 72 203 143 84 46 -93 56 -161 -7 9 -167 103 -107 -65 -177 -102 180 172 212 -132 -27 96 105 153 206 -113 23 55 195 -230 -131 135 -192 185 8 191 181 -13 -37 217 -250 -12 -111 226 -98 69 229 -241 77 -19 222 210 -222 -125 19 -184 -249 -133 194 -6 -226 -30 -109 -224 174 -213 -50 -204 166 213 65 29 139 -86 -221 -84 -240 123 47 -56 -196 -96 -8 -45 -69 -142 -49 33 -47 -197 238 176 -214 134 16 -99 141 52 157 -190 245 208 246 -137 -168 173 71 39 -246 -5 -247 -159 -108 136 -21 27 -42 -178 197 -9 -38 -105 192 -211 170 205 -203 18 -90 204 -104 88 50 -169 
TEST 196 ARG:-114 219 175 215 -193 157 -99 244 -129 -80 233 -186 198 -248 -138 135 139 -161 107 55 197 -153 -69 -4 231 206 -211 -231 104 240 80 -122 -9 191 -31 33 105 217 23 126 -137 -45 -24 52 3 152 -229 62 102 37 -162 232 68 165 235 -107 61 142 -205 77 -183 -157 -149 -182 -206 220 -95 -240 -67 11 86 50 -121 -163 241 194 160 39 -1 176 -73 221 73 190 -26 214 -227 46 125 -181 248 -102 -234 -49 -2 -140 56 147 -148 188 -164 -235 67 -74 181 -113 42 170 -172 150 -175 -20 -62 -142 168 15 -146 13 211 -34 111 -103 91 51 154 89 -124 222 -120 -76 1 144 -196 -165 -65 -42 -86 238 34 200 203 48 -81 -55 236 -17 -53 -141 -180 116 -87 49 204 155 -178 -226 201 -192 -201 60 57 127 101 136 -79 18 24 -209 -179 -246 43 -52 140 -198 27 54 -57 246 158 16 120 87 -71 -83 -84 -188 230 146 109 213 -59 0 -30 -105 237 -78 38 97 172 -151 -220 143 -236 208 113 228 117 79 177 -228 -100 -48 75 -68 -56 98 -3 59 74 -189 229 -33 -27 159 -37 -125 -130 -167 187 196 -7 29 112 -77 -110 -208 -203 -108 118 179 -232 63 121 132 -25 -237 192 -47 182 -152 119 -116 -63 96 -23 -16 -22 -239 216 -168 130 -127 -132 -21 21 70 153 -173 -112 149 -61 245 -43 205 -150 115 10 -158 84 -244 44 156 82 -230 69 124 128 -117 -169 -91 -35 -51 164 -174 83 -12 210 161 -109 224 199 -131 17 72 -199 -50 -82 -118 -119 189 6 -194 -72 66 -245 -222 76 103 -93 31 -14 -224 -46 225 148 20 19 -242 22 36 166 -144 58 227 -159 78 -176 -101 -18 7 -191 -238 184 -216 26 5 -88 137 -223 81 -134 174 162 9 30 -195 -139 35 99 -11 -126 243 151 -123 -39 134 -64 -92 239 -155 -60 47 -154 2 122 71 -166 92 -115 110 -218 45 -85 185 -10 -106 90 32 108 -28 -247 -40 65 223 -184 -41 -13 129 -36 178 -249 93 218 171 95 -38 -96 183 88 -135 -44 133 -233 169 -19 141 -207 -171 -8 -170 145 -147 -215 193 64 -111 -214 226 186 -70 -29 234 -89 209 -213 -6 -185 207 -94 41 -250 -217 180 94 8 -156 247 100 -54 40 131 163 123 4 -187 -58 -133 -128 -241 -212 -200 -210 -219 14 173 -5 -204 138 106 195 -32 -66 -145 -160 202 -97 -190 167 114 -197 85 -202 -243 28 212 25 -90 -143 -136 -225 -98 242 -104 -177 -221 -75 53 -15 12 249 
TEST 197 ARG:-88 -112 -1 70 -178 124 -158 -232 -107 97 -203 -230 -194 -23 -130 -68 225 152 -113 -30 -210 189 15 93 121 27 65 148 130 4 149 210 -171 -186 -207 212 28 -200 194 103 50 -222 -184 76 32 137 -114 -139 176 17 -44 202 198 206 154 -189 42 203 86 195 -167 234 168 185 -140 -106 57 179 -216 192 151 108 -94 -24 -185 -29 -231 -219 -17 -18 -101 111 -35 145 -205 -212 -125 -70 224 131 -108 228 241 24 -233 160 -26 -127 -228 209 -133 -154 157 18 -49 191 204 -244 -224 -177 79 -181 -25 91 166 -50 -226 -206 75 -39 -148 53 -155 -225 59 -40 233 88 -134 -211 49 135 -54 143 -56 48 -197 77 -175 -120 23 -104 172 100 -57 35 132 95 -60 133 -160 -16 -73 52 -86 -150 25 236 -45 104 60 78 -128 117 169 181 218 -14 19 34 -215 109 184 -153 -123 -100 -220 -71 232 221 -214 41 -240 85 118 -7 -95 -98 -193 -12 197 158 -65 106 -174 222 161 69 245 87 -46 -84 -89 -21 94 107 -217 -146 -164 -3 -192 1 205 -10 -77 -96 -180 134 230 -61 188 -191 -115 180 38 187 -110 -75 74 125 -241 46 71 114 33 -31 -53 -176 -138 -103 178 -166 119 73 29 -38 -9 -90 -196 173 -141 142 -156 -121 -187 31 -246 229 -43 -116 39 -67 208 16 110 11 -5 -170 -34 -66 226 220 170 54 164 113 215 51 -179 -227 213 -62 -78 115 128 101 -126 -136 126 167 98 -52 -250 -236 -221 -28 -48 102 55 56 156 -169 20 -132 -172 129 -118 -109 -129 -51 243 -238 139 -195 -145 -188 -119 90 238 64 -4 -131 -72 -69 105 0 -162 193 122 81 -58 227 -165 -149 -82 -91 5 214 14 30 -55 21 -168 37 200 -234 146 -182 68 -135 40 138 -63 163 207 -8 136 -79 186 -163 -22 -85 -198 66 175 -243 -2 183 -151 -11 196 -213 26 -111 -209 -117 -249 -6 -97 83 147 247 62 -247 -152 242 8 22 237 -47 -20 80 -147 -144 63 -237 -27 -190 6 116 223 159 150 -229 -161 -242 -59 -13 -87 13 -204 72 44 96 153 3 -137 -76 235 144 -248 -32 43 140 -199 -102 -80 -92 7 -41 10 -208 -99 -143 -173 127 141 190 199 -36 99 -142 123 171 67 -124 47 249 231 -122 -157 -15 -245 -93 -235 216 -183 155 -37 2 89 82 -42 84 -74 174 240 162 211 36 -83 201 -218 58 -159 61 -81 92 120 239 217 -201 -202 9 -223 -64 -19 177 112 12 -33 219 244 248 182 246 165 45 -105 -239 
TEST 198 ARG:157 -81 54 75 130 222 93 241 -224 -214 -140 -87 16 11 -181 -141 45 66 -121 -125 -6 -42 -139 -209 -64 -65 -173 219 -118 -187 -51 -100 -44 -80 -17 -54 176 228 85 -12 27 -186 17 53 -1 162 65 184 156 147 18 74 48 -126 175 163 112 -127 -123 136 235 3 -95 61 122 -221 -75 -130 233 134 -21 -31 -88 -26 -70 -97 -18 -166 161 15 -66 -178 133 236 229 -24 -142 144 -67 207 177 101 -29 154 140 -114 118 62 94 -3 -153 -150 -32 146 96 203 160 -111 -115 209 -72 196 214 -91 -43 225 -217 189 21 243 -220 89 23 168 -190 -16 119 -112 36 -59 239 63 -223 -134 -77 -148 -156 -11 249 24 14 138 -161 -46 -228 51 117 -135 2 132 -107 -194 -98 30 186 -203 -163 47 26 -56 56 -236 -138 -244 -83 -180 -120 -210 212 -147 -232 135 46 -229 224 98 149 106 242 -113 -37 108 139 9 183 -250 -218 -129 199 -36 95 -94 -48 -169 -146 91 -188 210 127 -149 -27 -79 83 -167 -68 -159 -4 50 -198 104 113 31 -175 38 25 7 -145 57 -119 -34 246 -124 -243 164 -10 5 240 -234 174 -101 -78 -247 198 223 200 29 -84 55 33 -39 82 88 195 126 110 -174 221 -41 -7 99 -22 211 -57 167 -143 78 -219 206 248 -30 -40 234 171 -128 -191 20 -47 179 -63 217 -132 170 37 64 159 -82 -225 185 58 142 32 87 -249 -176 193 -215 -14 -71 -137 -152 97 -110 -177 49 155 191 -157 60 -74 -207 70 -116 -216 -151 244 -246 -241 -49 -52 41 -171 -69 238 -213 -248 120 -182 8 182 19 -131 -102 -238 208 1 -192 152 -55 -23 -240 -133 43 -233 76 39 12 -33 -200 123 173 153 -201 165 109 42 72 -15 -45 125 -104 -25 -2 -50 -117 22 -168 158 35 -158 205 -38 90 231 -172 4 115 -184 -197 141 -73 -76 230 -108 105 -211 137 -239 121 188 -61 86 44 -189 129 79 -199 -19 52 -62 -60 -231 216 204 -155 -179 -206 131 197 107 28 -58 -227 -237 -205 -204 -242 67 192 -28 77 80 215 237 213 -165 169 -89 128 -136 -226 226 -86 -222 143 -5 -105 218 69 -109 -162 190 151 116 220 -144 -170 194 -106 166 -99 180 -93 -196 -103 178 73 -160 148 -85 -9 -195 0 71 34 172 -230 84 114 -13 10 201 92 102 -154 103 -122 -90 -212 -8 -185 -35 100 -245 81 -202 -20 -92 245 68 6 227 -208 -96 150 111 145 -53 59 232 124 181 13 202 -193 40 -235 247 -183 187 -164 
TEST 199 ARG:-167 -204 194 22 -233 172 109 114 28 -18 -88 -73 -181 -84 161 -189 224 122 -224 -77 85 146 203 165 76 -170 -35 75 246 129 244 -201 37 -139 -190 130 84 -67 -200 152 -85 -198 241 -40 8 -227 96 -57 -109 -220 233 -100 10 -226 89 -17 -61 -99 159 78 -184 -14 178 212 184 51 -221 0 -107 123 242 88 -219 -102 -132 70 36 87 -240 119 47 -94 -66 -8 -166 44 -26 -232 77 108 101 185 56 216 -82 -44 179 -122 86 1 156 97 -68 -123 14 -65 -237 -168 -196 -39 39 -71 -105 -207 131 50 26 -206 -127 223 12 -136 -179 154 -211 -229 -49 11 221 -43 196 120 226 32 121 210 55 200 198 211 162 -15 -142 132 -87 -50 83 -159 -23 -108 218 -225 -62 -124 60 9 220 217 145 6 147 236 48 -165 -191 -234 -145 -86 -247 245 105 169 -96 192 -177 -10 193 -180 -13 -171 -55 -214 215 -246 27 -210 -63 -72 219 -89 -22 126 222 125 -32 42 -115 160 229 158 99 -176 -205 249 -52 -25 7 163 167 -236 -38 -125 -126 197 -183 -97 67 -213 240 -75 -74 -28 -148 144 238 93 164 -130 64 -216 -120 -29 -42 208 65 -3 195 -69 205 2 118 209 -192 -202 35 107 -60 -9 62 -117 -244 98 -24 182 227 -141 81 189 -163 183 73 237 -209 68 134 -178 190 20 -56 53 -194 100 176 142 74 -112 -157 202 155 214 25 49 -110 149 -47 -103 -187 135 -6 63 -46 213 -1 115 24 187 82 -21 -188 143 -64 -217 127 102 79 117 -199 -2 -169 4 -212 166 3 -241 199 -222 71 43 -36 -230 112 -93 191 -5 -113 -133 230 139 204 23 -137 -20 -4 46 106 148 247 13 -134 186 239 -78 29 -121 -218 33 -90 -197 -30 59 225 181 45 92 -172 -95 -203 153 157 104 -118 113 -250 -195 -114 -58 138 -151 -162 -154 -152 30 -128 -79 243 177 -239 40 80 -238 -119 -54 -106 17 -76 -235 -223 168 110 54 -111 -173 201 -174 -153 140 116 136 231 -98 -185 -11 232 -248 -101 -81 -193 -144 -243 -155 38 188 41 -37 -186 -27 91 69 -70 -45 -146 151 -12 -104 174 -16 5 21 -48 141 -138 34 150 16 -91 18 -215 -160 171 228 -231 -228 72 124 94 -83 128 -135 -147 57 -208 -149 -33 137 -158 133 95 -242 -164 -175 90 -19 -150 -156 248 -53 -140 -116 58 -59 234 111 -31 206 31 170 52 61 -143 -249 207 -131 103 -92 175 -129 -7 66 173 -161 -34 15 -51 -182 -80 235 -245 -41 19 180 
TEST 200 ARG:179 -1 156 -169 -123 248 127 -95 -88 122 -99 -223 -216 14 -103 173 -166 -131 42 -212 53 -53 -197 -80 -239 182 -44 13 50 27 -218 189 234 159 196 110 94 -89 174 7 1 211 12 -150 -177 -214 -229 -87 -209 47 -148 101 -186 -244 152 -140 3 48 87 39 -55 -200 18 -153 109 20 164 91 142 111 -22 195 221 -121 22 -73 150 67 -74 216 -143 -190 -23 -165 117 -11 35 153 -91 -228 170 155 -179 -208 65 76 -205 60 136 145 46 -163 28 -56 -46 206 -34 215 130 -20 -222 -195 -66 61 44 -10 -35 88 104 166 -196 -4 168 240 118 112 219 -207 238 178 66 -145 -235 99 -32 -127 45 -122 -94 -18 -241 -188 -85 210 -96 -139 225 -144 -83 167 -192 -187 -15 -237 41 -7 -243 -24 64 52 -105 128 212 228 161 -215 69 157 25 -154 241 -225 -9 32 188 0 138 73 106 -155 230 -84 -247 103 119 -124 63 -168 83 -111 197 236 -130 -58 -250 -175 247 -183 134 203 129 -38 -8 -52 72 95 162 23 -49 9 131 34 107 139 205 208 -125 -159 85 135 191 -120 -201 -194 58 -234 -230 -180 55 84 180 235 -79 -203 -78 140 -71 -171 -129 239 59 -231 -45 -147 -138 160 -30 -233 -48 2 -240 -249 -93 -43 -213 -206 -64 68 -27 78 -193 115 154 217 -51 -19 -21 108 148 71 -13 -160 226 -108 -246 113 -135 244 10 169 -26 -178 198 75 -236 -61 98 -6 -220 -72 -41 186 158 185 -63 143 -232 -142 -152 -102 82 -37 51 6 -172 -164 80 -109 30 -117 -62 -106 -202 56 -204 -40 97 -185 93 -113 222 37 193 121 -210 74 -149 149 165 -82 -90 -211 5 220 105 124 100 245 202 21 201 137 8 29 89 -238 -133 -3 -31 -191 -146 132 116 181 204 70 147 -97 -5 -14 163 146 -126 -59 232 90 -128 38 -219 -33 233 -54 54 114 213 -118 102 184 40 -29 199 -36 11 223 16 -245 -104 190 92 79 -199 172 120 36 86 -69 -101 200 -86 -198 -2 -132 17 246 -77 -174 -170 -217 -242 -50 -134 -157 -17 77 4 19 -176 -25 -141 171 209 123 -162 125 -110 33 24 187 31 -224 -167 -248 -100 151 218 -12 192 126 144 57 -16 133 62 -92 96 243 207 -137 26 177 -60 -158 -173 49 -75 194 15 -221 -227 -116 -189 -68 249 -28 141 -226 43 81 227 -161 -47 -181 229 -151 -182 183 231 242 -136 214 -57 -119 -67 -112 -81 -39 237 -115 175 -65 224 -76 -114 -98 -70 176 -42 -156 -107 -184 
TEST 201 ARG:48 -52 -165 -88 -154 196 101 -178 -90 229 220 102 -148 93 -45 -115 117 -124 71 -29 191 200 -238 -42 -9 -197 -59 80 -40 -218 96 148 -221 -41 -27 106 113 -142 177 125 -72 43 -75 -127 3 18 -237 -103 239 -203 4 -138 -181 151 -137 -76 -208 14 70 189 90 216 -219 180 -200 195 -228 167 228 -162 -17 -132 142 56 111 -96 146 -187 245 209 240 143 -120 -5 -46 -159 140 184 -174 -84 -57 -232 -229 -158 -207 -69 -214 -160 -14 -144 -131 78 126 54 223 -169 31 -191 -225 73 1 -193 -180 -128 -4 -149 47 -2 26 39 -136 243 161 211 190 172 68 -231 -36 132 -201 19 -18 -196 214 79 183 -71 -194 105 108 -161 8 84 -21 -94 -65 235 -209 -33 -67 -44 -248 20 160 -112 -82 -55 -11 188 144 -23 128 147 175 -235 -122 -87 210 187 -28 -80 185 114 -226 -230 -47 158 203 178 -12 10 -13 -202 -119 38 -133 -22 60 -8 -242 -104 50 -215 49 135 -130 212 98 171 -30 100 -153 244 131 152 34 222 95 186 30 81 -121 247 -213 119 -205 99 -31 -7 -210 -10 -95 86 199 -129 -37 -106 -173 62 116 -246 -1 -113 63 107 -163 -239 110 85 197 67 -204 179 162 -86 181 -64 215 -97 13 -134 -223 -35 169 -224 164 9 -91 139 -236 58 -78 165 238 -66 168 28 -164 -49 -243 27 -114 -150 -105 176 230 121 -110 6 -101 193 157 -83 173 -167 134 155 206 92 64 232 182 -79 51 -118 -107 -135 -19 -146 208 -125 94 44 -211 -216 -102 -145 -81 -48 21 224 -172 -195 77 234 -166 -222 91 163 82 -192 -249 221 122 -126 32 -247 -152 -157 69 35 5 -168 -38 65 -234 -123 76 154 207 249 72 -100 74 -50 -170 120 153 166 -140 42 -77 109 156 -143 138 -176 241 -16 -217 -151 -147 227 -240 16 66 198 201 -177 -183 24 231 -39 -116 -63 103 204 159 -199 12 -141 41 137 53 -70 89 219 -206 15 141 202 -186 11 -108 133 -117 -60 45 194 112 -244 -182 -54 130 -190 -198 192 -24 -245 97 -250 136 87 149 236 -68 145 0 36 -156 -139 -56 52 -26 -93 46 -184 -32 124 -175 55 -185 23 226 -179 -6 205 -3 -92 118 -51 7 -212 218 29 246 -189 248 -74 -62 -171 -15 -25 213 88 -98 127 75 217 115 -227 59 22 -241 -99 174 61 -85 129 225 83 -43 -220 40 -89 2 17 33 233 242 150 -73 57 -109 -58 -111 37 -20 170 237 -155 25 -34 -53 -188 104 -233 123 -61 
All size test
