Multiple size <= 100
OK
Multiple size <= 500
TEST 1 ARG:198 72 -5 -208 153 -139 66 170 122 -176 -50 117 -58 -233 223 -180 -64 -231 -131 221 109 -149 48 73 194 188 -84 88 -39 -25 -116 -225 93 -68 -59 157 -46 -62 81 115 -4 179 -213 136 35 243 110 -209 22 -214 -250 12 167 -97 -224 -48 -229 50 124 190 189 -206 218 -191 -145 -81 85 -47 208 62 90 80 -165 247 163 225 -240 220 143 -65 118 185 -198 75 10 16 232 56 -60 -7 32 64 31 54 -76 231 205 -30 -243 -204 -168 -249 -31 3 -135 140 74 209 92 239 -164 -78 -138 40 113 -129 44 -124 -192 177 -223 58 199 -77 -103 17 49 -239 172 -70 -179 -42 14 29 -13 -19 141 84 -61 -118 71 -248 -90 -80 21 -155 -119 -221 0 -20 217 -238 83 -177 -232 41 4 -3 184 -174 -38 -220 2 175 -86 -228 1 248 8 159 -66 138 -99 102 -127 45 -199 -128 -121 -207 -201 -71 -56 236 130 204 -234 206 182 -227 65 249 -173 -17 134 -12 -137 -172 78 -193 -219 -136 30 -153 -244 33 -115 -175 -73 -210 -74 -106 -196 195 -123 125 174 -79 -134 18 13 -22 -51 15 -83 46 79 178 176 -14 -44 -34 -88 131 -93 -189 -156 -40 59 -95 126 -41 -37 -16 23 187 -107 99 212 226 91 158 -212 168 -8 -158 -178 -6 70 86 -150 -157 -69 202 -226 -166 145 160 -167 96 53 165 -28 -52 -45 -151 -75 103 69 -54 -170 -130 -222 -181 196 106 -133 -200 146 164 192 216 123 -120 -163 82 120 -148 224 129 -117 -154 240 -211 -43 -100 7 238 -2 -67 97 213 -122 76 132 -162 -35 156 246 127 -246 144 25 150 -105 -110 227 234 -171 -187 -72 27 -230 241 -125 -23 -87 60 166 -146 -108 -236 77 104 -186 100 -104 111 -183 -96 155 20 -161 -195 -205 -114 121 128 -185 -147 -216 105 207 116 201 -18 -241 244 -15 154 37 133 -27 -160 162 -142 -55 11 47 101 -245 137 215 242 9 -182 38 169 183 -237 -113 -29 -1 186 61 233 57 211 114 -36 51 181 193 -94 -242 -109 -89 -9 -197 -98 -102 203 214 -141 151 -11 -190 135 148 -126 142 152 -218 -63 26 -215 161 5 108 -159 -32 -101 -24 -169 -202 -33 -144 237 -247 -152 -53 89 -21 -188 -203 -10 -111 -92 230 -49 -85 -184 191 147 139 229 -217 24 28 210 -57 34 39 42 173 -112 43 -194 6 95 94 -26 245 112 -143 235 87 68 180 107 -82 222 -235 36 219 200 119 55 228 52 149 -91 98 67 -140 19 -132 171 63 197 
TEST 2 ARG:-182 63 182 -186 163 135 -162 159 -107 -47 -62 -25 239 75 -164 -32 -76 -176 -51 202 -99 88 -146 168 -218 58 -197 -163 -214 -6 -1 -98 -30 55 172 -3 -102 -249 19 -67 -87 -243 214 213 146 -34 231 190 -36 -154 -50 -10 36 -200 86 -7 211 -180 -84 219 35 -193 -53 230 -38 216 228 57 46 43 196 93 -24 197 50 -181 -100 -160 67 52 -54 249 -192 -94 -91 186 100 62 40 198 -112 -166 -147 207 -103 -134 115 234 -203 -69 181 -97 24 225 -115 -93 87 61 223 25 64 22 -90 -83 83 14 -202 243 23 99 90 164 179 76 170 141 157 -101 21 133 126 180 147 -127 -188 17 -177 -58 78 -73 188 -157 185 235 106 -234 -5 -237 -205 66 229 -135 -119 -209 -240 -189 134 -70 137 -45 -131 -207 -123 -195 166 192 6 -140 -151 -242 -28 80 -144 71 54 -220 145 112 187 -20 -238 -125 97 -105 69 -2 45 56 215 -92 138 30 92 -248 -132 111 -208 -60 -21 103 94 101 33 178 -80 -212 102 -161 217 -118 -143 184 2 125 98 174 -114 131 -121 84 -198 247 143 167 -79 -86 -137 -46 203 221 29 130 15 -204 -245 -210 161 142 227 0 -128 -213 -126 150 -55 -42 200 -57 -168 -159 -190 240 -241 -136 246 -61 154 -29 -71 -120 119 -37 10 -124 9 -141 208 -201 -232 -199 -82 81 -95 124 -139 -122 -11 -233 232 60 95 218 -23 -63 176 114 -52 77 224 206 -48 107 28 108 51 -224 89 -172 -185 -216 82 -13 139 48 -247 -81 226 41 27 3 244 -35 -236 248 129 177 -153 204 -26 -78 53 20 -211 38 -130 -158 12 -15 148 -196 238 72 136 210 96 68 16 236 -246 162 -194 121 -217 -206 189 -178 44 5 -227 -31 -222 -65 -169 -187 39 -41 -156 -14 37 169 -59 -235 -12 165 -49 70 -215 -148 -142 122 32 -89 -19 128 -228 -75 -244 -113 74 151 160 149 -4 -191 -184 -64 -27 116 194 -17 158 -116 65 109 -16 -167 237 -174 195 220 34 42 -77 -226 31 18 -173 -104 -239 73 -56 1 201 -44 212 -145 59 -108 -88 -179 -221 105 -219 -152 -72 193 8 -66 118 205 49 110 245 -111 -149 -250 209 26 47 -33 222 132 -230 4 13 104 -39 91 191 127 144 -225 -229 -109 152 233 171 -231 -18 85 -183 7 -133 -8 -85 -175 199 123 183 -117 -170 -223 -110 117 173 -22 241 -68 140 -106 -165 120 175 -138 113 153 79 11 156 155 -150 -40 -129 -96 -43 -74 242 -9 -171 -155 
TEST 3 ARG:-148 123 -135 -219 -103 -16 -211 33 79 164 -156 -102 -144 187 -119 -171 93 162 88 249 -80 -125 -92 75 138 52 239 -101 108 -44 64 -67 -5 139 -26 -210 -107 -214 20 -109 -175 -234 63 -192 -147 196 178 -169 -69 169 -99 85 48 -77 110 -70 245 -20 -221 -248 -113 -121 151 -143 -237 -38 221 147 -229 -182 -212 -43 50 -56 216 248 -236 60 78 -81 80 -138 8 125 -190 -226 -151 -141 -96 -249 200 -209 -149 210 -116 -216 -23 -40 69 86 158 -64 -187 72 236 -157 192 226 -223 26 -127 195 199 103 -185 -2 -9 -54 68 -65 32 11 -34 203 -220 1 21 188 136 154 16 -52 137 -195 -51 -110 -136 132 113 -106 181 231 -228 183 -188 119 91 -105 100 -222 -130 149 232 -150 -158 -204 42 37 -7 -231 -12 -41 135 168 -58 -30 179 -152 94 -4 217 -194 43 -83 95 146 -183 -153 71 -57 228 212 -184 44 -128 97 62 116 230 54 215 -218 -120 -164 204 -94 155 66 156 129 -32 -89 127 65 141 134 -165 87 -124 -191 109 36 159 -108 12 -145 70 161 -201 56 182 -217 227 143 -174 -163 14 -154 106 220 51 74 -240 174 -189 6 -36 92 233 117 -197 -250 34 -159 191 96 -132 160 -45 205 242 101 28 -199 190 -66 224 -235 201 84 121 2 211 -206 -114 238 -176 55 -161 -238 150 189 -155 -244 18 173 -22 -37 198 45 -230 89 -95 -63 -233 -170 -21 148 -241 202 171 -123 -47 -205 165 41 -242 -15 -215 -208 -173 218 -115 244 -42 73 153 185 131 -146 -140 -117 112 -76 222 98 -134 -139 -93 67 -61 35 30 107 -112 184 -166 223 -24 208 3 124 -29 -68 -39 25 -8 -198 -111 -122 24 229 -246 46 209 104 207 -177 177 243 -91 -133 -60 -247 59 -87 53 -207 -33 38 186 133 -14 27 140 29 -97 120 -172 -10 99 -84 166 214 -72 40 219 81 -186 -118 0 -203 39 83 -11 -181 -50 128 -160 -53 -104 -227 -55 -168 241 77 175 -75 152 180 -225 -179 -224 90 -88 19 240 -200 -59 -86 -31 4 -90 47 -245 167 -46 57 10 235 22 157 145 197 -62 -48 142 102 -73 114 17 -131 193 -82 118 246 -232 111 -1 -142 -239 82 172 105 -18 -193 -85 -49 -27 225 115 5 -79 -162 49 -3 -129 -78 237 61 -28 -19 122 23 130 126 234 -98 194 176 -196 170 -213 144 -74 -178 76 -243 -126 163 -167 -6 213 -100 -17 15 -25 58 -180 -71 9 247 -35 7 13 -13 31 -202 206 -137 
TEST 4 ARG:-153 -125 -234 120 201 213 228 101 -83 240 -89 -12 212 106 58 -249 -91 105 -106 -15 219 -105 -22 -117 89 218 122 35 -41 -159 -151 -129 14 206 0 180 175 -221 20 234 -169 -161 -186 127 -246 123 112 -55 -152 215 128 -92 97 -146 -170 -26 -6 -183 -205 76 -213 -140 5 126 -114 -5 -14 134 69 172 2 -216 -211 -108 153 223 209 144 169 -98 -136 -29 -109 -230 79 18 200 31 -100 138 45 4 -50 -203 13 -177 21 -68 50 -168 -172 -47 83 -154 -33 -60 140 6 -192 208 159 -2 -13 -28 67 -113 109 -43 110 -143 143 29 -164 15 168 170 -16 145 167 -115 -195 179 -17 54 -245 178 -131 71 233 -148 -84 -34 -20 111 -242 -180 -86 -112 237 124 26 -207 -166 163 -1 -210 174 -165 207 -122 -156 -128 222 8 23 121 -250 191 87 195 -82 -196 -72 -76 220 94 -199 229 125 -237 -21 116 52 -75 165 -42 -225 9 -97 -101 70 -30 -176 -223 82 -11 -10 -222 205 202 -40 -147 183 119 131 -163 -189 -64 -215 -70 19 -150 -65 61 -204 133 171 -4 36 -137 -102 107 192 -59 -79 -87 231 -18 115 211 -145 -187 -95 -74 -90 -167 44 -37 73 173 102 -244 -58 -155 148 194 -243 -144 75 -111 -219 -35 -173 -53 210 72 -235 -63 -54 227 10 -226 -127 -139 92 -231 -88 37 90 -182 -66 47 12 -162 235 246 230 -116 99 28 118 56 113 42 188 -23 -214 7 63 181 -158 80 232 -107 141 -178 -8 49 62 95 204 51 221 217 151 -185 -212 242 -99 -96 -240 -61 65 -227 154 -104 239 1 -69 -247 -78 -31 -171 -138 30 -56 224 98 -239 -206 -126 158 -44 -174 -142 -217 -62 -193 -51 197 156 198 -134 48 142 245 -191 -238 -9 -73 -24 -200 -110 -130 86 216 -232 176 182 16 193 238 137 108 -233 -133 -118 103 190 -32 -120 93 -181 -135 84 -132 249 130 -49 -179 186 40 22 91 166 27 -19 -197 3 -67 149 -71 -121 -3 60 -157 -39 96 -94 247 -198 241 199 -160 185 -36 -248 33 244 248 -85 -241 32 -80 46 -48 214 139 177 25 38 -103 57 160 -77 117 -190 -93 -218 -149 53 161 66 203 -52 -228 -57 74 17 64 155 77 129 189 157 236 -208 146 -224 41 39 -194 226 -202 -229 -119 -46 43 24 150 -236 187 -7 -209 -184 -220 55 68 -188 -25 -27 243 -175 114 225 88 104 100 34 -123 164 196 78 59 11 162 -38 85 -201 132 147 81 -141 184 -81 -45 -124 136 152 135 
TEST 5 ARG:227 -46 36 -156 160 -106 54 -173 -4 -20 -97 15 -16 -227 190 -151 -69 151 78 233 -99 196 32 17 86 -122 -192 -196 -75 -244 67 -57 152 114 237 38 -233 241 23 -56 44 -91 -230 -242 28 12 -98 -31 55 195 -36 -129 -118 49 47 -59 -15 -190 -243 16 222 -13 89 -64 -23 162 173 -231 42 95 -181 -127 149 -120 11 -205 -215 212 -121 -95 -171 73 -8 41 -71 239 -145 -187 -73 -147 -213 180 -133 215 -211 -150 -93 -137 -82 225 -65 25 204 93 65 213 -191 20 207 58 -100 -124 66 -88 -136 125 -62 -40 -249 -176 199 -53 -166 108 -234 68 -226 -123 179 -250 205 -110 -174 -164 -105 -134 102 146 88 206 -239 -141 -30 119 79 30 -189 121 76 124 -32 -214 -84 7 -34 -204 -177 -39 122 112 53 -154 221 46 -87 29 35 -107 -149 -7 -60 240 -6 178 175 -125 176 172 -54 -109 -185 145 -96 214 -21 -33 -42 101 -2 -245 148 -70 127 -218 243 -163 -228 39 -182 106 117 -113 169 136 -186 10 -159 -221 85 24 82 -162 -183 -72 -232 22 4 -41 -222 -126 -161 105 144 120 133 -188 92 -67 5 126 -197 40 201 187 -104 87 -207 -142 -22 203 -143 202 200 -241 111 -101 220 59 189 -94 247 19 -52 52 70 -225 13 226 229 209 -49 161 -212 -144 157 -175 208 -11 -169 57 56 -170 60 192 103 98 -220 -157 -135 -184 -86 -90 165 -102 -78 -172 -153 211 143 -155 -9 -51 62 135 -28 31 80 18 75 140 -199 -14 -238 33 -24 138 141 99 -180 155 -25 -68 71 210 1 158 116 -178 132 244 -116 -179 -216 6 224 -194 61 -35 156 183 118 -55 51 -152 -201 134 -19 219 109 2 97 163 -115 130 -45 -146 188 137 74 14 -79 -85 -217 34 -128 166 45 -27 0 182 -80 69 242 153 167 -89 139 218 -108 -50 128 77 -26 234 50 -74 123 48 191 104 217 -236 -117 64 -198 168 72 -83 -132 -219 248 236 194 90 115 170 131 174 -111 -248 223 -210 8 -208 -43 -18 -237 -37 -165 -224 -131 3 83 232 -1 -195 184 159 -168 84 -240 43 -77 193 -47 228 230 185 129 -202 198 181 246 -246 150 -92 231 -203 -63 147 -44 249 -167 -158 154 -17 -66 -148 27 -229 -235 -119 -5 21 91 -130 -38 216 -138 177 113 -61 245 107 63 -193 -160 -76 -103 -48 96 171 -29 186 -3 -200 9 -209 -12 235 37 100 164 26 -206 -81 -58 -139 -247 142 197 -10 238 -223 -112 81 -114 94 110 -140 
TEST 6 ARG:124 203 222 -206 -207 245 7 -22 239 23 -94 81 -203 -166 -172 -247 38 31 -55 -162 50 240 -66 64 -101 110 179 -97 -16 -59 227 41 169 106 -141 -138 -234 83 11 137 -7 78 141 237 -187 -112 46 0 -24 -110 221 -124 193 -79 63 117 235 217 -89 71 -87 -199 45 -96 -31 -109 14 36 68 -159 158 61 99 40 129 229 -111 -158 -205 -165 -83 157 138 43 242 147 -217 53 -228 -23 55 -70 201 -102 -32 21 39 181 9 152 -12 173 184 -15 -237 30 -216 115 86 -128 13 -244 -178 -194 -72 192 145 92 66 -21 73 146 32 20 200 -181 131 -56 160 -123 165 -223 -173 -220 -129 154 -188 -10 -1 195 127 -152 6 228 248 -132 -13 -241 177 225 -186 168 130 101 -106 -133 126 231 -169 116 -249 -107 -62 89 75 -183 94 207 56 8 -49 -157 214 -14 -48 189 -75 -145 -201 -164 220 17 135 -35 76 107 91 151 183 -84 -192 95 112 153 188 -225 90 -71 47 33 79 59 219 -230 -57 213 -213 -148 134 -2 109 122 -45 27 -17 -245 80 74 249 210 60 52 180 -3 -227 -239 128 -231 -9 -179 57 -42 -127 -232 -233 103 -41 22 121 -76 -34 140 -200 -153 -113 216 208 70 113 155 -29 -119 171 226 97 28 163 119 218 -67 -80 144 87 209 -50 185 236 -30 -95 -61 -240 243 -250 150 -135 -218 223 84 -64 -77 -160 -60 186 -8 149 -114 -226 -82 16 48 -121 34 2 -177 233 162 -134 29 -204 -51 -52 -189 -180 -108 -68 108 -4 -143 164 -81 19 182 123 -182 -91 105 1 24 -155 -176 65 175 -117 12 62 -46 -208 114 -229 -175 -243 143 -170 -120 174 -126 -198 178 247 -104 77 -130 -196 -6 -92 196 72 -125 156 -193 132 88 211 202 -202 206 -142 232 -100 -174 -69 -151 212 -78 -40 -136 -161 -86 -44 187 -224 -211 -150 -190 -147 35 54 102 -36 -167 166 -27 -156 -139 5 18 111 -58 -168 100 224 49 -235 142 -74 -73 26 120 125 104 -122 -210 -26 215 161 -54 -140 -116 148 -146 -137 51 -39 -195 -98 -5 -149 172 -88 -85 -209 118 -63 -115 10 -65 -38 -219 -236 -238 246 133 -90 85 234 -163 -212 194 15 4 96 -43 -118 -131 159 197 -185 -246 -25 42 -242 -154 -33 -184 139 82 69 238 -103 244 67 -222 37 25 -99 -144 -47 -37 198 199 170 -53 -171 167 -105 58 204 136 191 93 -191 98 -248 190 -93 -28 205 -11 -215 230 44 176 3 -18 241 -19 -197 -214 -20 -221 
TEST 7 ARG:196 -110 213 68 66 55 168 133 21 4 -133 -13 15 84 180 83 19 236 194 122 120 -57 -175 190 93 -111 8 243 3 74 -79 -70 -81 118 -49 13 -189 2 -247 16 -77 -103 169 -101 7 65 77 28 206 101 75 -182 242 -23 -154 178 -38 -20 -140 51 34 -10 -129 -119 -28 76 -34 237 186 -243 -159 -53 -94 -143 201 -149 189 79 156 119 -132 172 126 218 149 -194 192 48 -99 45 100 -58 86 -219 247 -174 152 11 106 -176 -54 23 -62 -151 -14 124 173 160 57 -44 -196 241 -131 114 -50 143 115 -76 -217 -102 -245 240 -52 148 -115 54 -15 -187 110 -48 -234 -41 -185 -218 209 -177 161 -108 -40 -116 1 108 -238 -148 -123 -113 216 -105 -51 -203 207 199 62 -112 179 -155 -229 -161 -212 134 -72 111 -153 98 -186 -191 107 -250 -121 200 187 -225 71 121 -7 32 42 -169 -69 -183 37 212 -227 -29 -47 -239 56 153 -246 -32 -223 24 131 -19 -98 36 -86 112 145 -209 140 -139 39 88 40 248 116 -213 -240 -232 103 -164 90 -74 -75 221 -36 144 203 224 -136 245 -198 -242 146 -106 -88 162 -117 -100 27 177 -146 -207 -231 -211 -145 -188 136 -83 -107 -128 59 -39 -147 228 -16 142 -181 58 127 249 -18 -118 239 -157 -126 94 81 135 -204 -214 30 220 151 17 82 235 -199 -158 -244 -73 210 -66 -178 38 214 47 231 -93 -193 -208 -5 -127 -173 9 -82 233 -71 211 158 222 -9 185 -6 -63 53 -122 31 230 87 -45 69 -202 60 14 89 139 -200 171 176 -216 208 91 -89 -162 -84 -167 61 229 0 -25 5 -26 232 -179 109 33 141 -166 -249 97 223 -150 205 -87 238 -80 22 -248 44 202 157 182 244 174 73 -205 -60 170 155 -152 -56 198 -35 -11 217 -230 -125 -1 -201 -171 -43 204 -144 -226 -8 -237 104 -235 226 25 -184 -135 225 -22 99 20 -68 70 -228 -12 -168 -241 113 49 -96 -163 -24 26 -37 35 92 -180 125 -190 -206 -67 193 -90 -141 -220 -134 46 -59 159 -42 -165 -61 -21 -104 -120 -97 12 175 165 -172 -222 10 -138 -114 72 -55 -124 78 -92 246 117 -85 128 102 219 -64 147 227 95 -195 18 130 -78 188 234 -27 -4 67 96 163 181 -95 -91 129 -33 154 -46 -197 195 -221 80 -233 -210 43 197 -31 123 -30 132 50 -137 164 6 215 -224 -65 64 -192 -130 -109 -236 63 166 137 -160 52 -156 -142 85 -2 138 184 -215 -3 191 150 -17 41 29 183 167 -170 105 
TEST 8 ARG:18 245 161 -206 25 -142 -14 114 -96 -130 -183 217 -50 -244 9 -155 -154 77 44 27 8 -80 12 -179 -104 56 -4 -47 198 7 -220 -196 48 45 -1 -191 -64 132 -209 83 -185 197 -29 176 -99 -60 -28 -10 -159 177 -83 -128 230 -116 -197 -58 1 202 -194 80 175 221 -111 59 -207 -53 200 -195 98 -20 234 124 138 -225 88 -123 47 150 -115 208 -246 30 -143 -124 -190 -249 190 -86 -49 156 158 -177 -109 131 -34 -247 84 247 -70 207 246 162 215 235 82 213 -40 -61 209 43 -248 -17 81 107 -41 232 -102 -38 -215 106 244 -33 -56 126 117 37 102 -151 116 0 149 233 -167 -8 225 236 104 -22 -107 -224 -18 -27 10 4 -77 110 -132 204 -163 17 32 72 -227 135 152 -117 75 181 229 222 -231 115 68 170 -12 64 -2 86 238 120 241 154 119 163 109 92 -137 180 -76 243 173 70 157 67 118 184 -172 -133 -173 125 -69 165 78 -91 -219 -205 153 54 91 -85 -52 122 31 -110 -45 -139 201 -119 171 121 -100 -162 -81 -16 219 66 -11 -202 -234 112 129 196 -242 -35 -178 -216 194 -148 -125 -6 22 -82 -208 -97 -92 191 178 -37 -182 101 -134 -136 -121 -243 141 111 -165 -210 -118 -152 -150 134 -199 6 -237 172 166 237 69 147 -236 -65 -226 -89 -113 195 144 -39 143 -169 34 -146 -217 142 159 146 -250 249 -175 -229 -48 205 139 85 -240 -24 228 -108 231 -232 -93 -25 -129 227 55 -57 -212 41 136 53 218 183 -84 192 -144 130 -166 46 -141 -245 164 206 -211 -174 65 -120 224 -127 99 160 58 239 -161 -51 -55 97 -21 -26 3 -181 -218 -66 133 26 -241 -122 210 -32 -140 212 76 -95 -189 -73 19 -233 50 23 74 -103 -5 5 -23 95 73 63 -54 -188 39 185 169 -30 148 -184 -90 -88 155 -46 21 -180 -72 -214 28 -235 -201 2 -94 -67 -63 -131 188 -149 105 33 189 -221 51 -223 -171 168 -135 60 -192 123 182 -239 -87 248 -101 -13 62 11 223 90 -164 -157 -105 -147 -112 145 108 186 -186 -36 -15 93 -168 35 -203 -160 -9 -75 -156 -126 96 140 15 57 113 -31 -200 -138 -79 87 127 -158 -145 174 -98 240 20 -43 49 203 61 151 29 242 -228 -78 13 52 -42 -222 -3 -170 42 -62 211 36 220 14 79 -74 167 179 38 -204 -71 -44 24 -198 94 -193 -68 193 226 -19 16 -176 89 -59 -114 -230 -187 137 -106 40 -7 100 -238 214 187 199 128 71 -213 216 -153 103 
TEST 9 ARG:-74 240 43 49 244 62 -220 -189 -134 104 9 -5 247 -124 29 69 -207 149 -36 115 -248 222 -25 105 -119 -167 -235 86 92 -81 70 19 94 -47 199 -148 -132 -26 75 -62 -154 -175 139 207 171 -105 144 -100 45 163 64 -221 -1 80 -198 -2 -173 211 131 -150 -245 -88 231 -199 166 76 229 212 -107 180 -180 162 -246 176 -29 -153 -139 -164 -53 36 -122 3 -250 -166 -59 66 232 -111 -35 -160 -225 -60 -114 178 -71 185 237 2 220 -54 -7 202 -178 -195 110 154 145 -110 99 -243 -95 -16 65 -247 198 179 54 -4 -85 -104 -31 35 -15 -188 224 118 -13 -33 11 221 59 190 -10 -230 48 -249 -83 20 -50 -214 -112 68 17 -234 -215 -184 138 -133 -213 -219 193 -168 -73 -241 136 98 60 196 161 235 -115 113 122 21 -38 38 -23 13 53 -55 -181 233 24 130 213 187 -232 96 -64 -19 242 -155 -158 87 223 249 -145 44 -222 97 177 -72 -142 -176 191 126 30 -80 -14 -89 -183 141 -136 129 153 137 -75 -9 230 -3 152 197 192 79 -8 -90 88 -204 116 239 146 -106 -244 10 225 170 226 -126 -238 172 -68 32 218 210 119 -135 89 85 -76 -113 95 82 -48 -147 102 90 -51 -240 -206 189 -209 -138 120 182 -242 216 37 -6 155 -227 83 -69 -92 248 51 -70 121 217 159 -172 -177 -200 -56 -34 25 143 109 148 -40 16 28 140 -116 -58 -197 -237 -152 186 26 208 -146 -130 61 100 -226 8 -149 34 -141 77 -217 -156 -49 39 -61 -118 -203 63 57 156 -39 168 84 -43 -218 228 200 -194 183 125 -28 -208 -140 209 -21 71 7 -192 -97 -45 -170 173 67 114 -165 246 81 18 206 -169 -103 151 135 -82 1 117 -171 -17 174 188 201 0 -22 -193 56 -163 127 107 134 167 -52 -211 -11 -121 123 -162 -185 128 72 -205 -161 164 -66 -20 15 124 -216 -32 -41 147 -190 -94 227 -79 -27 33 111 -127 -191 -93 150 215 -236 142 -67 6 103 -202 205 -201 108 -87 -12 -131 -144 40 160 -84 -228 -65 -120 52 -233 -231 47 238 203 106 -42 243 -30 219 -57 165 -117 -186 -239 -128 31 -159 -108 -18 -223 14 -174 -129 46 4 194 91 132 236 22 42 -179 157 23 204 -224 -98 -37 -151 58 78 55 27 -182 112 93 -143 158 -77 12 245 50 -99 -187 -210 -125 214 -44 -137 241 -101 -102 175 -96 -91 133 -63 -229 -86 184 -78 195 74 -46 -109 169 41 5 -24 -157 -212 234 73 -196 101 181 -123 
TEST 10 ARG:-163 -42 117 -167 188 -105 -201 235 -156 234 240 176 12 213 -203 -6 -114 174 -15 -152 134 7 -220 -205 -79 66 -175 105 -246 -69 129 39 171 -124 -132 -85 248 49 -231 -73 98 -227 247 56 170 163 -218 -48 183 -5 42 -104 78 -197 -248 33 -122 10 -109 194 110 -228 -215 -86 -84 38 -52 -80 149 13 -21 91 69 202 246 -50 -171 -144 -22 150 19 -38 -8 -63 86 -58 -64 124 17 -193 79 -195 -37 -116 -160 203 -245 53 -67 -180 67 32 83 -120 -47 87 -89 189 -28 -93 119 46 -214 -31 -242 -230 -213 178 25 -57 31 -1 219 185 27 -150 -140 -11 127 -211 -210 -87 -3 73 -119 -196 -98 -78 204 57 -129 -82 -88 106 192 -165 -32 -99 51 156 54 62 201 -24 -185 -2 193 215 74 -223 210 -81 230 -192 37 -14 236 -189 -35 -126 -113 116 43 -115 -39 130 61 166 -77 -130 -200 227 72 59 200 -12 -44 -33 113 -30 -179 75 16 114 -229 -111 239 107 -34 93 94 -216 -135 -29 4 68 133 -10 -118 186 24 190 -209 -164 1 -222 70 222 241 -219 177 244 -127 -182 135 -194 -212 71 162 115 -198 -208 -53 -145 -91 -162 -207 136 -125 -183 -26 76 -40 -240 -75 223 -217 -25 148 151 -232 229 -19 35 -97 -94 139 -62 23 -141 102 41 122 -226 131 -95 169 -43 157 199 -174 -147 -70 -148 88 -9 -202 -68 -18 55 -188 159 -173 -138 155 82 208 233 -151 -235 22 144 -243 -172 164 -131 15 90 212 -186 104 -66 58 228 218 -74 187 -128 137 237 195 172 205 243 89 2 126 120 -159 -83 60 -103 -56 81 -101 -178 207 231 211 -110 224 -72 21 152 175 -106 18 -221 -139 -161 36 -55 118 -238 -100 216 142 9 -168 -157 167 121 30 5 108 95 101 -36 165 -108 217 -191 225 140 184 112 8 6 125 123 179 0 -153 -46 109 -237 97 209 249 65 -134 128 -96 -143 -133 -250 3 -13 -59 14 -234 45 158 -154 -244 -27 92 197 50 -249 -41 161 191 47 -233 221 11 160 -61 -17 -90 -107 141 -169 -239 206 -184 96 -199 -45 153 154 -225 220 -158 -4 -16 -71 -123 34 -142 103 -7 64 -206 -102 44 132 -23 168 48 52 232 143 242 173 -117 181 84 -136 -20 85 -176 226 -155 -149 -137 26 -236 -166 63 147 29 -65 182 214 40 -170 77 -187 -146 -181 -112 245 -51 -76 -190 111 -224 99 -49 -121 -204 -247 20 145 -60 28 -177 80 138 180 100 -54 198 196 238 -92 -241 146 
TEST 11 ARG:95 108 13 -118 -86 23 155 -143 -225 -147 -213 -133 -125 29 70 141 -216 -140 -238 136 -96 -240 -94 -142 -90 -120 247 -81 113 -175 86 232 103 96 -114 9 33 -174 -53 -149 156 -3 126 37 56 31 44 21 163 -248 124 183 104 -222 -178 51 165 -201 18 98 76 -131 -203 -62 75 -224 226 -250 -44 -36 -82 -12 66 -37 30 160 -45 -13 92 146 168 -237 -165 205 84 82 -242 40 -135 212 -39 -207 172 80 -123 -5 152 158 177 125 39 225 -132 144 83 -227 34 -231 -121 -185 -241 153 -34 -160 60 -75 -124 -19 -230 63 50 -61 -87 28 99 73 58 -228 -187 -129 -188 91 -245 -74 -83 139 -218 -126 134 138 -52 52 -59 145 130 -177 -38 142 244 167 -155 123 222 -100 -2 -14 -32 -9 -168 -179 187 -235 79 207 -226 242 59 171 107 127 4 140 233 133 -171 67 -40 -113 -7 -43 227 -35 -22 -151 -246 -249 -10 -136 220 -109 -73 170 -20 -212 -146 88 10 -72 -51 45 48 -162 194 200 -80 46 -111 114 195 215 -23 180 -137 -11 118 69 54 236 175 238 -8 150 19 53 -18 174 -161 161 213 -16 -76 224 -138 57 -65 151 -66 -229 77 -95 -163 -197 12 -30 -239 -106 -49 -208 89 -102 7 -244 -4 181 231 72 -103 -97 71 -107 162 27 193 -141 6 186 230 -29 -199 -170 -134 -6 3 198 -210 112 -122 218 179 221 188 -25 -70 0 -89 16 -214 -108 106 1 74 -205 2 -84 -156 -190 235 14 -71 -193 -55 -105 131 -85 -42 26 154 -54 196 169 -117 -92 -64 101 119 -200 -128 -217 217 -77 -101 55 -159 -116 87 68 -17 -181 -209 -198 -56 228 -247 -24 90 249 42 85 -68 122 115 15 35 36 216 -1 97 203 -154 239 20 -27 109 -195 166 -148 -167 -48 -93 248 105 197 -145 100 -150 185 64 157 110 129 241 -33 159 234 210 223 41 -186 192 240 211 -110 -79 61 -234 -98 43 -28 -236 49 -26 111 184 -191 -31 -176 -204 -233 -91 120 143 -182 81 -206 -139 -232 -211 132 190 -243 237 -78 189 176 62 -152 147 -67 182 -223 214 -115 -119 243 -158 -153 102 -58 -21 93 11 -169 -63 -88 17 246 117 121 94 128 -164 199 -130 -194 178 -220 -184 5 8 -219 -157 38 137 -99 204 -144 -215 -202 -50 116 164 -192 201 -57 -47 -189 191 219 65 -104 32 229 -127 202 -15 -173 -172 22 148 149 24 206 -183 -196 78 25 208 47 209 245 135 -112 -60 -180 -166 173 -69 -221 -41 -46 
TEST 12 ARG:-21 36 48 0 -15 -220 -4 43 -9 -31 132 131 -247 -245 155 -25 -61 77 -223 24 -41 148 9 195 6 -112 -215 -238 225 41 177 166 -38 212 111 -99 194 -168 233 -170 -114 -48 19 -58 -149 216 -209 109 58 -101 56 140 116 -115 87 -155 173 229 -113 -197 -129 22 156 -240 -80 10 -143 124 126 -166 146 32 -204 -116 -76 -227 151 122 -40 -158 -22 2 119 35 -19 -85 227 -127 -123 -8 -178 -91 185 57 -195 108 142 70 -179 -67 1 -104 179 59 -126 79 -42 171 101 160 -173 -59 -135 114 -34 -205 -86 -242 -141 82 -33 -201 -109 88 -12 169 -46 -198 -163 -49 188 63 117 86 -164 -206 154 -219 141 -148 16 -243 237 187 247 38 60 138 -105 -234 -69 238 -108 208 -140 -214 76 -124 98 -53 217 178 -62 144 14 7 209 -184 -200 143 -210 -137 215 222 -39 206 90 174 128 150 -120 134 -146 -92 -51 -142 147 -235 -147 184 180 -174 -66 -20 21 236 139 153 -2 -23 244 -232 105 29 52 193 228 106 5 42 -57 -29 72 198 34 47 -43 -145 -191 -196 -211 133 231 -156 -202 37 -241 103 -161 83 -26 118 189 145 -128 -14 163 223 50 84 94 157 -183 -64 -246 246 136 -50 -60 192 -138 -231 -1 55 -110 -35 -187 -11 -171 -167 49 20 23 31 33 113 -30 -130 -52 62 65 -97 -28 205 -212 -132 -144 74 -74 -77 -100 -94 -78 89 -68 -13 13 226 -189 -63 46 135 -229 -186 8 129 97 -230 190 91 -180 -162 -54 -73 96 -207 -111 95 -159 -27 -3 176 -103 130 44 -65 -56 -226 -249 -181 -88 61 115 -213 39 -6 -45 218 -81 170 137 -217 242 -118 -194 -169 235 67 -185 -151 211 -193 -24 -122 -216 -154 159 -121 -208 -36 -165 -192 -233 -250 112 232 -84 186 -221 -117 -47 -72 152 220 120 230 107 25 68 -98 -175 -75 -82 213 40 -224 123 99 64 26 -125 -102 200 -79 -70 54 85 93 -237 -177 -90 -10 45 104 -89 221 -172 -71 -37 53 -222 181 -5 240 -157 239 28 71 121 92 127 125 -153 -236 75 172 51 -16 -160 -239 11 -139 17 162 80 12 234 -188 168 110 -133 175 3 -136 248 -32 -18 -119 27 -150 15 30 199 -131 -17 -218 241 -96 -93 81 102 66 69 18 -83 -87 191 224 149 -176 -95 196 -190 -182 167 100 -106 -107 249 204 -248 158 -44 210 -225 -228 164 78 245 202 165 214 -244 203 -152 182 219 -203 183 197 243 201 -134 -7 207 161 -55 73 -199 4 
TEST 13 ARG:-65 244 116 -172 -64 197 120 -194 109 69 171 41 167 218 -148 -73 -182 -129 -115 -121 -176 -30 187 17 -11 215 96 20 91 -76 25 -87 228 224 43 239 57 23 -152 -246 -243 151 -125 -39 64 -136 -133 -142 180 135 207 -207 34 154 -239 -190 150 134 153 100 125 -249 -80 -225 -229 2 15 -99 -31 -53 -139 -21 -43 -23 -86 221 14 -78 -70 7 -10 -108 149 -144 62 -97 -242 74 45 -250 -240 -203 -33 -140 -228 99 111 -25 12 200 201 83 6 -123 -75 -158 112 -226 -244 183 -4 -202 78 -61 -161 -222 211 205 28 -93 -46 -150 -165 190 76 -157 191 -14 245 102 -151 -95 82 -40 50 -92 -18 -188 -74 -193 -2 -98 118 -208 75 147 216 -177 16 -62 234 -156 89 -8 27 -24 -192 -45 115 -245 -213 -181 -145 188 -9 -248 51 -59 163 9 -100 -6 -83 137 -137 -44 -7 -102 237 -36 -201 3 198 206 -191 -149 -19 37 -234 -1 195 -241 -47 -29 -170 161 -180 217 18 113 92 196 -131 -236 63 32 155 -84 -184 -77 -237 -211 -216 -107 181 -163 173 -187 90 -3 38 -159 -52 -37 40 174 -185 220 -15 47 35 114 -124 -110 176 186 -66 160 -5 230 53 -214 -223 236 130 -89 203 103 77 -212 87 -49 -219 126 -147 193 -38 -51 4 -58 229 26 152 5 136 -224 -230 -122 238 70 98 -132 66 -189 157 -34 165 249 -231 127 -135 58 124 44 86 194 132 107 142 -119 -69 -235 -247 139 59 -72 -57 233 -196 106 -209 46 -127 169 212 129 -210 -55 -130 -220 48 80 -174 168 226 -104 -128 121 -164 -85 -91 123 133 -218 225 101 -171 1 67 84 192 143 68 222 -175 72 -198 202 36 -116 -67 71 -232 -13 -168 -50 31 177 246 93 -195 97 -12 232 29 42 104 172 235 -197 210 -134 146 -143 -217 227 -221 -22 -169 21 -227 -153 -16 -160 60 94 131 81 -233 -206 -138 -63 13 10 -112 -54 -117 208 117 189 -71 209 213 -111 175 223 204 -103 -28 73 52 -120 79 -200 49 141 85 240 -141 -199 -32 -118 -26 -105 -167 145 -60 164 184 -79 -106 -41 128 -178 -166 -162 54 108 148 144 -27 39 -155 -113 122 182 61 0 -101 -96 11 -238 24 -173 248 -186 241 -42 22 -88 140 -48 199 8 -35 19 138 -114 231 -183 33 178 166 214 -126 156 -56 -154 -179 55 170 158 242 95 162 247 110 -90 -81 -109 -146 -20 -17 65 56 179 185 -82 159 88 105 -215 243 -94 30 -204 -68 -205 219 119 
TEST 14 ARG:51 194 169 -48 -64 -91 -13 120 65 181 187 216 -249 89 150 -237 116 183 -14 165 102 -179 -197 -54 199 90 249 71 159 -18 178 -101 -126 154 -207 -23 70 61 -247 -236 -211 63 -164 226 232 -85 85 -4 9 -114 -92 173 -162 3 -52 -28 -189 -117 -134 244 -63 73 -49 174 -198 -58 -239 222 224 -158 248 66 -200 64 -123 -46 -223 33 -118 -219 111 -242 -166 44 -98 -9 -206 -3 -90 -244 158 -169 192 31 -177 -57 134 95 -154 207 47 -95 -37 -191 80 -116 -25 7 233 57 239 164 157 -24 129 170 -150 -153 -75 180 -186 -53 43 101 115 -88 109 -106 177 122 -82 240 -142 -183 243 121 49 -99 -218 -96 211 237 -27 -103 92 -148 94 -224 -181 197 52 168 -201 74 220 -84 -155 201 -6 -83 -235 223 218 221 79 -156 -102 204 62 138 -86 142 172 139 -110 24 67 -80 -240 -5 -175 -222 143 -107 202 149 12 35 113 230 151 147 -105 141 54 161 -216 193 126 124 -167 -77 -176 -170 -47 58 108 -66 140 82 4 91 238 167 -135 -152 41 55 -113 56 245 -230 59 153 8 -51 179 117 13 114 -202 -140 -16 125 247 -44 -67 -31 98 -141 -171 -33 -215 -40 34 -87 160 27 -122 -248 -184 -205 18 -56 190 -165 -121 -188 -232 77 -50 0 -26 -243 -226 -29 -42 210 -78 -180 148 88 -151 19 -233 -130 -136 -159 32 -143 60 -124 -203 196 123 29 48 2 191 -21 16 242 127 112 -41 152 236 -144 228 -225 171 -39 36 87 -229 176 30 -213 229 -22 -94 -30 -160 227 146 -208 -182 -133 -10 86 72 -149 6 -250 -178 132 -61 -204 -60 234 166 28 195 182 241 106 96 -43 -62 -209 -168 25 155 186 75 246 -172 -38 46 -131 -70 53 -71 -228 -11 -69 213 -97 45 214 -163 83 -212 -129 219 17 -93 -132 84 -112 135 20 81 156 -187 -193 212 203 -147 -17 -220 93 -20 225 -35 189 -194 99 -7 205 78 -65 38 -146 15 26 235 162 97 119 144 37 -120 -161 184 107 14 -1 188 -138 209 217 -238 -100 -109 -210 -59 -157 -137 -231 -185 118 68 130 39 42 163 137 -108 21 -73 -127 -79 198 -89 200 -139 23 -36 -246 -115 110 -217 -32 128 -12 -221 -15 11 1 -2 -214 -55 -119 175 131 -34 -234 50 -196 -104 215 -199 -81 -245 -145 -241 -74 -195 -174 -190 40 -227 5 185 69 145 -45 231 -128 -192 136 103 208 -8 -76 76 -111 -125 10 -68 -173 22 105 206 -72 133 -19 104 100 
TEST 15 ARG:235 68 -157 109 -64 203 92 24 32 193 230 91 -217 10 -76 -66 -88 198 -31 -104 -40 -128 -205 -184 241 97 -74 110 183 144 222 -180 -140 -249 180 -111 -136 -27 179 11 5 -57 219 146 4 -183 -49 220 -170 142 46 242 -155 -84 -168 -94 74 -250 -151 -13 -115 165 -244 209 -234 -10 -101 -236 -186 53 238 -90 217 206 237 -17 -89 -146 -238 -191 -11 -246 247 80 -242 -171 137 120 184 8 115 48 -187 -55 -50 -91 28 -29 127 -222 192 67 -123 -214 182 234 -18 -68 -175 -67 71 0 -58 205 113 131 -109 -59 -112 -86 -96 -204 -195 191 62 -28 -34 -182 43 -105 59 -198 -100 -118 -131 246 93 -144 79 -165 54 -12 107 197 -139 114 25 85 -99 210 111 -177 -196 -228 94 105 166 -108 -92 190 149 55 -154 -53 189 -8 -83 240 -162 -130 169 -203 -60 -15 233 248 86 141 -2 -20 -233 148 -103 123 -209 -211 130 -79 35 -6 218 -72 100 -143 -78 -232 -75 221 -24 213 178 108 6 -38 -137 215 -200 -4 3 58 31 -113 195 -80 -237 -23 236 -61 -51 175 162 -106 164 201 168 194 -30 185 26 -176 -98 207 -199 243 129 -141 66 145 138 56 170 -52 118 -149 -142 23 -159 154 65 200 15 -7 30 21 42 152 98 147 84 244 77 -243 90 -247 -207 12 -32 -219 -221 -132 69 50 -107 -33 -45 -5 -117 -160 2 -129 89 -212 87 140 -202 -172 9 231 -81 64 -16 -190 158 157 -71 -138 245 18 124 -121 83 -124 112 173 -241 33 37 14 159 -54 101 22 167 -116 -213 -126 49 99 214 239 70 117 17 -145 -43 38 -216 -167 -197 -150 119 188 81 -152 -127 88 82 -240 -119 143 -166 -48 161 1 -110 -42 -120 -22 -133 76 -102 128 63 -19 -208 -181 -134 225 27 186 -215 156 47 -193 126 160 163 -47 -85 -153 199 212 -231 -93 -97 -14 -9 139 20 -26 216 -70 78 177 73 -39 -163 121 16 -46 208 150 -44 125 -225 -87 -122 95 -223 181 36 224 -147 228 -164 176 -174 -135 -206 34 -192 -73 7 75 -156 -201 -82 57 44 151 -218 -229 136 -169 -69 39 -230 72 -62 -210 -21 -77 122 61 60 232 134 155 204 -65 229 52 -248 174 45 -36 103 196 -179 96 -239 -220 226 -35 -224 -148 19 -1 -63 -114 249 133 135 -3 -161 -41 153 171 -178 -37 172 51 102 -173 -95 106 29 13 -188 -56 211 104 41 -194 -125 -25 187 116 202 223 -185 -245 -189 40 227 132 -158 -226 -235 -227 
TEST 16 ARG:-143 65 237 91 170 -48 118 184 -15 105 25 122 -138 -207 -237 70 -65 235 63 -30 41 -250 101 -86 145 -160 -69 -148 -25 104 -106 117 212 125 -154 -110 -75 -167 -166 -129 -162 -173 -10 -34 -217 177 56 -83 -68 -28 -77 -228 215 -212 28 107 -164 153 89 -38 -80 112 55 -117 192 -7 -206 -246 97 156 -123 23 -209 26 -17 182 121 85 -157 -24 -182 -163 -219 247 -4 7 -153 -97 -54 143 -185 -208 -71 181 -99 165 234 -188 -5 36 195 79 -45 -193 -204 114 -195 230 169 -31 94 11 -11 4 67 -161 -247 30 -22 88 -49 -107 -118 10 22 188 53 -149 1 37 203 -1 98 -201 119 204 -105 -214 130 120 137 -2 168 246 -121 59 -211 -62 129 -127 185 -223 196 201 -242 8 160 -56 31 -145 -32 39 50 138 245 -9 161 242 -61 213 193 -98 -6 33 38 149 -64 -73 86 96 158 124 147 -101 -238 -184 -20 34 -44 210 233 43 -236 113 218 81 -94 93 111 42 -156 -81 183 -39 135 -176 -152 176 -136 60 69 -169 -14 87 -196 -131 175 140 -96 -218 232 -229 -111 -245 -109 -210 46 -57 -150 240 199 -95 58 -168 187 -41 236 -8 77 92 -243 231 -221 -70 -132 20 -155 52 -112 103 -3 -67 227 -134 -122 -216 -151 202 62 -187 152 115 100 -92 -140 -165 -29 -192 -90 -104 207 154 -225 132 220 110 -213 -172 155 -93 -241 189 226 -179 -137 6 163 90 -23 -174 -74 12 -171 219 -248 -27 150 -198 142 -26 78 -227 148 -19 238 131 -142 -202 248 57 -37 127 -126 80 -224 198 -51 74 -177 223 35 -53 -120 159 -159 83 -158 194 -249 -141 -135 -88 -50 -239 76 17 15 -128 -200 -58 -205 29 221 -220 72 106 13 173 71 -66 139 -230 54 -170 -103 84 -235 -89 -113 222 -102 27 229 186 -186 -181 -130 -91 -82 224 40 18 -47 241 -231 -18 166 47 2 -63 -60 -133 116 141 3 123 -43 -124 -59 -46 19 -52 209 179 82 -240 -16 75 128 -191 249 216 95 180 178 208 -13 0 144 21 -226 -139 -72 -125 151 205 -12 146 206 228 -40 -85 -222 -215 200 108 -175 -180 16 -233 167 214 109 -183 239 162 45 136 126 -115 -144 66 164 99 -147 -178 64 -36 -79 48 -84 -234 9 -203 -55 134 -197 190 -76 -21 197 -119 -87 225 73 5 171 -33 14 174 -78 68 244 51 -194 -108 44 102 -199 32 -244 -116 61 133 243 217 -42 -189 -190 211 157 -35 -146 -100 191 -232 172 -114 49 24 
TEST 17 ARG:83 -3 -204 -7 -14 -210 147 -91 11 19 181 175 -247 54 44 -66 216 -150 -219 126 -69 -107 -28 -72 -208 183 37 -197 -221 -10 -159 -191 215 -89 173 -171 -216 -102 -11 -40 -129 97 -174 -137 111 51 137 -246 202 -187 102 219 -170 -234 -84 143 148 -140 121 38 -55 -41 155 223 -103 -233 154 45 35 -15 -85 116 90 195 -236 -65 123 -153 -183 207 100 160 -18 220 186 189 64 -23 -205 -185 142 74 -8 -189 -214 -74 7 -125 245 -143 92 229 -147 -133 -118 -157 62 -2 -119 212 -179 46 -202 69 -200 -165 -109 -215 205 222 -62 -92 -230 125 -144 -29 29 -49 26 249 81 16 -132 171 166 144 -64 -155 -135 153 96 133 244 -52 -207 141 59 -12 -26 -111 -136 8 13 -223 -70 -242 -4 -212 174 224 -73 246 -182 206 -166 27 124 55 -134 188 136 169 -235 15 165 -120 -68 -17 109 -148 107 -63 -192 -250 -13 -184 -116 -97 129 199 53 -30 32 140 204 135 182 34 197 -198 -46 -81 201 -194 -130 -6 -27 79 -231 -151 -25 152 240 12 127 -108 190 93 -96 193 72 -99 -78 -115 -175 -228 -146 119 187 -98 -87 9 128 122 115 184 110 -54 238 -121 191 -43 68 -206 118 -225 -5 243 -232 103 -75 -169 151 131 211 -32 -245 -203 84 -142 235 149 139 -241 91 -128 43 -42 -24 194 -38 28 -106 41 106 58 77 -56 170 39 -124 -61 -113 80 185 -33 -53 -149 -67 214 21 18 4 -220 24 23 108 203 161 -186 158 -112 209 -105 -249 -114 104 10 157 -152 225 63 -127 146 113 -243 47 -39 -76 -172 -21 242 101 61 228 99 -60 -244 56 -57 -58 -156 -71 167 221 239 20 -22 176 60 -218 73 -209 52 -35 33 -176 168 -51 217 48 98 -9 31 71 162 226 -31 -104 -180 87 -141 159 -44 -117 150 -201 200 -50 89 -1 -126 198 218 -20 50 14 132 -195 -199 -224 -154 6 -240 -79 145 156 -145 -213 -196 57 213 -101 75 78 -239 114 -94 -158 -19 -163 120 -193 2 -47 70 -161 -59 65 247 -123 76 22 -248 -188 88 -93 236 -173 -168 -227 241 -178 17 164 117 86 178 237 179 -122 112 172 -167 -82 232 180 -77 -229 248 3 -131 210 95 -211 227 1 67 -45 105 36 -83 -138 -177 -164 -226 231 -238 -139 -36 -80 230 -237 196 234 233 138 30 82 49 -160 94 -95 -86 85 0 -110 -100 -222 -190 208 40 42 -34 -16 177 130 -181 25 5 -90 163 66 -37 134 -88 -162 192 -217 -48 
TEST 18 ARG:126 162 82 111 209 -32 -237 52 -16 -120 230 25 -72 -118 -147 -133 135 61 -243 19 245 146 -138 -111 36 119 -109 26 -45 -18 95 127 -210 15 -24 24 184 -112 83 90 101 -225 9 248 -207 223 247 206 -98 -93 183 -161 -175 -162 -226 -140 -235 220 -149 173 -75 -206 -227 221 44 129 22 -29 -185 -126 -110 -143 227 238 -114 78 -76 -170 -5 -152 8 18 74 -198 11 -74 -230 212 45 86 -167 -102 144 -80 -19 216 -17 -84 -148 34 121 172 199 104 -107 53 244 -47 175 178 41 -223 145 196 -79 102 72 190 80 161 17 -33 232 -77 -22 -13 142 -239 -90 171 42 193 -11 31 -8 -99 6 -12 109 -39 57 151 201 215 64 -178 -238 -62 13 154 -203 116 211 234 -232 -129 87 176 136 99 222 160 214 -213 189 -200 -204 -27 165 -201 -122 243 138 -141 73 -96 -228 -158 -71 106 -100 -172 69 56 -154 49 -144 -95 -83 -193 -108 -50 -183 97 207 -125 81 137 -247 -191 77 197 -91 62 167 -184 -121 239 -216 -208 -246 159 66 -97 246 96 153 -132 -43 -131 237 177 225 -171 -25 218 219 29 163 213 85 -150 65 -34 -136 122 -128 -61 -195 152 -234 -87 91 -153 -221 -164 -233 249 188 -142 -188 33 -157 2 115 192 -21 -57 55 -82 150 -56 -236 84 67 -48 -10 -26 -192 39 98 -250 -58 46 38 168 -6 -3 -224 -215 -240 40 0 54 191 92 -219 -69 -46 -55 51 23 -9 4 -81 185 133 -217 -37 -89 -186 131 125 -73 1 47 7 -214 -146 -36 194 -173 -135 -222 32 -63 -244 210 155 -23 -166 -113 -137 70 110 228 -180 205 134 -163 -212 -78 -30 -155 -151 114 -31 235 -40 124 -94 -101 10 -103 93 147 187 88 -231 148 203 -115 37 -220 -119 118 174 21 141 236 132 -242 181 5 75 -176 -197 28 63 140 68 -202 -211 -41 100 117 3 -59 -106 164 -127 200 186 89 120 -123 -4 113 -44 -42 123 -196 -245 60 -116 -165 -159 71 103 16 -190 158 -181 -177 224 -7 198 -241 -38 -134 -70 240 128 -86 -15 182 180 -168 79 231 76 -60 -187 -249 43 -92 -124 48 -104 -205 -189 -105 105 -139 -156 112 143 -117 -1 50 229 -53 12 -2 -182 233 -67 242 -199 -51 -88 27 139 -54 170 107 157 208 -49 179 -28 -209 30 59 35 241 -35 202 -52 -65 -85 217 204 14 226 -64 -20 -68 -130 -14 156 -160 149 -145 94 169 -248 195 -229 20 -194 -179 58 166 -218 130 -174 108 -66 -169 
TEST 19 ARG:185 145 219 230 70 -73 68 56 47 -92 72 -222 188 144 113 -188 -217 12 147 -250 18 76 -77 137 -131 34 -9 159 -115 -213 -178 -187 8 -106 -249 -130 244 193 -107 -136 -135 -177 71 -163 149 -47 31 -195 156 74 67 -21 -239 -10 -241 -172 79 -182 -111 196 -248 13 17 214 -12 -141 -236 -82 -132 103 184 -220 26 28 205 -46 243 -114 -94 96 42 154 -228 -88 -91 235 216 -19 -245 146 37 -204 -11 199 202 241 -144 -230 161 -64 -153 236 -247 186 165 234 -215 119 197 140 -164 158 -6 224 164 87 -16 -8 4 -211 -79 -138 -13 223 -189 66 -63 127 246 -100 86 -224 41 63 90 -133 20 148 -216 46 -108 38 -43 16 19 -207 -194 57 -234 152 25 -170 -137 245 -186 -227 116 211 210 174 -14 204 -157 142 160 -232 125 -120 2 -233 -145 -96 -226 180 -150 83 -31 -105 64 89 163 -56 -24 238 -61 -109 217 -26 -202 21 132 -101 189 131 -155 -69 -85 -95 1 -223 -70 94 100 -246 128 220 -52 143 -243 77 -219 171 172 22 -55 -34 195 -180 208 -143 221 -200 43 -36 -214 -149 29 -225 -18 226 99 247 206 75 -97 -192 229 -57 102 3 -205 -184 -183 -15 170 228 14 44 120 69 -129 194 -5 5 -139 179 201 -168 84 -45 231 107 -229 -28 78 -54 105 -190 45 -147 -210 -99 -50 -185 93 -38 -112 242 141 -199 -179 -159 62 52 -68 -121 51 218 -221 33 85 -51 249 -7 109 -71 -146 -98 248 32 24 49 -103 -166 136 -39 -29 6 73 139 -162 -127 -76 -113 -58 -197 -154 134 -25 -20 -67 95 -191 -169 -235 -237 55 -32 -74 81 -90 92 -22 187 -3 -33 111 183 -78 192 130 -242 -87 -174 -148 129 -193 15 -81 -134 36 88 -142 -75 212 39 -140 138 23 35 215 48 -161 118 133 168 -80 65 98 176 54 -42 -206 222 -165 200 -27 -124 -2 10 9 -151 232 -93 80 182 -41 150 30 153 -160 -89 115 -158 -176 -4 -122 169 -48 -218 7 135 -171 104 -231 112 -83 190 -84 203 -198 60 -104 -203 -209 -1 198 91 181 151 -181 240 -201 -118 11 -167 59 124 239 227 -152 108 27 117 50 -30 -72 175 -126 -117 -128 -65 40 155 -212 -173 -17 -238 -53 101 213 -59 -156 207 -86 -240 -37 82 122 -23 -60 -119 -110 -49 177 97 126 162 157 225 233 -40 209 237 114 -125 -116 178 -196 -66 167 -208 58 123 61 110 0 166 -102 -123 -244 121 -35 191 -44 173 106 -175 -62 53 
TEST 20 ARG:-249 -247 195 190 127 100 207 91 116 79 85 126 -74 -73 -90 -217 -232 -184 108 137 -107 -24 104 204 -15 114 -240 176 162 197 76 -189 75 -144 -112 55 60 -236 179 -159 215 119 19 169 247 39 -127 164 212 -237 -17 -183 -163 -133 -208 -193 -239 227 228 123 -155 -89 211 -136 -146 191 59 -241 72 143 50 -175 -148 -203 -83 141 226 111 -181 229 -10 135 11 -53 -72 202 -180 -211 90 94 189 -77 -142 206 -164 87 -119 154 -198 -169 37 33 -242 183 -215 22 62 -179 -134 158 239 -61 -118 99 -46 63 166 -160 246 117 -19 -200 31 -64 48 125 -220 161 -207 25 84 -188 -55 -138 106 98 245 73 241 -14 238 210 40 155 32 112 -191 80 74 -41 -132 145 -33 -111 186 103 139 10 57 200 201 -101 -135 -122 -94 -88 232 -100 71 185 249 54 -5 -91 -124 -93 77 -44 86 15 151 236 66 165 -45 -243 -68 -49 216 -167 52 188 214 -172 -140 147 28 -86 -38 30 192 -182 -227 -151 47 -177 180 -226 -152 170 -185 -59 -231 171 -104 -149 -20 233 -154 69 -35 -219 -216 -9 -194 187 -2 129 9 144 198 213 -209 120 -12 234 -114 -7 -171 -117 -76 177 -99 152 -65 -129 -23 -199 -82 -165 -190 -110 24 157 115 167 89 -37 -214 -162 -13 -87 -121 88 -96 -202 163 173 225 -1 -145 -81 -201 -130 -123 196 230 -143 101 219 21 -229 248 61 220 -139 67 -57 -218 64 160 53 6 -70 -141 159 41 92 -42 -63 70 -228 113 128 -206 -157 -3 45 83 221 209 36 193 -115 18 38 199 142 194 81 -36 -213 -6 -192 231 -79 17 -30 110 -168 -224 82 240 3 168 -34 -78 237 156 -95 -98 -174 -153 42 242 -223 -195 -238 78 -50 4 -62 -204 134 -212 -187 46 153 133 58 -131 -105 20 -205 49 -31 -176 56 -126 203 -48 -108 140 -196 -250 23 -40 -158 223 12 121 -197 51 -150 -244 218 182 -166 -230 -84 -28 -71 205 -106 43 -21 109 -85 -125 -221 2 -58 7 -246 0 96 -56 -69 -18 184 -92 107 130 44 -97 -156 27 -210 -51 -225 -235 -75 -11 -120 -54 124 136 16 -39 14 -8 178 95 -60 -67 -116 132 -32 -52 -137 34 -109 105 65 68 -178 102 217 118 131 244 146 35 175 -66 235 13 148 243 -173 -103 -22 -4 149 -47 224 138 -186 -161 150 122 181 -248 -29 29 -170 -222 -26 -147 8 5 222 -128 26 -102 172 -43 -245 -233 -113 -25 -80 1 174 -16 93 97 -27 208 -234 
TEST 21 ARG:-60 107 244 -83 114 24 176 -115 -70 -79 -212 37 139 69 109 98 183 -31 -42 179 56 -144 -10 -160 232 -194 -4 140 240 -168 38 74 166 -191 173 -49 36 -173 87 155 -30 -213 -208 -140 -169 -247 -81 248 180 237 -163 -12 -217 -175 45 200 -143 -241 116 128 -145 145 78 33 -90 131 199 27 8 -238 -66 32 -84 -215 -177 -24 164 -243 246 -110 -153 -228 -223 130 17 11 -7 -85 103 -127 191 70 -108 157 -207 160 -202 233 124 -119 -206 -1 132 -120 21 149 2 168 -74 95 40 -20 151 -130 209 -23 147 242 -237 119 -44 41 181 -211 -34 236 115 -220 229 -38 197 122 -56 182 -124 -125 93 221 -28 -64 -123 193 -250 -80 205 -126 -54 -46 -182 235 97 15 -131 226 -22 174 -114 -161 -141 -219 111 -98 225 -8 171 6 -89 72 -222 227 65 -129 50 137 -29 161 177 42 238 143 -230 142 101 -176 14 3 90 35 -116 59 -109 216 51 -27 54 53 -134 20 -159 198 -77 -52 -200 156 -201 75 169 -156 44 -101 -135 -187 -190 -26 162 -174 -105 -88 218 192 -13 -51 -192 110 -197 94 243 -132 -100 43 208 150 -97 -244 -71 -196 170 118 -216 -150 141 -63 7 68 -47 -45 -75 4 34 195 121 -225 -94 -137 234 -248 -148 -205 -86 -103 249 88 189 133 -180 -50 -111 -59 159 60 123 231 -249 -239 100 -147 -6 126 58 71 -55 129 22 79 23 241 184 -172 -93 106 196 16 99 -157 134 -165 -235 154 -117 46 -224 239 -9 127 -3 194 -245 247 204 186 211 -138 158 -40 -154 -48 -178 -214 210 -87 -2 -210 -240 125 64 9 -73 -195 207 -92 190 -184 -14 117 29 206 -229 108 -19 245 55 203 212 -25 188 -106 83 -107 -96 61 -142 10 -33 105 -32 -76 63 1 57 -91 -69 -167 -203 -199 -151 214 -122 -37 -139 -233 -43 153 52 49 28 -104 62 -61 -82 -155 -95 178 -58 -62 -53 -121 -158 31 81 146 -232 -146 -170 82 -189 66 0 -234 224 73 -242 222 -133 -99 220 202 -236 -221 -16 -78 26 102 135 217 -181 30 -152 -67 -149 67 187 -112 -218 18 13 85 144 -17 89 -11 12 -41 19 167 -231 80 25 -209 -65 138 -179 172 -136 39 152 -35 201 -72 -128 47 -186 -57 -18 112 76 -118 -15 -166 -183 -227 136 -171 -226 96 -162 230 -5 92 219 48 5 223 185 215 77 163 148 175 213 -246 113 228 -39 84 -36 -21 -193 91 -185 165 -164 -198 120 -204 -68 -188 -113 104 86 -102 
TEST 22 ARG:-139 162 -172 86 -210 -200 -126 59 -113 -86 -135 -230 176 -60 -242 34 25 230 114 70 91 109 74 -23 -201 -32 98 78 3 27 215 41 -193 168 68 135 203 193 80 -34 213 -11 214 -49 -51 -237 205 -97 -30 159 134 -148 150 97 122 -21 -219 -39 185 -91 105 239 -64 -78 217 -4 -37 32 124 6 231 125 33 -152 1 55 209 -52 -145 -29 222 -149 -204 -6 -182 -228 66 229 104 61 -65 -102 24 188 112 -122 157 115 130 84 -211 -241 -180 -116 -79 -157 76 -166 -73 -94 201 175 -214 -7 19 206 212 -212 -26 172 5 145 -168 -240 -185 -67 -72 224 -81 -178 -48 -1 72 210 -100 37 -205 -223 237 79 -146 -189 -239 -233 -13 -99 -93 107 -213 -177 -150 14 110 195 -98 183 227 62 31 -236 -50 -187 -61 -143 238 127 -141 58 -77 -128 -195 166 -162 -245 71 -68 235 106 223 -171 113 90 -127 -83 153 -123 -202 -158 -38 118 -90 -70 149 -112 -222 43 178 35 9 36 82 29 234 -66 53 138 211 57 228 -95 202 191 -217 99 180 -80 40 96 148 -8 -125 219 121 128 236 186 245 192 22 -133 131 -42 -225 -153 -9 -208 21 -17 -215 -248 -244 15 -138 83 -22 -235 63 16 -192 -104 -57 -243 -234 18 67 -63 207 -40 -124 -167 123 140 88 154 -43 8 -58 -62 -82 232 48 -247 4 163 -181 -25 65 -107 52 144 -92 -117 50 -20 194 94 189 -151 -169 -111 142 -85 199 151 167 242 60 -221 -198 -194 26 249 116 -175 30 247 244 -3 -56 -54 -190 -132 108 129 87 89 -28 49 132 73 -165 -220 -36 17 136 204 169 141 -134 102 -207 173 184 -31 -231 -108 146 -27 -203 248 174 -74 225 -227 220 -179 170 -89 100 7 190 -160 -226 47 45 -16 85 165 95 -106 -119 119 20 181 -184 46 -246 -33 196 -197 -136 240 120 -59 200 -14 -130 -164 152 155 -144 -44 -69 -103 -196 -101 -218 101 -163 23 -206 -96 -140 -129 38 171 -249 137 -18 64 -121 -147 -88 -173 187 -232 -53 42 -118 92 161 139 -154 54 -105 216 -45 -87 69 12 -115 93 44 133 2 -71 117 208 -46 243 -114 -199 -186 -156 233 81 -19 158 13 -15 -159 -174 10 -2 179 197 77 -75 164 -216 241 -24 246 -142 51 56 -191 -131 -12 -137 -161 156 -155 182 -250 -188 -55 126 -41 -120 111 -229 28 103 -170 -35 -76 39 0 221 -5 -110 147 218 -238 226 -84 160 -47 -109 -209 198 -10 -176 -224 177 -183 143 75 11 
TEST 23 ARG:236 -95 -17 161 -235 -166 225 170 109 -61 116 66 -3 220 -220 238 167 229 -14 77 85 -181 -84 -80 122 -198 -113 -232 -212 -111 -224 156 212 120 -223 -222 204 47 226 246 -104 29 96 -18 169 92 2 -96 -242 -19 25 132 -68 -213 137 -163 -189 51 -98 223 84 -156 190 -146 57 -123 -10 -168 70 -105 -74 178 -231 -120 213 -221 -159 -2 146 -133 164 71 -75 -97 -199 168 -118 144 48 43 239 221 -126 -240 -176 46 182 -60 35 -110 -33 -24 -249 30 -1 -150 -229 -100 -202 -43 -52 -169 151 7 -121 176 97 -187 209 -246 174 1 -170 89 152 166 -92 -171 90 -182 138 183 227 -72 106 173 -217 -152 3 18 -193 13 108 64 86 -164 -145 135 -38 -88 -200 -197 76 -210 -65 119 -219 130 74 125 -94 -127 215 52 114 218 -173 -137 165 185 -70 -21 -191 -73 -160 -35 224 181 199 211 -107 140 -130 83 147 59 42 -106 112 110 -53 -175 249 162 -128 -134 230 127 94 -83 -245 14 101 -8 -117 -161 -93 210 188 -227 -190 107 158 179 -90 148 32 55 22 -135 65 198 102 -205 139 19 -158 37 -85 143 80 -183 98 -78 -23 -30 153 -56 38 243 91 87 172 -29 160 -5 -209 -178 -54 118 -91 81 15 -144 -192 197 111 -239 -230 73 -20 -218 -86 -51 88 -139 -179 200 -196 -45 175 -149 244 -238 -194 -58 -27 -77 -115 -201 40 222 128 -180 24 -76 4 8 -32 72 214 -155 78 10 -172 -186 -62 193 -22 -214 -81 -236 -47 105 -147 -233 -42 -114 99 129 63 -226 -225 -89 195 17 234 20 -57 -140 -6 -122 -63 -143 124 -41 -69 -112 217 -64 -102 23 28 -184 -247 177 -132 -79 201 68 -16 205 58 -207 203 21 231 -116 41 36 -44 44 31 -211 -40 237 -87 -13 45 103 171 -101 192 26 216 -153 60 -228 233 187 -157 186 -148 -206 228 12 240 141 -241 -66 5 -26 184 -39 136 -131 -243 69 -37 34 54 241 -12 -141 -7 -59 -165 -216 -195 9 -208 -28 115 150 -4 -167 -31 0 -34 16 163 -9 6 117 -138 11 -129 50 -215 232 -50 123 -250 62 149 -185 -71 -46 67 -237 -188 95 -108 -151 126 33 -25 -11 189 142 194 -248 -99 207 -203 79 104 49 133 202 196 248 206 -49 61 134 -136 219 159 131 -67 155 -177 247 -124 -234 -119 154 -142 -48 -154 157 100 180 -204 -174 -36 -125 121 -244 93 27 82 145 -162 -109 39 113 191 242 56 -82 -15 245 208 -103 53 75 235 -55 
TEST 24 ARG:-148 -122 -42 -75 76 244 2 -4 -2 236 -117 -41 22 120 211 161 -155 117 103 -137 -1 -142 -37 -218 -226 -115 -216 -168 -123 -58 118 -138 -230 -55 -35 33 106 91 193 -158 26 -186 -194 159 49 -235 65 -100 246 -197 -190 21 -207 -20 107 -118 -165 -63 -233 112 -125 45 -217 243 146 217 121 199 -228 248 9 136 -61 98 -198 -8 -247 -59 229 169 151 -224 -200 82 -160 166 40 48 189 52 -245 186 -93 -48 119 -114 -145 -238 -205 53 -239 -98 -161 37 28 6 -139 -172 -188 -116 -81 19 -90 213 149 130 -134 -18 -69 66 -140 225 17 -62 -5 108 -29 -101 8 138 -14 137 239 242 4 5 -46 99 226 190 102 -174 202 -60 -246 139 -67 -49 185 133 41 177 3 85 101 -17 0 223 64 -121 -215 165 -13 237 69 109 141 -182 -156 172 97 -162 -129 -23 -36 57 89 -167 -33 -88 -147 -111 95 216 164 -56 -191 -78 -27 -211 7 215 -25 -77 -141 128 214 94 -89 -34 131 -131 -154 36 -249 176 175 170 -243 -30 205 -151 156 -45 -227 -11 197 -164 -146 -192 -76 143 -43 14 -72 92 238 -120 -195 1 -163 -143 -44 77 -136 234 58 -68 30 168 209 -9 100 -184 194 15 -208 -79 -234 -229 -181 129 178 181 221 10 -95 125 -179 -57 113 204 -232 70 -3 -15 231 -237 206 -214 -222 84 124 -135 105 51 88 114 220 -206 -84 200 24 207 34 -7 -105 -19 104 35 90 -31 -53 -248 39 -54 -126 -10 132 -74 148 163 -225 -83 -241 -119 -64 -110 -16 145 -71 -52 249 -86 -236 -157 187 -91 144 -204 56 196 -40 81 -92 -193 -124 174 42 -113 -22 210 -65 75 -202 -26 -47 115 -24 -28 -73 -175 80 -169 154 -87 -213 -66 -196 59 13 -96 126 153 50 74 188 208 -21 -51 233 -183 29 -99 -108 219 224 -130 235 227 -152 -144 -176 167 203 47 -104 157 247 140 -82 -150 -203 232 67 -103 -201 78 -102 25 201 110 240 -32 -187 -39 122 -94 -173 -242 -189 23 -85 44 -221 184 111 -220 -199 83 182 155 -106 171 134 96 158 46 -219 54 191 -210 228 160 147 62 63 152 222 79 86 -97 116 -250 -180 -107 212 20 38 73 55 -185 180 -170 16 -166 -231 218 135 11 127 -6 -127 -133 -12 71 -240 -244 93 -128 87 -70 -212 61 -178 31 -80 -112 230 60 241 192 195 -171 -50 -177 123 -38 179 72 173 18 32 162 198 183 -109 27 12 -209 -149 -132 43 150 142 -159 -153 68 -223 245 
TEST 25 ARG:132 96 56 222 95 235 -160 55 196 100 107 182 -202 -151 75 175 -78 -98 105 25 147 231 227 -136 -93 -149 -12 120 133 -14 104 90 -61 136 69 170 -45 -137 160 -133 201 216 202 17 -194 -31 -155 50 -143 -185 249 -88 6 -23 8 -164 106 36 -188 114 39 35 -197 57 212 -226 -33 -124 239 81 215 -119 163 245 140 -220 86 -116 5 -154 -108 -171 129 -248 243 -77 -208 -237 38 -162 87 195 151 -19 233 199 -147 63 -158 -173 21 -72 -132 -181 -134 113 -128 -195 152 -156 4 -206 -101 15 194 189 0 -79 237 193 224 -87 -189 176 -196 -186 -13 29 155 -139 51 138 83 -115 -159 -67 -120 192 -225 -74 130 -221 223 -111 76 -30 157 -53 123 48 112 -26 22 174 109 -94 -44 -232 9 98 -246 -80 64 -172 -215 -201 -242 53 68 236 -123 -65 61 150 -244 -118 156 103 -66 91 145 169 65 -22 -239 -18 -247 -192 141 178 94 32 -169 146 -109 219 -6 -145 -146 -39 -235 62 102 23 154 135 41 -223 188 84 -184 -180 -60 -241 14 -59 58 93 -9 -112 -64 108 232 210 -47 -231 -216 -161 187 -178 92 180 -5 1 19 71 -107 -170 -27 204 -211 238 208 139 -85 -7 -126 -21 -229 -205 -177 -42 -157 -24 142 -86 -236 244 -140 -81 228 -249 121 -34 166 161 -57 -174 20 221 165 -204 -28 -168 66 -218 24 -209 99 -127 -190 168 -150 -217 214 -1 49 -138 126 134 246 -113 111 185 -3 -48 -76 200 -83 -227 72 60 115 118 -69 242 -210 -234 167 -71 3 -228 7 220 -152 183 158 -8 -2 117 -96 -153 -187 -52 -121 70 -97 241 30 -163 -250 12 77 42 -198 -191 181 -41 45 -36 -144 247 137 127 206 97 -55 -183 -199 225 190 -89 -99 -32 -90 205 40 59 119 13 153 -200 213 172 -56 240 -222 -106 78 2 -122 218 -114 -11 198 -70 -182 149 28 27 173 16 74 82 80 -38 -4 -125 162 -179 -213 -219 -84 -10 -142 -129 89 37 -245 -51 10 179 -43 -29 125 -15 -102 230 -131 177 -95 -46 47 -117 184 124 -49 226 -214 52 -92 85 -165 186 26 54 143 -75 131 11 -35 31 234 -103 -148 -40 203 -16 -238 -167 159 122 148 128 -175 -63 -233 -135 101 209 -141 -110 -193 207 -100 -17 110 -203 73 248 -54 -82 43 -62 -166 -240 -37 164 88 -130 -176 46 18 -104 -91 -68 -243 191 229 -20 -105 33 67 -207 211 171 116 -212 -230 197 144 -58 79 -25 217 34 44 -224 -50 -73 
TEST 26 ARG:-128 53 -209 225 200 178 -66 -169 89 -239 204 245 7 55 -244 -82 121 95 25 -240 -58 -246 76 -116 66 79 -25 -220 -13 196 -69 -70 219 -185 29 226 214 -14 98 -213 -91 -218 14 -10 -130 244 170 -7 39 157 0 -197 44 -76 -117 -125 237 -242 81 158 211 -81 -198 -39 17 -184 -148 155 -53 -196 69 247 206 104 -64 -214 -28 67 -146 -122 110 -203 -54 -179 -144 240 -234 -137 -107 175 222 -113 24 77 229 148 57 -155 129 45 111 3 106 41 146 -44 242 130 -94 -37 -104 117 -111 164 -78 -15 82 138 -167 -65 37 154 173 228 16 -120 20 91 183 115 -87 -45 -159 149 -22 -1 215 97 107 -168 -200 194 -232 -42 15 -164 165 94 179 -174 -29 -16 246 -56 9 -118 22 220 19 -103 -108 -17 -171 -109 136 59 -150 -175 114 -249 -100 -24 42 230 -96 -86 243 209 108 92 169 197 174 -79 78 -245 34 205 -243 -201 -90 -227 -202 145 -219 142 49 -77 -139 223 151 249 -43 -105 99 87 -170 120 -224 212 -93 -72 -180 -60 -52 4 156 172 -132 -183 -250 182 -26 -11 185 26 216 -138 -49 166 218 188 128 -229 27 -158 102 -34 31 103 63 -193 -228 134 85 -143 -80 1 161 -73 18 -140 235 -194 -134 -188 141 -48 -68 147 113 64 193 -101 213 131 -47 -154 -46 231 177 -99 -192 -123 140 -166 -190 186 202 -141 -204 -237 180 -114 152 -199 -136 -88 -89 -12 -210 -157 -208 236 -40 241 -51 144 8 -161 33 -55 132 28 143 -18 51 100 -102 36 11 109 -31 -142 -163 -133 -222 208 -131 116 -92 84 232 47 -217 160 -145 -41 52 118 -95 -112 43 -225 -83 201 221 -85 233 -19 -178 -129 189 -160 162 198 -8 -127 -221 -30 50 -151 -211 71 12 38 88 171 -182 234 -110 -27 -119 56 163 176 62 139 -32 58 239 -115 -216 21 -36 126 2 -207 187 65 -20 -57 210 83 -124 184 35 -186 -84 112 190 96 -4 48 -231 -38 125 -247 40 75 -241 119 -156 32 -187 -206 -9 167 -121 -195 224 90 73 -5 54 -35 -147 105 -59 -173 80 191 -223 -162 -189 217 46 -135 86 -177 74 -97 30 124 -74 203 -21 -106 13 -3 192 150 -191 -33 -238 123 23 168 135 137 93 207 122 159 127 195 -153 -212 5 -62 -75 -50 -2 133 10 -67 -181 153 -23 68 -176 70 -152 101 238 -61 -235 -172 -205 -248 -233 -126 -63 181 248 -149 -226 -230 -6 -98 -165 -236 6 60 227 -71 72 199 -215 61 
TEST 27 ARG:-66 188 -71 -76 -42 20 216 -21 -127 107 -210 -22 147 59 17 179 -122 133 246 64 1 -154 57 -85 67 46 -89 -226 11 146 155 -203 2 148 119 235 -158 198 227 55 -63 213 169 -99 -212 -172 -2 -148 -247 33 191 51 -213 228 149 97 76 -139 -36 -180 221 -165 -146 83 181 -208 69 156 73 -198 162 166 -166 243 -37 -72 -5 -117 215 211 87 -191 139 100 22 245 206 -38 184 -93 -87 -109 -186 205 186 -151 204 210 182 -4 -163 -171 234 25 -1 -144 178 -17 23 158 -50 47 45 -98 128 192 -102 -143 -112 -26 -6 129 -70 13 152 14 161 -161 24 -194 28 -115 -189 -25 125 163 -13 -214 187 52 -94 -157 -173 141 -190 137 90 30 37 -110 -88 82 201 219 -164 -234 -132 -188 27 -75 -185 -156 -155 43 -167 -101 136 -215 -211 175 159 -69 79 239 -170 -95 -79 -54 19 -130 180 -195 -35 145 -240 -105 167 39 -9 153 171 4 150 -45 38 -242 48 -19 -249 8 -193 -118 -32 -120 225 247 109 -107 -121 -169 -55 244 -178 -179 138 71 226 -160 -23 143 66 -33 -27 -243 135 -141 -12 -235 91 -29 108 -34 0 111 -187 195 -84 -131 172 222 104 -250 -43 -224 236 29 -176 -47 -82 -90 114 -140 -81 203 -124 -174 12 -80 -57 -116 -147 78 7 32 -241 -97 110 -202 -114 144 49 -229 -78 -248 -196 -133 -134 98 40 -239 -100 93 223 208 -39 -111 -231 -197 -60 -7 -184 21 183 134 241 231 131 -206 31 -46 -18 -159 -225 -233 -221 189 -183 230 -92 85 -62 -238 34 72 117 112 -123 105 96 -182 -153 -152 68 197 -207 -246 -108 127 -104 75 -48 160 249 -3 -73 18 80 -11 -113 -59 113 44 -103 157 -126 42 5 36 74 214 -91 185 -162 233 -137 193 89 -138 53 -15 -20 212 86 41 -244 -227 -219 10 123 -236 -135 -228 217 -65 120 -14 -218 -30 -52 -83 229 194 207 63 151 65 -44 50 58 -168 88 -68 -177 -40 -128 -209 103 56 237 176 -237 -67 -175 35 164 -199 95 101 140 121 -136 -200 -119 -150 -77 -216 77 196 142 -222 224 -192 102 173 209 62 126 54 -51 -96 -64 -56 -129 -142 26 94 -41 -230 124 -232 -217 170 154 242 202 118 -145 -181 240 190 220 15 199 61 6 130 -86 177 -205 218 -245 122 168 -61 -220 174 232 81 200 -58 -149 116 -8 -10 9 248 99 -223 70 -49 -106 132 -201 -28 -204 -53 106 3 115 16 -125 92 84 -31 60 238 -24 165 -74 -16 
TEST 28 ARG:218 -78 -166 -223 -188 -198 -120 -158 -99 101 -28 -85 171 26 -229 71 104 -14 -97 31 149 -231 90 -49 45 34 -123 -84 -140 -124 109 75 46 141 -213 202 164 -194 -33 28 1 54 230 29 -81 7 -189 -47 -118 225 -193 36 128 -19 -52 11 -80 -59 78 87 -67 -128 210 70 223 -88 -177 -195 -206 199 139 116 108 -154 233 93 27 19 -234 103 -219 98 -39 35 66 -132 155 -48 50 -136 112 -248 204 24 85 176 57 -153 -29 -191 -32 -161 177 131 -168 -220 240 -242 -62 152 163 246 215 -139 -155 -149 9 206 -209 51 239 25 183 147 -92 -5 -145 -23 -126 -86 -201 63 166 -63 217 -131 111 -44 -133 49 229 -105 41 13 132 178 182 -56 154 -232 -57 205 124 123 179 122 -9 -218 -163 -69 127 150 -31 -216 52 44 208 95 -22 -82 4 -38 10 172 -186 153 -18 39 77 -12 -240 -226 -175 198 -30 40 -46 -127 -91 174 189 156 30 0 -61 67 186 62 -65 -185 -45 248 83 -207 -135 -87 200 -162 244 -235 -7 -174 -64 -116 82 170 -169 22 221 -150 -245 121 -156 -196 -70 32 -68 -222 -143 -26 -233 -142 79 -10 -72 -113 17 -15 130 190 -167 -112 -83 107 80 113 -55 59 61 -111 89 3 -210 -190 -236 53 -249 -182 -115 173 165 -2 55 194 92 181 -21 -217 -172 134 -24 -74 142 -192 84 157 -3 105 -230 60 -66 -103 6 -138 -6 146 188 242 203 -227 37 -239 -184 -122 235 81 -102 151 99 162 245 86 137 -36 -40 -211 231 -58 197 -171 69 -212 180 115 232 -110 227 -104 12 -237 -16 -79 15 234 175 119 110 135 237 -173 -152 247 106 -11 143 220 -243 145 -89 -214 91 -137 16 -200 -250 193 -107 213 -93 -90 144 -179 -134 -108 -121 120 -203 -77 -125 -170 -148 73 -151 140 133 20 -98 209 -37 201 -100 64 -176 129 -129 94 -1 -241 8 96 72 191 158 -95 14 -157 249 169 -160 88 185 -109 -114 42 74 243 68 216 192 -51 65 -183 48 196 -247 -75 58 -13 -53 -221 126 -204 219 -225 -165 -119 -20 187 168 214 211 -164 160 241 2 -94 -27 -208 207 236 97 -180 -76 -187 43 -54 38 -41 138 -181 -25 -117 184 222 -71 -178 -244 114 -34 21 102 228 118 -60 226 -73 5 100 -4 -147 -246 125 -228 148 167 -101 -130 238 -197 -141 23 -146 56 -50 -42 -8 -35 -202 33 -106 -96 136 -43 -215 159 18 161 224 -144 -199 117 -224 195 -205 -17 47 76 212 -238 -159 
TEST 29 ARG:-69 116 37 176 -36 110 -57 -106 181 -198 -117 82 -184 -221 -114 -162 -119 -125 133 -115 226 -54 -229 -190 1 248 15 84 -222 213 113 52 137 237 163 -247 26 -78 -48 -173 -70 -244 -140 -197 -182 -11 235 -142 -22 61 -141 -236 -208 117 153 241 -177 68 -35 136 -205 100 155 -12 38 54 -87 32 -129 124 -187 140 45 -16 184 165 -18 246 -145 167 216 -26 -237 145 94 10 126 174 201 -242 4 17 -83 3 -109 -56 101 -58 -153 98 -127 -165 41 95 249 180 -47 -224 -42 208 209 -249 -25 -154 -89 -77 169 -23 43 154 172 77 149 40 -250 -169 231 217 206 -180 25 6 92 -185 85 244 238 -75 230 -246 221 47 171 -14 59 -149 -111 -37 -228 210 81 -172 -171 150 205 225 218 118 -167 78 -210 219 44 164 -126 -204 -212 -132 189 -160 105 -148 50 -53 247 42 96 -95 -94 93 -188 21 -136 147 168 -2 175 91 36 -118 65 -217 -175 58 -211 151 -64 -193 72 114 223 177 -138 200 129 -245 214 245 156 -51 -135 -235 -240 183 56 -192 120 -76 -143 -49 228 -73 -107 28 13 111 -61 -62 66 -216 122 204 109 -151 -130 -194 -176 -231 -239 29 -121 162 0 194 89 -112 64 -207 -163 -230 191 -120 -225 -60 -105 53 -201 -93 16 79 34 -9 -131 -81 -178 185 5 -38 102 -234 9 22 139 -213 -147 170 -92 188 240 -223 -248 -1 -209 -20 160 -46 70 63 19 48 141 -29 -164 -96 -191 57 60 159 27 123 49 -161 224 -219 -39 -139 -68 202 -44 -45 -156 -241 234 146 236 178 -8 211 148 121 -200 196 142 33 173 -88 97 8 -19 -104 18 -66 -17 -233 130 152 90 -206 -85 20 -100 -33 -108 -103 -124 -97 -72 -123 -32 71 215 -183 -152 -144 157 69 -91 131 108 -27 -202 -40 -67 -196 -238 -7 128 -6 190 -168 -4 -101 39 197 -63 88 134 220 11 112 179 207 144 212 -79 -226 104 -158 -71 46 -99 158 106 -13 -195 143 138 193 35 -232 -21 -243 132 -179 -134 222 -174 -5 186 195 -116 -122 -214 -110 243 -24 103 30 -55 -181 232 -203 198 -98 73 239 12 -3 -150 182 -186 -28 -155 86 119 -30 -199 -50 -157 -80 125 203 7 -189 2 74 -170 229 83 -227 31 -215 -74 -166 76 -137 -102 -15 -146 166 192 -218 80 67 -59 -52 135 -10 -133 -220 233 107 -113 127 -128 199 99 24 115 161 -90 -31 -65 187 87 -43 75 -41 55 -84 -86 23 14 -34 227 -159 242 62 -82 51 
TEST 30 ARG:185 -183 107 213 32 -212 229 12 173 149 223 177 18 38 -44 -80 54 -165 -178 -17 -168 -135 148 -151 -235 -227 -126 27 145 174 68 33 -76 -202 141 56 -160 -162 -50 236 -94 -91 176 226 143 -244 118 81 114 -198 -136 -40 -8 -98 -81 -33 157 124 -219 -184 -197 25 134 -152 224 83 39 199 -106 -88 242 95 -107 -66 -6 170 -93 -179 103 6 42 172 156 -48 -26 -65 163 -85 -16 152 -87 63 -141 -186 -36 -138 127 98 71 -24 -249 -46 -225 76 166 115 131 -131 217 210 150 -29 159 -245 -49 104 -124 247 46 132 -112 -59 -34 26 -67 -70 161 31 186 -144 -171 -105 -123 -56 74 235 -185 28 137 193 -39 69 246 -99 -104 19 -132 -176 -134 24 101 -243 -57 15 198 207 97 -246 -35 -173 -72 146 102 -195 80 -79 -241 85 -240 189 121 60 -233 110 30 82 215 221 -154 -92 66 240 -109 -234 -31 -13 231 -55 -120 -161 96 -147 -194 14 -1 227 243 -248 -61 22 182 -203 -205 -129 244 -108 -172 179 -228 -69 70 -211 164 -199 -15 -196 -149 -101 21 214 -232 126 -23 -209 -116 78 -177 89 122 -167 -119 65 -224 -237 91 2 153 116 -51 -142 -229 234 37 -238 200 -174 -58 151 58 -14 -110 219 -25 52 -169 -215 -231 248 133 192 168 -37 45 -210 -218 203 1 -145 -156 140 -187 -155 47 -166 147 75 232 -122 -100 84 -95 105 -201 -181 -71 0 160 -11 -21 11 245 62 64 125 206 92 113 -121 7 -213 41 35 -148 239 109 50 -12 129 -217 202 -47 -158 -89 -236 136 -208 -180 123 -190 -118 -133 48 191 184 188 -207 230 59 -77 99 -84 -182 16 196 79 167 -150 228 -78 -103 -52 144 61 57 -188 -27 86 -96 -7 -223 165 -117 40 8 117 88 220 -4 208 -38 -130 212 -164 36 -53 108 119 72 190 23 -73 154 138 197 -125 225 -86 -42 139 -137 178 -115 171 -242 -206 -18 -82 135 205 20 -28 90 -153 -239 195 -226 93 34 -192 -143 -113 187 218 -175 67 120 222 100 155 -9 44 -22 -230 -60 -45 -216 -64 -111 111 175 -127 -114 -63 29 204 128 73 -75 -189 -221 -83 77 -139 17 -222 -102 142 49 -20 -68 238 -193 -159 43 112 -128 130 -19 -214 249 -163 -62 -146 209 -191 -247 -5 180 211 216 -2 181 13 106 -54 -250 3 -43 241 87 4 -220 -41 158 55 -3 -10 -74 233 94 53 -204 162 237 -200 183 -30 -97 51 -90 194 -170 9 201 -157 10 -140 5 169 -32 
TEST 31 ARG:-84 -125 98 171 107 35 -4 -191 -147 161 -220 42 -156 -72 -40 -75 -234 -36 -195 -117 18 -219 -160 -247 -13 -198 -223 -114 234 -32 -190 160 248 -224 -100 179 -231 -98 29 233 212 72 -246 54 -196 104 230 165 204 -52 93 195 -101 36 -130 62 -122 201 27 183 -31 -92 74 190 17 -34 146 30 -179 185 -106 -12 236 182 -61 178 -25 -53 -120 76 213 -185 -74 120 215 41 133 245 -118 79 242 64 97 151 10 -218 -202 -14 138 88 -183 205 -137 -242 -65 -69 -142 34 101 172 -193 56 1 214 106 -155 -141 -111 -170 -105 141 -161 -146 -91 159 239 142 -140 11 -67 156 66 144 -2 -232 -143 19 235 -151 249 -209 -236 -124 -21 224 -201 85 -149 -239 -76 -15 49 136 129 -59 208 83 -228 -200 -207 -47 -28 77 150 122 220 100 198 70 -48 78 -110 91 14 -214 -93 89 -225 57 135 -55 -199 168 -132 -197 68 -107 210 0 16 4 -51 -133 163 116 -139 243 -152 -11 -22 8 -145 -89 134 -62 -173 -63 -217 -54 43 -226 -64 127 51 110 113 140 -136 -184 -104 -169 -245 -177 216 -94 231 143 226 191 111 188 -237 194 -77 169 -7 -66 -85 95 -10 -241 -96 -99 84 -38 155 -178 73 -56 145 -115 -206 -163 184 121 -174 82 118 -112 152 -126 -204 211 99 158 69 167 24 180 -29 108 -39 -148 -216 -37 200 -18 -9 -131 -213 -23 -1 187 47 219 -70 52 241 75 203 -176 -205 170 125 -211 -90 232 5 -159 -58 -230 137 246 -79 46 -95 12 -238 -129 166 238 126 31 102 -33 -88 81 -27 173 -108 228 -46 -109 -181 45 -49 -165 9 -68 -113 139 -210 -82 86 55 -78 229 114 -162 157 177 -116 222 149 48 186 67 175 -41 -26 87 44 -30 33 21 147 -86 103 192 -157 39 61 130 -121 -188 71 -187 25 -227 197 -123 -45 -172 20 -171 -102 -235 -180 -168 -80 153 148 94 -153 -60 40 -87 -158 -8 96 32 38 -221 -249 -194 -97 -240 7 -192 -3 115 90 -144 80 -17 -154 23 -71 131 112 -57 -43 -215 -166 221 -243 109 218 247 225 -182 -212 -189 -175 -244 -35 244 -83 132 26 154 6 -222 22 -135 60 -208 202 -248 92 -73 123 164 28 -138 176 189 119 199 -128 65 13 227 117 217 53 207 -134 -50 -203 -127 223 37 -119 50 -16 -20 105 181 196 -24 58 -81 240 -150 3 -6 -229 15 -233 -167 237 -250 -164 174 -19 -42 63 2 59 128 -5 162 -186 -44 124 209 -103 193 206 
TEST 32 ARG:67 178 194 166 52 -186 -52 125 193 -206 115 3 247 -150 -61 -44 -159 216 101 -135 26 -225 37 -29 -107 -80 36 -183 -105 -136 -224 -70 17 139 -101 -221 -42 19 104 -200 8 -98 -60 -74 114 16 163 49 64 -213 102 146 212 -180 222 229 89 145 -14 -210 94 58 38 109 -36 -215 -153 118 -67 -157 -113 -179 -133 -13 10 -25 156 -32 -119 -83 -108 -106 -164 228 93 -6 185 -216 15 0 -87 -92 43 -22 -232 -141 -5 226 -211 210 249 -247 199 -82 32 -19 151 82 11 191 -195 119 -204 -84 -122 136 -178 62 236 213 144 -212 -230 48 -117 -229 159 -245 135 220 149 100 -166 -190 -144 68 215 152 -163 -160 -189 76 103 190 162 111 -172 -55 -174 239 -65 198 -162 -169 9 150 85 -235 160 -196 -177 -73 127 -24 65 40 69 188 -21 18 230 217 56 179 -142 72 181 -57 -187 174 -137 61 13 227 -158 -207 73 116 112 -168 -243 -51 -63 -184 165 31 88 158 140 66 -201 -93 -209 -50 -46 -145 153 -20 141 -114 -124 -62 -149 202 -152 -94 47 99 189 -56 -76 27 -155 -109 184 -41 -121 -151 -126 -128 -34 -199 246 55 -85 180 207 -4 -69 -161 22 -43 6 51 187 129 1 201 -250 192 -139 133 197 -238 205 113 -194 164 -16 75 244 -170 134 42 242 -90 204 97 -12 -47 -120 14 122 182 39 63 -102 200 -131 203 29 107 -188 148 -54 81 -182 -27 -249 -156 235 79 53 -143 -38 157 -37 -97 -75 -134 231 -130 -197 -217 -78 -226 33 -218 -99 54 -111 -96 167 155 232 -148 108 -1 168 -228 -23 124 34 206 123 -45 -233 -10 70 74 23 -222 177 -30 -223 195 -237 -71 2 -167 -191 105 -35 -116 -208 96 -110 219 -40 128 -219 221 -236 -8 -88 132 -28 83 -86 240 218 131 50 59 -220 -181 138 245 71 -123 -244 243 -146 -118 214 172 169 44 170 -81 -18 12 -193 95 154 225 -33 241 -72 130 224 -202 233 -100 -203 -66 161 77 86 -79 -246 -227 237 -214 -240 -242 -59 110 -192 46 208 106 -132 -2 137 -48 92 90 234 -104 -175 -31 -127 80 30 -205 41 -77 -103 -171 7 -89 5 238 20 -17 171 4 223 142 -234 60 -239 -95 248 35 117 24 -3 -91 -241 57 211 -53 -9 -138 173 209 120 -58 -112 -11 -185 -176 -248 45 -231 78 -115 183 -154 186 -68 -129 176 -173 143 -39 25 -7 21 -49 -165 87 -140 -198 28 121 84 175 -26 98 91 196 -64 -147 147 -15 -125 126 
TEST 33 ARG:191 90 157 17 -210 67 146 229 32 -185 -172 -68 -13 166 11 125 -227 118 -75 -34 -31 -163 42 -94 35 225 159 100 196 151 120 -109 -17 10 38 68 -12 72 16 -176 54 -201 -175 220 -47 15 -89 -167 23 194 -137 -203 7 -138 -70 40 182 82 -25 61 -116 -119 183 37 74 -202 -81 -191 -32 177 4 -63 -229 -110 -35 -11 246 18 184 -6 156 219 -217 -7 63 211 -79 -215 43 224 -50 174 65 209 59 237 -100 86 195 -206 -51 -228 104 131 -136 -1 105 -159 145 -213 97 92 128 -45 -225 19 -140 -128 -29 -154 -199 34 188 -130 -242 -179 69 44 -84 31 -69 -71 57 217 234 36 -14 -187 203 89 53 -196 30 -30 -214 25 -62 -73 -114 -158 192 -190 230 0 244 -149 95 207 107 -53 29 -91 22 179 -118 -135 -125 -165 96 142 -44 45 -76 123 115 48 127 155 -38 -92 139 -243 208 -67 190 -142 242 -147 -181 143 -59 1 121 -247 98 -127 147 -170 205 -113 21 -16 41 162 160 -144 79 161 -211 -3 94 241 210 232 -23 240 -8 222 119 236 28 -171 -87 -15 -209 -111 -194 62 -78 -66 -72 228 51 58 214 -248 134 111 -219 -220 -97 -155 -240 226 -120 -46 112 -184 -105 -65 77 202 110 6 206 -178 -60 -122 215 56 124 -205 -183 -226 76 -218 12 -234 -56 -24 164 -207 91 -166 213 64 -233 -48 135 126 180 -204 175 -200 -151 -96 187 129 -134 -4 -250 -188 -153 117 106 49 3 5 -244 73 -124 71 167 -222 -99 47 -43 -117 70 204 132 101 -182 39 -108 99 -64 -249 102 -103 231 27 -141 150 50 185 -235 8 249 -9 -193 -5 -177 171 235 9 -174 93 -106 -57 -223 -245 13 170 -241 -162 -42 -195 -90 178 -36 -41 24 -115 -33 186 -231 137 -212 -58 -126 113 245 -83 -107 -54 -93 144 -102 -208 -238 -121 20 133 163 -197 221 181 88 84 -52 -28 -10 114 -85 216 -236 -192 173 -221 -216 -112 130 -161 -169 80 -152 -49 189 -98 158 -22 238 227 248 -101 -40 197 -123 -95 153 -86 -80 199 108 -237 85 -27 -189 -82 243 -230 -157 223 152 176 81 239 26 148 -77 52 140 -55 136 2 -180 -129 200 -173 193 -160 -19 198 55 168 233 -132 -139 116 -131 -232 212 -150 149 165 -146 -148 -164 -168 -145 60 247 218 46 -61 66 -21 138 -74 -88 75 -133 122 -156 14 -37 -104 -26 -239 -246 154 141 -143 -186 172 -18 -2 103 -224 -20 33 83 169 201 -39 109 78 -198 87 
TEST 34 ARG:-40 -20 -31 197 220 154 130 163 -129 124 106 -195 233 188 235 -9 32 -53 -30 194 144 -111 -127 -191 -158 -117 -70 -69 -16 136 99 21 1 -124 141 53 -28 -1 -15 -201 -181 20 -168 -2 139 80 138 -219 167 16 -240 -248 23 -177 -57 75 -205 61 191 157 17 -126 2 -74 64 93 -58 -59 -100 -104 25 -108 -25 -207 -51 193 -92 49 109 -247 -65 37 140 87 85 -83 -221 -146 -135 -36 -147 -128 242 -194 -68 174 -121 205 90 208 31 -106 79 -76 -93 -116 204 59 146 113 74 -157 210 6 -186 46 206 -137 -166 234 -110 143 158 247 165 -222 15 -72 -175 223 -105 -90 -174 -226 -208 147 166 -160 -101 72 152 107 -21 114 44 -206 209 -107 -244 110 200 65 81 -163 231 -235 60 78 0 162 245 76 -143 -44 125 -224 211 117 -178 -8 94 67 184 105 -144 -79 227 -193 -32 -243 226 -187 -203 -103 -120 -165 -172 -78 96 199 -62 5 -154 224 -200 246 185 -82 -60 179 57 -239 182 -190 -170 -38 -188 249 126 -141 -10 -34 127 -196 -63 121 180 -197 216 159 101 -209 -88 218 -73 168 -109 -183 86 222 -149 -102 24 -155 14 239 -18 77 19 175 203 -14 98 212 -185 63 -211 -192 -164 -54 -35 119 202 88 -64 -98 176 207 13 225 169 -47 -213 -22 -148 198 243 -150 54 51 -115 161 123 82 69 -133 133 116 -229 30 181 38 -71 192 -37 112 29 3 -11 -52 -227 -140 -134 83 248 -46 -112 -161 95 71 26 -80 145 213 -24 4 -230 230 -231 -26 -77 120 -220 -210 189 155 -50 -81 -43 -118 34 -86 -75 -85 -95 238 -39 102 -132 -233 -179 186 39 36 190 164 92 -56 52 217 -217 160 -6 -250 201 -214 70 -13 -167 -204 -49 9 172 -234 -249 -67 -202 128 42 68 -189 -91 41 -99 236 103 -228 62 -245 -169 219 150 11 12 177 -61 183 187 -136 48 33 156 -125 10 214 -27 43 -241 137 73 -55 131 -17 -119 195 -246 -41 -223 -89 -225 -96 -232 -87 -4 240 115 -113 135 142 -131 237 -184 -151 66 18 -42 108 244 56 -122 84 -216 22 -29 -156 -238 -3 -84 -152 -198 -139 118 -182 50 -145 58 -12 -7 -142 -48 35 221 148 8 178 -176 229 -180 -173 -5 153 -153 97 28 -19 -94 91 129 -45 -33 55 171 196 89 232 -130 215 228 -97 132 -218 -236 -242 -171 -237 27 149 -114 173 170 -66 47 45 7 134 100 -199 -162 111 -159 -23 104 -215 122 241 -212 40 -138 -123 151 
TEST 35 ARG:83 213 -131 88 115 -48 34 120 146 5 32 128 239 214 80 119 123 -33 -213 -230 53 194 90 81 -192 45 -18 165 -218 -146 -58 -137 200 -133 242 -64 -13 -217 231 -37 176 -180 85 188 -108 -54 -28 39 132 -46 84 -142 202 51 -208 234 4 33 153 189 -117 -166 41 -195 -97 -197 192 -9 -67 14 122 -229 182 208 -60 230 -139 40 -90 216 -236 82 -144 -134 -11 -183 -220 -98 -92 215 27 235 -20 187 78 141 75 191 -204 -169 7 -81 -184 -151 97 65 -4 -2 -206 48 74 199 -135 -40 -205 126 -43 67 -93 -168 -172 -219 228 207 -150 -176 209 -84 212 77 159 164 247 152 -240 -201 58 6 87 221 46 -158 -164 70 -3 -248 204 1 -36 -123 245 243 175 64 101 -149 69 -129 -234 12 -143 220 -1 -95 134 -250 66 -42 160 -59 -61 -157 186 3 -44 35 -231 -178 -24 -216 161 -10 63 -86 -226 -66 196 -145 -136 -111 -165 130 -14 -6 -51 -5 150 -186 154 -53 -224 -57 117 73 59 225 -52 -214 139 112 -223 167 -32 -23 -202 9 -126 137 -39 184 198 180 179 -160 107 -156 236 -239 217 -30 18 124 143 -193 136 -29 37 185 61 17 36 -56 244 -127 -238 100 -47 -181 71 24 233 22 218 -99 105 174 20 8 -63 -212 -171 163 -155 237 -177 -21 -26 145 -31 -85 57 240 -22 52 229 -130 -228 -112 222 -242 -69 157 -119 -35 91 -68 -12 -89 -109 -113 -138 -106 -233 38 -154 151 106 -163 -147 114 -232 95 -140 -110 86 227 149 -210 -152 121 -215 -75 -153 155 142 170 -78 -241 -50 -55 96 219 -174 -162 -244 28 -173 108 -148 144 -221 -16 26 -227 177 -124 -125 -190 47 158 -49 -203 111 113 -76 -105 -187 -194 -115 31 13 -94 -132 129 210 -70 116 -225 -25 -34 -247 195 -27 0 -207 55 93 -199 15 241 -100 -189 42 201 -87 -80 203 -104 109 -96 223 -65 -102 -17 246 79 205 -245 -116 138 44 -235 -159 -83 125 -82 103 147 30 -62 224 172 -211 54 -198 -118 29 -88 -79 193 62 -73 68 104 156 -19 23 -246 -38 -72 -41 -8 190 -209 89 110 226 98 2 -45 21 -243 168 72 181 -249 -7 16 140 232 178 -121 -191 94 49 -71 238 60 56 -175 43 -101 -185 -91 -120 249 -182 197 -15 -122 -103 10 -222 127 173 -114 -74 248 -77 25 211 -179 -167 118 171 166 -141 50 133 92 -237 148 102 -170 -188 162 -128 19 76 -161 169 11 206 183 131 99 135 -196 -107 -200 
TEST 36 ARG:100 -116 212 -240 -239 242 3 -126 201 244 198 169 -207 202 156 27 56 112 195 -103 187 -41 33 -59 232 200 247 179 -205 66 4 -140 158 -108 -237 21 139 -73 -68 -194 -83 102 45 -187 -51 -92 62 103 -226 69 -50 55 42 134 167 6 -186 59 214 -82 -137 -12 208 138 -171 -53 -76 119 73 152 -44 197 64 235 -75 12 -130 -148 218 -144 130 -119 -31 -233 -145 74 99 97 -192 -109 54 -114 1 121 67 -178 -104 91 126 -191 -99 -80 -49 159 123 222 -67 -195 -45 83 -159 146 -162 -56 -225 41 -172 -227 -160 -142 -105 133 -87 -16 -167 -90 101 -202 31 -33 68 -55 -85 58 164 151 136 -15 -163 0 -220 -97 -54 -235 241 109 50 237 60 -29 224 141 -216 115 -121 8 72 10 -42 -2 20 113 49 131 -115 -238 -79 -184 -26 13 196 36 -213 -234 192 143 24 231 -175 29 -241 -189 -107 188 246 125 163 -21 -218 -30 248 -34 43 230 -168 -219 161 155 -210 -39 89 87 84 -101 93 85 -245 -153 40 210 -176 239 145 -154 98 -17 209 -71 -203 150 -25 7 -66 249 -246 233 173 199 -95 111 -174 -74 80 -19 -224 170 160 124 -14 -180 182 61 -113 46 175 -102 9 191 76 -147 -138 -10 118 149 52 157 -7 77 15 -250 32 -244 -193 120 122 -196 -84 -117 -111 176 70 -179 -89 104 211 -27 -100 94 177 -214 -63 -183 -93 -88 82 240 -125 216 105 178 -152 -164 189 -1 -52 -123 -212 75 -190 -120 -35 114 -198 221 153 -46 -37 -11 18 86 -70 44 215 -249 -124 -156 -128 -112 -166 -136 -197 -77 17 65 -24 -181 162 128 213 -110 -211 -173 -57 183 -72 -18 -169 207 -208 -91 11 -158 -38 168 53 142 -141 -230 -134 71 81 223 5 236 48 -135 -61 185 -229 110 -20 116 16 -62 -221 -122 -157 -161 -132 132 39 181 219 -247 166 -32 -40 234 -143 245 -98 -47 226 -60 129 -150 14 -118 -236 190 -28 35 -13 -177 38 -170 -146 -206 95 165 -48 -151 227 174 -106 -139 -81 148 -3 -222 229 -58 -22 -4 204 -86 -78 -8 106 90 -182 19 26 220 135 30 -96 -43 144 -199 180 217 225 -209 -232 186 -215 -228 37 206 -185 137 22 79 127 184 194 -94 -204 -165 92 47 -200 108 25 2 78 96 -23 -201 171 -223 -133 -248 -64 238 203 107 147 34 28 -217 140 57 -242 -36 117 228 -6 172 -149 -231 -69 88 193 205 -155 154 -5 -127 -9 51 -243 -65 -188 -129 63 243 -131 23 
TEST 37 ARG:102 -215 164 -194 189 216 -44 60 197 44 123 240 169 135 -67 -43 -81 73 211 -12 -165 228 -169 -242 -221 -88 89 -76 5 23 214 243 101 -193 52 122 -8 -22 -33 -78 222 206 -51 56 -139 221 -202 -176 -45 -62 -183 1 19 -21 -37 47 196 -132 -91 245 147 98 14 -72 -87 -159 100 -34 -99 74 -38 -189 -75 -244 -140 -178 -180 -207 -201 45 236 177 121 51 90 -225 -181 -195 -226 -18 -228 107 -86 -130 179 208 66 159 215 -243 79 88 144 -213 3 -147 -208 126 -142 167 -31 -56 185 94 -66 -20 11 30 -167 136 -160 -128 43 -112 213 -186 -158 -153 157 -111 59 205 -241 96 -163 -236 91 -143 -57 57 152 120 175 84 203 12 231 87 -52 -85 124 248 207 -53 -47 -179 -24 158 -63 86 154 17 170 146 104 -14 -93 241 -36 77 -124 55 46 36 230 -161 -23 -229 200 -227 172 -234 138 -102 188 -103 -233 32 83 72 -222 -69 109 -16 -218 -224 -245 64 -73 -32 97 139 39 -60 -54 111 92 134 -155 -7 145 229 71 99 -220 233 161 226 140 -246 -92 -197 -209 -119 -97 -131 194 -5 237 -27 191 -162 113 244 125 103 112 165 -79 -150 -96 153 -19 41 15 -247 114 61 48 -210 150 239 -182 224 115 155 -61 28 58 54 -156 40 -172 24 70 249 -151 -188 16 -39 108 -249 85 210 -175 195 -145 -238 -232 -239 130 76 27 -154 78 -129 25 117 -123 -248 199 246 129 -68 42 69 81 68 -11 -50 21 -184 131 -126 -127 -141 -110 218 -148 156 225 -109 -217 116 187 -74 -84 234 22 198 235 75 149 31 -185 -28 178 -144 63 132 -48 95 -108 176 -196 223 209 -203 -117 -219 118 7 9 -15 184 -168 181 -146 182 -35 8 217 6 143 80 119 -152 -1 -64 53 -116 -157 -191 26 242 -149 -121 10 -136 18 -223 -83 220 -29 -173 -77 37 193 93 137 -166 34 -40 201 -100 168 -3 -107 -105 141 -46 -200 -114 4 -250 -230 -199 219 -26 2 -59 -205 160 128 171 -2 -133 -89 -115 190 -4 110 227 -95 -174 -98 -177 -240 49 -164 -104 105 -6 65 180 -134 202 -204 106 -71 -190 50 -138 -120 166 -80 238 -82 192 0 -90 38 -17 148 186 -101 -192 -171 174 -206 -58 13 -70 82 -30 -135 173 204 -118 151 -212 67 -122 -55 -235 162 -211 -94 -41 -10 -106 -231 232 -65 247 29 -137 183 212 -9 -198 -237 142 20 -187 -216 -42 163 -125 -113 -13 -170 62 -49 35 -214 33 -25 133 127 
TEST 38 ARG:72 -117 -39 -211 199 -101 193 172 -242 -201 -238 97 -42 -95 -4 77 117 142 230 73 -70 -141 92 -234 16 164 -16 -160 170 173 43 149 -125 61 143 -69 51 -198 126 -81 103 -202 -239 -136 -23 224 -131 34 166 -33 141 94 -111 42 -84 -32 -167 -196 5 -144 -112 111 -219 159 -80 -214 157 -162 40 9 -168 -185 37 128 -223 -199 84 -221 -34 -222 -226 32 101 -178 249 -10 -215 -217 -108 -145 217 -59 39 64 -236 -52 -218 26 222 -176 -152 -72 93 -208 -78 -6 31 122 -183 -8 -98 227 -77 -37 58 -62 -2 132 4 -124 -50 -40 145 55 121 29 53 -150 76 0 91 -24 -106 -43 -156 151 221 233 232 -75 85 -91 -237 -79 74 205 -193 156 25 -212 -85 11 -130 -180 41 -26 -140 203 -96 -232 114 136 45 223 52 -205 -228 106 -210 38 -194 -57 13 12 -82 -44 -177 -206 225 102 -3 -36 -11 147 -164 -66 -246 27 162 228 -68 163 95 89 15 -47 212 165 234 243 155 -17 107 198 -225 -126 30 186 63 180 -179 174 68 59 -172 1 14 104 36 -88 -18 44 124 -245 144 -46 -55 -1 -158 -121 202 -138 -189 -139 226 -27 150 -127 83 209 -155 -100 -73 54 204 184 78 -132 10 123 -190 8 115 220 -165 69 148 169 216 -166 -12 120 24 -15 -227 -118 -30 48 190 -200 -41 -170 231 197 21 -122 -60 -92 201 -147 -153 244 56 171 2 -120 -248 181 -204 -187 -86 185 33 79 -53 -76 18 46 98 109 -240 154 67 108 248 -197 -233 -71 -48 112 -105 -109 -74 -135 238 -174 -154 177 187 246 -107 70 167 218 214 192 62 -181 196 50 195 49 -65 105 -58 139 99 119 -83 -230 153 -171 -89 -229 -169 235 -213 -244 -97 -224 152 207 188 47 -99 -7 206 -250 208 17 80 -235 -146 -13 71 -195 -114 -143 -159 200 -104 194 -51 211 -241 242 -87 90 137 -247 -186 -192 -123 -113 -64 23 245 -129 -90 135 237 -14 239 -203 82 -49 -25 -19 138 22 191 -102 -149 161 20 168 -110 -116 110 81 182 -29 -142 -22 -249 118 -54 -103 19 66 -61 -93 -119 88 -231 -173 113 -67 133 -38 -133 -128 -220 -216 28 -182 229 -45 130 -137 -5 -209 240 215 -161 178 210 -188 -9 96 -157 3 247 -31 236 -243 -35 125 213 175 131 -191 87 65 35 -134 160 -163 134 -148 -56 219 100 158 -184 -63 -151 129 7 75 -20 6 116 57 -94 -175 -207 60 189 -115 -28 179 183 127 176 86 -21 140 241 146 
TEST 39 ARG:-136 60 202 7 -78 242 147 57 -95 -7 -102 224 38 -33 193 -158 -89 220 -178 -55 175 150 -247 -17 113 54 72 230 -131 46 121 -154 177 212 167 -217 -121 -246 -42 -59 237 63 -24 28 206 12 -6 158 98 144 -1 112 -113 -204 133 -173 -172 -159 -130 -128 129 -126 -70 -181 -47 -236 -119 128 86 -168 -50 154 91 76 214 99 197 -202 176 137 95 -57 -125 -133 236 216 -98 -151 -233 -34 -51 -213 30 108 -76 164 83 66 -46 -137 16 27 -239 75 122 170 -145 110 -234 -169 -222 -156 181 -191 -188 249 -18 130 -111 -3 191 -108 -144 -235 -72 142 172 -85 101 59 -105 125 -100 223 -67 -82 -107 196 -165 -35 -25 -91 117 149 183 -99 -120 -177 49 -63 -71 226 234 -54 -175 169 71 227 243 62 166 160 155 -249 246 222 -52 34 47 3 145 -243 203 -80 -186 115 -20 235 -112 -187 -114 65 5 74 194 25 -30 -142 248 -15 143 -123 -185 178 131 231 -160 -44 -21 81 182 -106 -62 200 -229 106 -60 26 67 48 -45 21 163 -10 -203 39 141 -37 -92 132 15 120 -220 116 -53 18 -132 136 -190 93 23 209 -39 96 161 -122 90 -195 -14 233 241 -205 -74 -22 165 -146 -41 -193 -163 -61 -29 -180 -209 208 -166 13 -237 247 201 187 -155 24 33 51 213 199 238 87 17 -161 -5 -197 -23 -143 -231 204 -66 -238 186 9 2 -49 73 -96 -117 -4 -13 -218 69 -94 -207 -110 119 79 244 56 -118 195 232 -226 43 6 -104 239 173 -206 188 94 104 35 52 40 171 80 32 -87 -221 -140 -152 4 -139 103 -150 -116 114 153 -225 -184 245 111 118 -84 -68 205 -171 100 -11 -245 -174 -216 -86 85 -200 210 8 -43 -88 -201 44 -97 29 10 -90 168 -210 189 -240 -101 -83 41 229 -135 157 -196 109 68 -182 -162 152 -93 135 -232 -32 -64 -138 217 -224 -16 -208 -179 -81 42 -157 190 -12 -170 55 -56 -189 -219 31 139 211 123 -36 45 -134 140 -198 179 134 -77 184 -227 -176 88 -230 61 -164 174 -147 -115 148 -73 1 -167 -27 -65 20 97 218 102 162 19 -28 11 225 -223 22 -40 89 -141 84 -228 228 50 77 14 -194 198 -48 64 138 -192 -183 37 -69 -153 240 92 -214 151 159 127 -129 -149 -199 -26 -148 105 -248 -19 58 53 -215 126 -38 -2 219 180 -242 36 -31 215 0 -244 82 185 -9 221 -103 156 -127 -109 -58 -212 -79 192 207 146 -124 -241 -8 -75 78 124 -211 70 -250 107 
TEST 40 ARG:-132 -128 -202 179 97 96 -91 101 -240 -32 -58 -190 152 -234 -136 120 53 -177 28 -236 -34 74 75 26 -161 50 -93 80 70 90 118 198 214 52 -52 -23 -245 49 -114 -108 -25 -167 24 -21 210 -180 11 -56 -10 130 194 -131 -42 -196 42 88 -214 111 169 196 54 -122 -184 212 189 218 203 -247 61 -235 -66 -105 48 -46 -168 123 -81 171 -203 -163 -153 -192 -50 -59 -107 35 0 164 -166 -37 17 -22 32 -191 -71 178 73 -170 -51 -226 55 82 160 205 -144 92 -189 -24 -87 180 230 85 -146 139 86 58 40 100 -8 -218 158 181 -55 -119 -209 -145 -201 177 -70 -7 235 140 110 1 227 192 -2 144 127 9 -232 -102 188 83 103 231 -158 34 223 -244 -72 -175 -124 -9 21 -223 -237 240 -19 41 89 -248 147 -57 -27 79 -242 -94 -82 -77 -121 -48 -35 -152 245 -20 -65 249 -224 237 -100 119 248 226 206 62 229 -109 -160 -162 -60 66 51 195 -198 -222 -233 -45 -126 -200 -219 -115 -133 -101 200 -29 -211 -11 -225 68 -99 -139 38 215 141 -120 -79 13 10 217 -229 43 -150 63 202 128 -17 -67 -86 -187 -205 172 -250 -84 -193 -38 -96 37 -188 65 151 -138 -246 7 -220 133 -227 -149 146 201 -3 157 168 129 72 174 102 -117 161 77 116 175 132 71 14 153 114 -206 -185 -13 -18 208 -30 27 -130 81 -208 91 197 106 109 2 -68 220 -78 163 122 22 -97 76 59 -204 112 221 -15 -241 12 78 -151 84 -92 56 -127 159 95 -62 -173 124 247 236 185 -33 209 -228 137 -183 -44 204 -36 -239 47 187 15 183 -83 -103 107 -39 25 -230 -165 184 -135 131 -104 -181 -76 -95 44 87 225 -238 173 150 -63 -171 69 -243 199 99 -49 113 155 8 -28 -249 -159 186 126 -134 -148 -221 45 191 19 67 -212 104 -140 156 -125 -207 -210 238 134 -53 154 33 -217 -154 -89 138 -88 -69 125 228 -1 142 224 121 244 242 -64 222 36 -41 -73 162 -143 39 -169 -47 -164 3 211 93 -141 -26 -118 135 -231 241 -155 -5 143 145 -194 -213 165 30 -156 23 -106 -137 -4 233 234 -199 193 -12 -112 -98 170 -157 -116 46 -43 -40 -129 -110 -174 176 207 -142 -85 -216 -186 149 -215 -16 -74 5 4 115 -113 232 6 16 167 -195 57 148 29 216 108 -147 219 239 243 -178 98 64 -179 190 117 94 31 -54 -197 182 60 -182 246 213 18 -111 -80 136 -172 -6 -61 -123 166 -90 105 20 -31 -75 -14 -176 
TEST 41 ARG:-135 243 146 -93 -197 -16 209 90 -23 -224 -167 230 -236 -184 181 75 -5 -239 -43 83 -14 60 -144 59 -76 -106 -98 248 5 -142 72 -78 -94 55 186 -221 180 -147 36 -145 166 -38 191 241 188 129 49 -244 38 170 -235 -222 107 62 -148 111 -146 -109 199 96 -230 -140 -191 -248 -3 66 -79 -104 89 77 192 -73 212 194 -186 17 205 51 163 182 95 226 -110 67 98 -72 -234 -34 28 25 120 -31 41 -57 147 -89 125 -55 116 211 -214 -243 69 78 -8 201 31 190 203 239 159 -232 -128 -49 -175 103 -141 23 -160 214 19 -202 -74 -26 227 -120 10 -164 85 -217 -4 -233 20 -130 118 47 -227 -40 -216 43 193 -237 -212 217 -70 -51 18 58 -189 88 -45 225 -150 45 215 53 -137 -42 -108 113 173 70 207 0 -205 -46 112 -139 160 -44 219 138 -91 34 128 26 35 4 -250 142 161 15 132 174 220 -28 176 -33 33 145 57 148 224 61 -90 119 -151 117 27 99 -229 150 -228 218 233 115 -24 108 -11 11 -231 196 -2 102 131 -59 -165 -241 -196 221 236 -47 -166 -162 133 168 -179 -132 7 84 127 -152 134 210 172 244 -115 -67 126 -178 -158 14 -125 184 -66 63 -29 -201 54 68 -199 76 185 -210 -21 -7 -97 -133 -193 -83 -123 42 -68 -58 -18 -207 149 -187 235 204 -12 91 -156 -163 171 -195 -69 154 -64 158 -41 -124 -50 -20 105 -9 -54 -82 -174 3 48 86 -121 -25 74 -85 16 249 13 -75 206 101 8 30 -247 -111 -177 -116 -190 222 -136 -185 -117 -238 2 -53 22 -84 -17 164 9 -126 -154 240 -225 24 52 -169 234 -37 29 231 -226 213 -27 -182 242 151 153 -213 -157 175 -134 246 94 -30 152 -181 -114 121 56 64 -86 -131 -102 238 -96 223 92 32 -39 39 -223 110 81 135 -63 162 136 -155 -32 -99 -220 -176 93 187 -129 139 106 50 165 -171 -211 82 247 229 -215 -203 -218 97 21 104 -22 -153 -65 -149 -188 -208 -170 167 -161 -100 -119 12 237 -105 -87 1 -127 114 157 -242 130 143 -80 40 -62 195 -204 183 79 -6 -1 109 155 -101 -56 -168 -138 -92 -107 216 228 245 141 122 202 -209 44 -118 -172 -77 -48 -95 -200 46 177 200 169 -180 -245 -103 71 -206 -122 208 -246 80 -240 100 -249 -173 -159 -13 -60 -10 197 -194 140 -35 -183 73 -15 137 -81 123 189 198 -112 37 87 179 -198 65 6 -143 232 124 -19 178 -192 -113 -36 -71 -219 -61 144 -52 156 -88 
TEST 42 ARG:-249 -193 -114 90 45 -203 -16 -234 -59 126 108 201 -63 -187 -214 -238 -92 110 -90 57 -85 142 -186 -248 194 -97 247 -222 -177 -106 -58 184 -86 55 230 3 67 -39 7 15 -61 -93 87 -224 -236 -52 72 -107 128 61 147 -179 -31 99 75 -218 -5 159 -207 -2 213 185 219 202 84 146 95 -209 125 -134 234 -166 -136 -245 -168 66 -225 132 -131 70 -102 193 233 -9 -70 51 -202 -139 -53 83 98 -1 -77 129 -89 8 20 -32 85 103 -246 137 -103 74 -33 -184 -178 180 218 -141 -68 76 -66 -95 176 27 -226 -162 -205 -65 -69 -142 164 -232 -212 177 30 -137 -56 -19 208 -62 80 59 -210 -121 244 40 221 -104 157 -140 212 47 53 -99 138 10 29 113 -167 -247 -170 -171 -21 210 -219 188 195 -105 64 77 -54 23 -118 41 143 122 227 -152 -128 -242 -174 -181 -208 -125 -146 198 135 140 -24 71 56 -165 68 232 52 97 -150 141 229 203 166 -29 -243 -117 101 -227 148 175 1 241 33 217 240 172 162 -10 -200 -34 -79 4 -36 -173 192 82 -49 -78 161 -120 -37 21 169 -8 -4 -13 91 -230 -47 -135 190 -41 121 -147 -43 22 237 36 63 145 174 86 24 200 -148 -133 206 186 -155 -35 -55 -6 -159 167 171 182 48 -239 -11 150 173 134 225 -45 -42 -25 -130 -180 -175 187 -201 246 139 207 163 16 58 -206 -154 -101 189 94 123 -217 -151 116 -27 158 -46 -72 222 131 223 13 60 216 -149 231 -81 -195 165 -23 -18 28 -213 -188 -161 209 160 -48 12 181 -172 -145 -22 6 204 38 100 2 -67 -94 -111 -109 -7 -20 168 -119 149 -110 18 -12 -51 152 235 -216 -38 -204 -113 -87 238 -198 -83 96 -156 127 93 -138 106 151 239 211 114 191 178 183 117 245 -84 243 -196 -75 130 -98 -82 9 156 54 -26 92 118 -73 -215 -100 -14 -116 -50 -244 43 50 88 19 78 -40 249 -157 -115 -144 31 -183 -124 -158 -123 -17 -192 -3 39 -76 115 -30 -190 154 -15 65 44 -189 -153 -240 73 -194 111 -44 -199 215 170 -164 -221 -169 220 89 -231 228 112 196 236 119 35 34 5 197 -237 25 69 -88 -80 -241 242 153 -112 214 -176 124 42 107 14 11 226 -126 -129 -91 133 199 46 -60 -71 109 102 -211 0 26 -229 -132 -220 -185 105 37 -96 -182 -122 -64 79 62 -28 -228 104 248 32 224 -235 -57 -250 120 179 -197 -74 -108 49 81 205 -160 17 -223 136 -191 -143 -163 -127 -233 155 144 
TEST 43 ARG:154 -225 -214 -148 0 -5 120 -47 150 -93 194 89 -233 -239 176 1 119 25 193 41 247 15 58 -237 191 -91 -75 -102 44 168 -51 170 226 33 -204 -133 -162 -223 138 114 -97 177 -98 27 -40 148 -13 172 -155 -119 126 189 -229 -48 106 -170 -99 220 201 -138 -36 67 82 171 -192 30 46 -193 -117 -126 63 9 57 -141 -238 -160 -72 -123 206 48 -195 -234 173 87 -100 -14 -81 211 -241 -50 -240 45 -154 -191 94 -110 236 73 -20 51 -164 112 105 76 108 -8 -104 155 142 -187 249 54 -65 100 246 132 11 71 -134 99 128 80 -189 -156 -231 129 223 -85 -80 -217 -56 -166 -142 28 74 60 -161 -88 -29 -150 -144 -169 125 -57 -221 -172 104 66 -3 -109 204 -89 210 174 -182 -116 92 235 -69 14 64 -171 36 -11 -247 98 115 123 -181 4 -22 222 -33 -157 -205 26 -4 -227 -9 -44 -122 90 -121 -77 -183 -24 22 135 240 -232 5 200 198 196 239 39 169 130 -58 -244 35 205 243 -146 -194 -208 161 187 143 17 228 -95 91 110 -111 -236 -226 72 -137 -199 50 218 -112 -165 -21 221 -211 -201 227 -127 -68 -23 113 -113 162 -248 146 248 34 -224 -206 -176 -87 139 96 -17 140 18 -177 -27 20 -52 62 -101 127 95 83 217 157 134 -186 167 -139 -115 -132 231 -6 203 -220 151 47 -131 160 61 185 38 -173 122 -180 -61 184 19 233 7 209 16 -43 -31 86 230 -103 10 52 -185 -228 224 -159 145 40 -71 -19 -190 -202 -18 77 192 -83 -108 -197 31 178 -73 70 -246 117 238 152 -135 49 202 -45 -94 159 234 -218 183 -12 -76 -235 -149 -10 -130 -219 101 175 23 -49 -114 6 -136 -32 -125 232 -25 -79 -60 -15 -143 -46 147 -55 -67 -66 2 -28 -78 149 121 29 -167 -128 197 -245 207 213 164 -70 42 245 219 199 3 -120 -64 -16 -90 32 -151 -86 -96 -147 -59 88 56 -215 208 68 59 -158 -153 65 -124 -242 -178 -222 -216 -35 144 180 -249 158 103 136 181 137 -84 -230 -39 -38 214 141 78 118 -92 13 24 -129 237 55 -1 -152 153 93 133 -2 -175 229 -42 195 -107 212 8 244 -54 -37 84 81 -188 21 -7 12 -30 163 -106 -26 97 124 -212 -74 182 -53 -243 190 107 -63 -200 179 -210 -41 165 -209 215 -174 -198 -207 -213 225 53 85 -168 109 116 -105 75 131 -62 216 242 111 43 -82 -145 241 -118 188 37 166 -179 102 -196 186 -250 156 -34 -140 -163 -203 69 -184 79 
TEST 44 ARG:-17 -237 114 200 222 135 208 90 55 -61 -229 -15 16 -113 -115 141 203 -128 -156 -213 223 3 235 -187 205 -202 180 126 166 38 196 178 -217 240 204 202 -146 231 -27 185 93 176 -244 68 -22 -159 36 -56 152 111 -174 -142 132 20 182 -169 230 -231 6 -130 -95 104 -232 -168 -152 -138 -144 107 -23 -73 165 -245 63 -91 -74 168 -230 35 31 -31 -227 -222 -52 91 -240 -235 -71 -162 -81 15 110 -82 -196 -66 -63 -190 -108 247 -14 -48 177 228 17 33 136 -10 -102 49 78 -120 51 -164 238 -43 181 4 -176 -99 19 54 57 -32 125 108 -214 -89 71 -57 -236 -70 -121 150 -77 -171 211 50 96 -147 70 229 -225 224 158 -76 -4 52 148 12 117 -172 -6 -118 -182 118 220 -47 30 -88 -34 -241 122 127 -173 -36 124 -40 -84 -41 -158 92 -155 225 65 198 -143 39 245 48 -78 221 13 -198 -122 214 -94 -175 237 0 -50 173 159 -208 -154 -218 201 -219 164 -18 233 -28 -39 -109 -101 -72 244 -86 -53 -148 -25 -83 167 11 218 169 194 147 14 193 -149 -179 -145 171 1 -35 -33 9 -188 -42 -107 -131 162 62 -123 -20 236 -24 -97 73 156 212 -137 -51 131 -183 -157 149 188 -103 163 64 -186 -177 -110 -238 161 -11 -58 -62 59 109 -249 -246 47 143 -197 192 -9 -133 139 134 -64 -30 23 45 -26 -211 95 67 242 -239 74 -167 155 -67 248 -160 -124 -45 -7 18 -195 -242 213 -126 -87 27 246 128 -207 -191 -247 89 44 216 -161 113 43 -69 66 8 -226 183 232 -139 190 -185 -106 -134 -79 -199 133 121 206 -114 100 79 81 34 -165 -210 217 102 197 37 -68 -178 -189 -132 -2 29 -204 -29 53 -13 189 -248 98 -125 184 103 157 84 -127 97 -180 -98 -141 129 -93 41 140 -150 28 -129 160 -223 179 -163 72 -21 106 120 -221 56 130 88 142 241 -104 -166 -135 -205 -193 -192 -184 154 58 -19 -54 99 105 -206 145 -151 195 -112 -65 85 219 170 42 80 -37 234 -49 -16 -119 -92 101 46 -96 -228 115 -136 226 94 -216 10 -1 210 112 -181 -38 151 -55 -209 -243 2 -220 199 -250 60 -46 5 -12 227 -117 209 -233 -8 -224 191 -215 153 146 26 172 76 -59 243 87 -140 86 187 -201 144 -90 -153 -100 -60 239 24 -44 -170 -200 175 25 -75 32 61 -116 83 -234 215 21 69 -80 82 119 7 123 22 77 174 40 -111 186 75 138 116 249 -85 137 -5 -3 -212 -105 207 -203 -194 
TEST 45 ARG:-42 247 130 -112 -125 -148 14 18 -166 -14 159 104 -127 -227 -154 222 11 -206 124 -236 114 243 -176 213 96 -152 166 195 -230 142 173 -86 -187 75 16 60 -46 36 -184 221 -189 -237 80 89 193 -72 147 -229 25 -196 46 -103 134 -97 -170 -217 192 -9 156 -133 40 157 -135 224 -39 106 -158 184 230 -33 246 -80 170 151 109 146 103 -188 37 -165 -4 105 -10 -78 -12 21 197 -212 67 -218 -179 10 -31 49 61 -105 -115 -200 -194 -146 138 171 -190 34 -43 -95 199 240 -222 116 93 -169 -193 188 241 32 -106 -242 -168 248 -178 111 83 22 -220 -66 -58 -121 220 -139 76 -186 39 194 -183 28 78 -25 -192 -71 -159 174 -92 187 -5 -144 -140 -131 95 101 -163 -91 26 -69 239 52 -162 205 -224 163 2 233 158 -216 -164 162 3 -128 -213 -145 -49 137 -172 -15 15 225 -201 -150 23 -73 140 -104 -244 -215 237 128 -98 -197 -141 -203 -101 161 201 68 223 48 120 100 98 -249 113 85 -137 143 -109 216 127 99 69 107 -17 -171 155 47 235 -79 5 115 24 164 57 191 41 -225 -22 1 211 -36 242 -40 -221 -76 55 -94 -180 -151 -205 232 65 58 33 81 135 119 136 -232 -248 144 154 118 131 -59 -88 -93 -149 -235 167 17 -70 210 129 -51 -52 -1 -123 185 160 -160 -161 -199 209 66 204 108 -28 181 -143 29 -74 -181 152 -234 13 -35 97 79 228 -75 74 236 -241 12 177 226 -96 20 6 123 -81 -129 -208 -83 214 84 -126 53 182 168 178 -108 0 -175 -38 -130 31 -233 -19 202 -219 -173 -238 -110 86 122 117 -62 -100 -156 176 -239 -56 42 206 -3 70 212 50 234 -122 -41 -65 -54 -247 169 -124 -157 -142 19 207 249 -47 -67 -204 -77 4 238 45 203 245 153 -82 -174 -90 -185 145 175 -99 200 43 -84 219 126 -111 -6 62 149 -63 102 125 -211 -231 -85 -23 -210 -16 -89 64 -24 179 -53 -182 227 229 94 148 133 90 38 91 -27 59 -7 -153 51 -202 110 71 141 92 -138 30 -32 -107 244 77 -44 -50 -243 73 -37 7 208 -87 -191 27 -155 72 -118 -55 -214 -198 196 -116 8 -134 88 -195 -240 217 -113 -114 -120 183 180 -245 -60 -246 35 150 87 63 121 -68 -29 190 -132 -117 -48 218 -136 231 -167 82 -228 -26 -13 -102 198 -21 172 -119 -20 -147 -45 189 -57 165 139 -8 -177 54 9 132 -207 -250 -2 112 -34 -209 215 -64 -18 44 56 -11 -223 -61 -30 -226 186 
TEST 46 ARG:97 58 -123 -232 -146 135 39 238 96 121 219 223 171 170 -100 200 79 215 -155 -210 -95 -49 -117 -136 9 -166 182 233 -198 -43 -223 159 -227 -188 192 206 129 239 -57 174 -229 -122 42 50 -74 0 -211 -29 190 -245 -17 180 67 -217 62 48 110 35 -41 -92 -247 -235 -228 -68 -197 -205 -154 61 -19 127 191 80 -35 91 -248 -147 -98 -73 -192 88 152 -242 45 154 198 40 201 100 -77 -169 161 247 -76 -108 -111 227 -219 213 -139 116 217 75 -69 144 -79 149 -149 210 -209 -8 43 -70 145 24 -196 -107 177 131 173 235 -199 -64 -172 -212 -27 -33 -51 -26 38 -82 -215 28 -204 -226 -11 -99 -224 -48 51 185 -184 -113 -190 -159 -175 81 90 44 165 -202 204 -240 147 1 14 -71 125 -75 33 -20 112 -129 -15 -45 172 119 -55 52 93 -102 226 10 -246 -83 34 236 98 -24 60 220 -59 205 83 140 249 151 -97 -103 -220 -231 74 73 -12 193 -144 -207 32 -96 103 -50 -160 146 169 126 -168 178 -120 -133 184 241 142 18 47 65 -28 -195 175 197 194 94 -140 228 -90 82 -52 231 36 -87 -179 -151 -81 -153 -185 -106 137 -148 92 -109 117 -9 108 -203 105 183 56 237 -201 -114 -238 27 118 120 -124 -157 7 26 -85 245 232 130 72 -173 -176 17 -32 -10 -152 132 -4 216 6 -66 -163 66 -39 -126 -156 29 139 4 84 -165 138 -189 141 -119 -61 70 123 -143 23 64 20 -194 -86 -34 12 111 46 -56 -134 114 160 41 -233 -25 11 77 196 -47 59 69 -65 115 -135 89 244 162 -60 -78 19 164 224 107 211 -112 221 -67 31 53 124 -53 -164 -14 -16 -101 -158 -132 157 -186 -170 -213 85 -84 -5 -6 5 -161 -250 -243 102 57 -38 143 76 -214 -182 -46 187 71 179 -80 109 -236 207 -141 68 188 -218 30 87 -249 95 -93 -171 -225 -3 -200 230 54 212 156 -239 133 -62 214 -63 122 55 189 -121 225 -183 -110 22 37 176 158 -127 -23 -244 168 166 106 128 -44 -30 16 -91 -177 -206 155 2 240 86 49 -216 -115 150 -150 104 99 -130 163 21 -54 -193 -191 243 3 203 248 -118 229 -125 218 199 -222 -138 -40 209 -167 -72 -88 -116 -230 -7 195 -234 25 -237 -94 148 113 136 -128 -241 -208 -36 -18 -142 13 -105 -1 -104 78 -13 -162 -42 -58 153 101 222 -131 -2 167 8 186 -137 208 -180 -37 -181 -22 234 -145 -174 -178 246 -89 134 181 -21 -31 -187 202 15 -221 242 63 
TEST 47 ARG:56 -226 246 -124 -89 44 145 -44 6 -74 -87 191 170 -131 152 176 -56 -230 -152 -199 222 2 -48 -52 -27 -173 26 -167 228 -224 50 -4 -158 161 -46 -61 -135 -86 -157 -93 -63 122 -133 209 -153 45 -3 -36 -22 -32 -227 -60 217 -23 -98 131 116 -120 -176 43 76 -185 169 -45 215 33 230 -21 198 -221 187 149 -47 104 72 -125 248 -149 -117 -75 108 54 -190 41 -118 64 155 -73 227 -5 59 213 55 -37 93 -57 -40 183 211 47 48 -42 -194 179 -162 -141 -122 67 200 -156 -9 168 60 90 203 82 30 68 132 165 166 -179 -113 42 -71 -213 241 -31 232 138 -191 -24 129 -201 94 15 73 -84 65 87 223 92 -68 101 -208 14 151 188 118 -147 115 -170 1 28 -239 242 -83 63 -150 -77 -107 -210 -59 -85 -104 196 -80 212 -53 -15 103 -217 74 -151 -178 153 -121 113 -163 -139 -72 -30 -103 -115 31 -172 88 -130 146 -205 -66 24 -209 205 -106 -76 -94 121 123 110 120 160 -99 245 -206 -136 239 10 -25 -212 218 -70 -8 156 32 7 -143 22 20 37 235 -127 210 -231 137 -250 -90 -119 -82 3 -50 -6 207 89 134 52 173 -238 -96 -222 13 -28 -7 178 -19 -216 -218 -41 190 -232 -95 -196 66 5 -182 23 247 111 58 34 -237 130 175 -11 46 38 -240 185 97 167 -193 -65 164 -49 -204 -187 -202 51 141 8 -244 -223 202 -67 186 206 16 11 102 192 157 -112 69 -92 -111 -155 216 85 -214 184 244 -10 189 -154 238 195 -177 -140 -165 199 -174 100 21 -164 158 -189 193 0 177 -138 -100 -132 71 105 95 236 194 114 96 -128 231 35 -184 62 117 -14 12 9 159 -180 214 -58 -13 -26 172 124 -137 -241 127 144 -148 154 -78 -88 147 -233 221 -246 -102 142 -142 148 109 -166 119 -197 -159 -97 -105 -220 -39 106 182 204 49 -207 -29 107 19 -248 163 233 174 220 -145 133 -175 -35 57 -215 -34 -116 -169 -16 -247 -1 126 -181 229 -79 -183 -160 29 39 -33 -101 226 -186 -234 -62 224 -55 -228 162 -245 70 -200 -54 -219 -243 -242 -69 208 -161 219 -20 -43 -134 -108 81 128 -203 -198 -188 -114 -38 225 -192 36 234 -81 99 79 -18 -91 -51 -146 -2 61 112 125 -110 -229 78 -171 243 17 136 -195 75 237 4 180 -126 -236 143 -235 40 83 -123 181 171 86 -225 135 -129 -17 249 -249 -109 27 201 -64 150 -144 25 80 240 91 77 197 53 -12 139 140 84 -211 -168 18 98 
TEST 48 ARG:202 2 -120 215 -124 -163 137 -159 -96 33 -138 108 196 69 68 10 -200 66 26 168 106 102 -152 115 55 -209 236 219 238 103 191 -72 226 -186 -201 -199 -242 163 -24 -119 99 -89 -154 -64 123 -179 -92 -141 -188 -27 167 49 91 -59 132 -136 -215 143 140 24 -153 249 -226 126 -181 -97 138 -76 185 -99 -104 -177 -135 122 44 180 77 -169 154 -151 -244 -239 -189 119 -41 179 -232 -227 -93 -32 -161 120 192 161 -75 -49 -84 -171 152 109 75 -60 -160 -128 -230 -111 118 -145 139 201 -121 -73 198 194 -180 76 6 239 -222 -144 228 -52 171 79 112 61 -183 -234 -231 -36 -44 -197 -15 45 17 -149 72 217 8 -30 128 235 242 133 -134 -211 -54 71 147 -1 208 -12 105 223 85 -74 -38 -105 204 209 54 -223 181 -56 -112 -22 -51 19 -2 -25 233 173 224 -69 20 80 53 70 -196 -243 -67 165 -83 206 -207 -247 245 60 -86 -113 -95 193 146 130 12 148 111 220 -220 -101 0 -182 -62 -198 -28 248 29 84 129 -16 243 -241 -202 89 -23 187 164 -37 131 142 -66 -165 -229 234 -13 -107 51 247 -193 -130 -213 39 47 -8 178 -65 116 96 -237 87 -132 184 -191 230 -218 125 73 -147 100 11 -5 -221 199 81 56 104 229 -9 40 216 92 188 4 237 211 3 -4 23 90 67 175 222 241 50 189 135 1 -195 -33 14 -116 86 -58 182 -219 -240 -131 -115 -117 -157 93 174 -100 221 15 114 32 110 -173 162 212 170 -142 158 141 -235 213 -94 176 42 94 -42 -43 -236 21 -118 9 -26 190 197 -174 -133 63 -148 -125 -88 78 153 -108 -31 -11 -217 -102 82 157 -126 -10 -245 -40 200 -185 203 95 -18 31 -166 -47 231 -172 101 37 -21 107 -210 232 -137 -82 -140 240 -225 -85 -146 -39 227 83 -216 25 -228 -71 -122 186 183 -7 -246 -91 -53 214 121 43 -103 7 -19 41 36 -205 -68 244 218 -203 -187 -143 -20 127 -127 13 65 -78 38 205 18 246 64 -79 -35 177 -57 88 -170 48 -123 97 27 166 16 134 -114 -61 -224 22 59 -81 28 -156 144 -250 155 172 -55 -208 159 -214 -90 -50 -206 117 34 169 -77 74 -48 160 -14 -168 -70 -175 124 -238 98 -190 210 52 -17 58 -3 -192 -150 -46 151 35 -80 62 -162 -248 -45 195 150 -204 -34 46 -106 -87 -178 225 -139 -98 -158 -194 -167 -184 113 156 -212 -6 30 57 -249 207 136 149 -29 145 -176 -129 -233 -110 5 -109 -155 -63 -164 
TEST 49 ARG:-66 -95 13 220 -139 -124 25 -8 -4 -193 198 -160 56 -115 -29 -50 -91 226 238 179 -133 -191 100 -184 -237 127 -190 17 15 83 97 -192 -194 92 -175 -129 -74 225 -117 -157 -85 84 -207 -185 -215 -102 123 191 240 -7 -245 158 181 -14 74 202 41 138 -13 -145 108 233 212 -177 161 145 192 215 3 35 72 89 -24 241 114 186 2 1 178 53 -231 174 -161 54 55 146 148 -123 -216 195 -26 21 -220 167 -6 137 44 228 37 -84 -55 -20 45 -138 249 118 29 103 139 90 -140 160 80 -53 149 190 62 172 223 111 157 213 -128 143 -229 -130 187 180 -126 113 106 197 81 -120 -59 -183 73 243 -223 153 -27 -240 -90 -202 -88 -70 -197 -46 216 -180 -104 -40 165 -203 -98 117 -213 -170 -65 -25 -132 -152 59 -34 -18 -164 119 159 104 126 217 -121 176 185 -250 65 130 -87 -219 -201 211 -198 40 7 242 -112 175 -232 -45 -33 61 -72 32 63 -156 -111 70 -89 -69 -144 -135 -131 -36 -136 -28 -221 -134 222 246 171 -141 218 -62 -60 -107 -37 101 28 -17 -21 49 -137 -79 79 -149 57 -158 151 140 -49 -143 88 247 -5 -30 -173 -163 201 152 -236 196 -94 96 46 168 166 -226 85 128 102 42 -48 136 230 199 -15 -227 147 -234 -242 10 -230 68 19 -159 48 -39 110 -148 207 -82 134 43 205 125 38 173 98 -119 -127 -41 142 26 237 122 170 129 164 -109 -168 51 -96 75 -73 150 -182 -113 -10 -246 -114 -35 91 71 -195 -43 -210 -247 -47 95 -80 -110 -63 -179 131 6 234 -178 33 -150 36 -78 -166 236 -169 -71 -1 -76 47 144 112 162 239 78 -235 -239 -228 -99 -38 -200 -61 -100 18 214 115 155 -16 -153 -105 -3 -172 121 193 203 -57 -155 82 229 20 -103 194 31 -92 221 76 23 -75 244 208 -187 -116 219 -81 -233 -54 -86 87 -122 0 -19 64 -22 -165 -67 30 -225 -211 11 -77 200 -248 132 -151 245 -101 -208 248 105 -147 -204 154 184 4 -106 52 39 156 34 99 -142 -118 210 77 -174 -222 -11 24 5 231 -217 -199 -243 -31 -214 66 -97 16 120 -52 -93 -58 -2 135 163 -56 -241 22 -218 -171 133 -181 -249 -64 169 58 177 60 183 206 -68 109 93 -146 -209 -205 -108 27 -32 141 -212 -167 -125 86 235 -206 -196 -238 -51 -12 224 8 107 -154 188 124 -176 -162 116 69 50 -83 -44 -23 94 -186 232 204 -188 -42 14 189 9 -9 -189 -244 12 182 209 -224 227 67 
TEST 50 ARG:-174 -223 -22 20 -2 245 -133 -154 -231 184 171 -203 136 -150 -162 -169 154 -34 46 229 -31 -248 203 180 60 -35 214 -220 -170 38 141 193 -221 37 -111 -142 111 13 -52 -247 247 51 237 31 -62 73 33 137 -76 -194 -192 -110 -84 -234 -208 93 121 -64 209 249 162 71 211 -48 113 236 163 175 11 103 55 116 -212 -250 134 76 -224 -16 -100 -8 -179 179 40 -196 85 244 12 219 54 -18 -11 -141 -50 -143 -129 147 -155 -136 127 23 -175 78 190 -104 188 178 -10 152 -55 45 25 -58 207 -229 -225 9 72 -40 -205 -73 218 164 30 204 242 0 156 -226 -240 243 226 -83 -71 205 210 42 240 -180 -216 -66 -98 165 18 -89 202 -177 -70 -153 149 -152 48 -135 -238 -5 -115 192 246 86 -161 133 -168 74 -72 -25 221 100 63 159 -51 155 138 99 -139 -3 80 49 39 -217 110 -199 -222 10 140 -20 -14 94 -131 199 26 -160 200 182 216 -191 14 198 -118 -102 -60 90 131 -124 59 114 -116 144 -190 -202 15 223 -56 -157 -186 -137 -187 -32 -27 -29 118 135 170 -211 5 160 195 -61 -33 87 -99 150 -184 -209 -121 -144 -92 119 -90 212 -43 -149 174 7 -75 2 115 107 -242 104 -126 -28 225 -4 -57 168 197 148 -200 -13 -17 191 -227 66 196 36 -112 50 77 -183 -86 -148 98 -44 -101 -21 65 -219 -125 -1 130 97 -244 52 24 91 -232 61 -235 57 241 238 151 -36 -12 213 208 6 1 -108 -197 -81 215 -138 -120 -95 233 -245 29 -74 129 4 -151 124 41 -213 146 -119 112 -19 217 28 -68 82 -46 44 166 -215 161 186 -158 -122 125 120 232 -123 -106 -97 -59 17 231 -181 34 158 68 -188 -207 -218 -147 -241 -41 153 -96 84 -130 -53 -127 75 -42 -105 -109 -145 230 -65 3 106 123 67 43 -206 194 64 79 -39 -228 176 201 167 132 -246 -69 -164 -134 220 -15 -230 -214 27 88 -26 22 -93 89 83 -210 -67 128 173 19 157 -94 169 -171 102 101 -54 -23 -114 -107 117 -91 -82 21 -195 -236 206 145 96 177 234 -173 -37 -132 248 -77 -156 32 -185 -204 -6 108 58 -117 -182 185 -87 -159 -198 -30 95 -103 -146 56 -166 228 -239 -47 -79 189 8 -189 53 -249 -80 -45 -165 -85 92 181 172 -237 -9 143 35 -128 -63 -176 70 69 -243 47 -163 239 187 81 224 -178 -78 222 -201 -140 227 62 109 -7 -38 -172 105 139 183 235 -233 -167 -49 122 -24 142 -193 16 -88 126 -113 
TEST 51 ARG:220 -220 157 44 -120 242 -170 -198 118 120 -104 -248 49 -83 172 -112 -123 -54 228 -204 -128 -69 143 101 232 -74 -127 127 -75 -249 57 189 -135 84 114 -138 134 163 154 215 -211 241 -201 123 -101 73 -230 -103 -141 20 16 125 -122 145 -23 -243 -65 191 79 151 103 112 -21 40 67 -139 -119 -15 59 60 75 -55 -159 -45 17 77 -7 -121 88 98 -84 -92 -236 175 -10 207 -22 -186 -86 63 192 178 -4 85 92 -125 183 -189 10 240 -114 74 2 244 115 52 -161 95 -98 32 -234 198 -150 236 80 -183 47 122 111 -214 -43 23 6 -199 190 -149 83 -71 -24 18 45 35 -108 27 -173 -225 -147 144 100 131 -195 208 -200 177 185 -39 -40 -250 -191 -12 186 -47 -146 28 -163 51 -143 133 -115 167 116 181 -73 139 153 -34 -131 21 -16 126 -38 -19 160 64 140 -41 158 -26 176 96 209 -46 69 224 54 117 223 210 68 -182 -240 13 162 199 227 -31 56 137 132 71 245 -66 -153 -221 -229 239 202 -87 -181 136 -20 -196 -113 29 -213 -136 226 -76 -107 217 -207 -194 164 50 -247 -118 25 201 24 130 168 0 -134 -56 53 -162 174 -11 -218 -28 -184 55 -53 22 -58 -205 14 205 -42 58 225 233 34 -57 -217 -203 -3 161 -109 -175 141 -148 150 -206 206 173 97 -89 129 11 -91 179 -17 -49 102 -51 -188 72 243 -242 -133 196 -132 187 -171 214 46 249 105 -99 -168 -235 -216 171 99 193 -231 195 -111 -70 5 -32 90 142 -130 -190 238 -110 -180 204 -166 -215 -222 -95 -63 -202 110 -102 -9 -124 -37 152 -33 -2 247 -224 237 37 148 113 61 -241 -25 106 43 26 -116 -68 -30 128 149 165 -210 159 -187 -48 -100 -164 -192 216 -245 138 -160 212 -144 -81 -93 -155 146 -126 -244 48 -79 -96 147 -5 -50 -177 -209 155 -62 -6 119 -80 -52 30 -167 39 166 76 65 156 94 234 -219 -1 -176 -61 180 -156 33 -157 -151 -129 -239 218 107 170 -174 248 15 -145 -117 -67 -44 -237 -165 235 31 78 -72 66 -223 -140 -238 3 135 12 -36 36 -13 246 124 -90 9 -137 -185 194 42 38 4 197 188 -193 230 -154 184 81 -78 169 -246 -172 -88 -233 -29 -85 121 -197 93 1 -142 -94 229 82 -158 221 86 -59 219 19 -228 70 108 200 -77 104 213 91 -169 62 -208 -64 -179 231 -97 211 -8 -105 -35 89 -82 -18 87 41 -226 -178 -232 7 203 -152 -227 -106 -212 8 109 -14 -60 182 -27 222 
TEST 52 ARG:-56 165 -49 -155 -182 -91 -194 22 -110 -14 -222 -2 -99 -109 -51 -58 -210 -45 181 123 44 27 196 184 214 -32 159 180 158 -221 230 145 -234 -207 208 -15 -43 33 79 -93 -123 -148 83 30 61 67 105 122 46 -165 -120 -84 195 -98 -134 -128 -118 -242 -9 -201 -130 51 -52 113 -166 -50 26 -69 -107 226 -61 32 -168 143 -39 -73 -21 -26 -223 62 -213 149 218 -180 -141 -157 -215 81 201 104 39 -140 223 -137 126 -176 212 127 -146 -235 -193 74 -229 77 157 68 10 -216 121 12 217 78 80 42 231 150 -66 88 -232 -17 -152 106 236 95 -161 -224 59 -95 108 24 25 -29 -44 163 15 177 71 -185 -246 248 228 -121 -114 120 -88 205 -41 -202 -206 49 -10 -217 -33 -59 224 -143 -177 -1 102 69 85 241 -74 222 -160 142 185 -153 -80 191 -89 -53 131 227 240 99 140 -138 -173 7 -31 11 -203 -85 -129 -62 194 -191 -48 -178 -18 200 -230 89 -60 -188 192 211 111 -87 215 107 1 189 45 -239 -127 225 110 -82 245 -167 -192 19 -3 -113 14 187 202 98 17 -90 138 -225 -42 2 -212 -55 176 37 -228 96 -13 35 101 -190 -119 -117 249 -24 -116 -218 18 94 6 -38 -244 -46 100 -238 -226 -198 147 117 -71 172 243 125 174 -104 203 -36 173 -77 178 -27 -132 -40 216 170 136 -249 -108 76 90 144 -23 -220 43 -150 -25 -126 82 116 237 -135 153 -81 -227 -106 -169 92 114 -7 -164 -103 141 21 207 232 168 199 -189 238 0 -79 -175 -67 -11 -12 -72 3 -70 -196 -30 160 133 4 97 73 -159 -96 56 -162 -156 -184 146 -111 -64 -28 31 155 169 -124 -236 -219 93 244 -19 190 175 219 -248 -172 -187 70 239 -76 -115 129 66 -75 -136 103 206 -97 34 166 -195 -94 -125 135 29 -243 -142 75 -208 23 124 -20 72 -4 -240 183 -211 65 209 40 48 242 -16 188 156 213 137 233 182 -181 167 -86 -5 171 -145 154 -47 164 161 -247 210 -139 204 -233 -205 20 -92 -163 91 86 148 41 64 109 -245 -100 -83 234 -183 8 84 -57 -65 53 115 198 246 197 151 5 162 -34 -197 -149 -147 229 -35 -231 47 -101 112 52 -204 36 118 54 58 132 38 50 60 235 221 -122 -6 -102 -131 55 28 130 186 -170 -105 179 193 -63 13 152 -144 -37 -241 -199 16 -158 -174 -250 -171 119 63 -78 139 -22 -8 -200 9 -112 -154 -214 -133 -68 134 -151 -179 -237 -209 87 57 220 -186 247 -54 128 
TEST 53 ARG:-199 180 201 -123 21 -95 196 46 -2 51 138 -184 -106 188 -26 25 94 130 210 59 -107 -67 -155 -132 72 0 -209 30 97 -47 237 -76 -125 -232 16 95 -189 -169 63 203 -24 76 90 118 171 -210 43 -200 -126 -235 91 -80 31 189 -108 187 220 -34 -187 124 154 -66 235 -230 140 191 141 -222 -103 -175 128 168 -84 40 -182 8 -75 87 -10 200 184 134 240 -180 236 225 -51 -203 229 -170 45 -190 35 197 -139 104 -68 12 -197 -223 248 14 212 158 160 83 -225 75 -101 204 -56 174 147 -163 -91 -42 -113 36 -55 -8 122 -234 116 50 88 157 -111 106 -120 -50 11 32 -198 -4 -39 -18 -102 -241 86 186 161 89 120 -118 -90 71 -147 -202 219 -142 -78 192 226 102 69 -136 207 126 145 227 -72 -17 -233 -153 -37 233 -135 -45 -185 -73 68 121 172 -20 -100 -22 111 194 -220 -145 -54 -5 -92 175 -133 -165 3 -166 -229 176 -38 132 28 -74 80 162 208 -226 -81 238 170 24 -168 159 143 -88 113 241 33 107 103 100 -239 -61 -224 -217 -94 -144 82 -211 38 224 -205 27 133 183 -82 -32 115 146 206 -121 -137 152 242 -188 214 209 -231 181 -35 85 -44 -29 125 -149 -172 54 249 112 -128 -63 2 -216 -201 -167 234 -25 -79 -152 215 -99 -9 178 -58 239 -178 167 -159 195 142 -245 -122 247 -193 37 156 -243 9 62 -218 -151 123 164 -1 -246 -174 231 67 150 -109 137 -110 66 198 149 101 -228 -130 61 55 60 -221 74 -15 211 -48 -214 131 -60 56 -33 -105 213 -237 19 -116 -208 -70 -40 243 -98 -52 -3 136 -154 135 -12 155 -238 190 -14 29 185 -207 129 216 84 109 -140 -97 -93 182 13 -124 15 4 153 -41 73 -129 -49 144 53 -11 -64 70 114 -119 52 127 -131 -204 -23 -86 151 217 92 -138 39 -158 6 -43 -69 -77 -248 -28 -227 -186 166 57 49 58 -6 -196 -156 -141 -250 -191 -242 5 93 117 65 -46 42 -65 -30 -27 169 -212 -7 199 41 48 -219 218 96 245 -127 -114 -115 -71 20 -112 221 244 246 -177 99 -62 -21 -194 -83 110 202 81 7 -89 223 98 179 -171 22 163 -179 -104 -244 78 23 -143 -249 10 -164 -240 -173 1 -16 -157 -161 -85 47 222 -247 -236 -148 173 -206 -183 205 -134 -13 17 -57 108 34 -53 -117 -195 177 -176 -31 79 -192 44 165 -150 232 77 193 -96 228 -181 -59 139 64 -215 -146 -36 18 -213 -19 105 -87 119 -162 230 26 -160 148 
TEST 54 ARG:32 -172 -68 62 228 18 86 -147 113 227 -28 219 240 -72 -30 -51 143 218 116 237 44 -7 -170 -212 177 -98 -142 105 -182 -143 123 -94 192 -2 133 -140 -157 201 191 -70 -132 159 121 -42 -124 -87 26 -108 6 -111 -114 -81 81 89 247 -103 -204 82 -173 78 199 171 24 -240 -167 243 -4 193 -200 230 -73 59 200 68 145 -122 70 -107 -233 4 43 146 107 95 -64 -118 226 -90 -75 -177 110 36 214 -227 42 131 129 -110 22 236 168 -152 1 65 49 183 152 53 -14 120 -8 186 229 90 184 23 -89 242 -109 -33 161 154 -249 -71 -9 -95 76 -74 27 -247 157 -120 -54 213 -85 144 -224 163 -41 -56 51 -49 181 101 138 150 88 -156 -29 -20 -1 -136 63 -38 -86 -27 -148 -112 -195 11 234 20 16 38 -101 140 -105 112 -82 -162 69 210 235 31 -10 248 46 -153 151 -238 -59 187 -18 73 -229 67 147 -186 -77 -96 -231 -196 196 179 233 141 -25 212 -174 -188 -32 137 180 216 142 -126 -207 -66 -181 -79 211 -23 40 162 -3 -193 -48 -164 54 -161 221 -183 -219 222 -139 245 -221 -127 134 231 -160 -154 -198 160 153 -184 -203 2 -179 34 223 244 -60 -141 -163 -116 -242 238 3 -180 106 -78 -92 -144 205 91 66 206 74 202 185 -63 241 85 -158 -171 111 182 -31 -190 -17 -232 -125 9 -130 -104 -99 100 165 -117 -128 98 -209 128 208 -35 -192 0 -39 -208 41 12 115 -237 103 -239 209 118 169 45 -138 -34 172 -113 -151 72 -123 104 -218 139 188 225 108 207 -206 -80 125 -65 39 15 52 167 220 92 -83 -245 -197 -215 94 119 -155 87 99 -176 109 61 117 -91 -12 173 -175 178 -248 -93 -214 232 57 -168 -243 -84 -211 189 33 -213 28 -234 -53 17 -166 -36 79 29 132 -37 204 7 -223 149 -88 175 176 -225 60 -76 249 -16 -22 114 -199 -244 -43 -62 -222 35 203 -246 122 13 148 -45 30 -187 48 -201 -210 127 77 174 124 -13 37 -100 -159 158 50 136 -217 56 -250 21 -97 197 -194 -21 47 -61 -134 25 5 96 80 -67 -165 -202 -169 8 166 75 -220 -50 224 -24 -146 170 -5 19 195 215 155 164 -119 -46 217 64 -191 135 102 -216 -133 -149 -137 -185 -55 -226 -205 71 -106 -228 -58 -145 194 -230 -69 93 97 126 -121 -189 -57 -44 -52 -6 130 -11 -236 239 -115 -40 -135 10 -47 -235 55 -19 246 -129 -26 -178 14 84 83 -241 156 190 -15 -102 -131 58 -150 198 
TEST 55 ARG:117 202 -231 68 -194 -7 136 143 53 -203 227 -21 161 -86 -200 185 -50 183 80 234 -232 -69 156 -154 -227 81 222 237 -19 -93 -109 207 26 219 -237 73 174 241 -225 119 -24 -201 -17 -111 19 2 135 -157 -57 78 -150 -67 -166 126 -58 58 186 -18 247 -195 -139 5 38 194 -177 -152 -51 -140 -47 -168 98 115 199 129 139 -30 70 10 108 13 -12 -82 -10 192 -71 130 49 116 138 106 -217 -219 -95 48 -88 -126 242 -80 64 131 -174 -118 41 -121 -197 -188 105 -202 189 -247 246 -130 -104 79 -159 163 -36 32 220 238 -41 -38 -40 107 85 -125 122 123 248 -192 65 7 -23 169 66 -205 -236 -216 -43 -127 88 132 -229 -241 1 -204 51 -48 -190 6 -92 -25 153 193 -70 -167 164 -170 -131 -61 82 34 12 -14 228 235 201 -65 208 -4 -183 -117 -32 -102 180 111 170 198 151 -2 -100 -55 178 -34 216 -72 -214 -221 21 -242 -1 -245 112 217 214 -73 159 177 75 35 -171 97 215 -175 -39 -172 -129 -248 87 61 -42 30 162 -52 63 62 86 118 -144 -179 69 184 243 -81 -68 239 -87 -122 39 18 125 -176 -16 72 47 187 94 -53 -31 -90 -212 171 96 -13 59 36 -76 200 27 -60 -169 9 127 -147 110 -59 -6 99 -153 221 -110 191 141 84 -156 -101 -226 -163 100 -164 55 90 203 25 -85 -180 -44 3 -136 -74 -29 -37 245 -84 -22 168 44 124 249 57 -158 166 218 109 46 150 14 8 -220 179 196 114 154 -54 -243 20 -108 4 -49 43 -120 205 -112 17 -146 142 -249 104 -115 -198 -223 74 -182 67 -8 -238 16 -145 144 -187 -210 148 211 -11 -56 -211 92 37 -222 160 173 -151 -20 -123 -119 103 -103 -239 158 -105 -135 -149 128 213 -5 -181 229 206 -161 157 33 182 56 -235 134 155 -28 120 -233 -213 -114 212 -165 -196 -3 232 223 113 -83 -91 -185 -148 -77 40 -132 244 176 -62 -234 15 147 -107 231 -27 52 133 -250 -244 60 -138 181 83 -191 188 -206 -246 145 -209 50 -33 -97 -207 -186 -189 175 23 -218 -45 240 -113 140 197 -193 172 225 -75 95 93 -230 29 -66 226 -35 -155 77 71 -15 167 -184 -137 89 0 -26 -134 -173 -143 190 -141 233 209 -124 -96 31 146 -46 204 24 -99 -160 -162 195 -64 121 -9 101 -199 -178 45 102 236 137 11 -215 230 152 -240 224 210 -89 54 -116 42 -228 -78 149 -142 -98 -224 -79 -128 -94 91 28 76 -106 -208 22 165 -63 -133 
TEST 56 ARG:-40 159 13 -139 198 130 6 49 -226 -110 -231 93 -44 -89 23 119 -46 -99 -2 -180 -164 149 32 60 54 86 -82 -152 78 126 -105 107 -230 174 36 104 -58 -155 118 160 46 -242 -240 -98 89 -107 7 148 11 113 -171 220 210 -218 183 -22 -166 -158 -102 -173 -222 1 39 248 112 56 44 153 189 77 -232 202 145 5 30 171 -11 -210 -149 138 131 213 164 -187 55 59 -63 -215 -138 197 157 -160 -132 82 115 71 -194 -21 -170 66 -167 -55 -214 -8 236 -142 -49 -75 221 -137 63 -124 -117 117 -195 -47 -248 -115 68 -243 -64 -109 -95 -247 110 -15 -204 62 -120 -91 37 195 -37 94 -216 219 -59 103 -45 188 -52 182 120 175 -201 70 121 247 -154 235 -97 170 -206 58 -207 -119 -233 185 150 -147 -229 196 -176 127 -183 173 116 136 -74 -112 -244 -246 225 249 169 -90 8 99 -236 -93 12 64 -61 191 -191 -129 -26 -189 40 80 231 25 187 -113 -118 -125 106 -4 -78 178 -108 -73 201 205 -130 -148 -174 -36 -227 203 14 97 234 -127 190 -87 96 102 217 19 24 -150 -27 83 -111 -140 -135 -39 65 105 -141 -83 232 214 143 -161 233 101 -198 -14 76 -33 73 245 224 137 -241 -213 52 144 2 -143 -60 158 -162 223 -209 -10 -221 -159 -68 194 -153 92 172 -114 -67 -50 34 3 142 167 -116 -106 186 -43 -69 146 27 79 -168 10 244 132 15 28 -146 176 50 18 53 -3 98 -211 -157 47 -1 -101 -25 165 81 135 -123 -57 -128 206 200 -24 122 21 69 -235 199 -122 -6 -179 -234 -77 33 192 184 -31 141 193 -172 109 -228 -134 -219 -250 -136 147 155 -86 -42 168 123 238 125 239 -188 -133 208 95 -237 -30 242 227 212 -56 -131 -197 152 -192 128 -169 -12 38 0 90 216 -193 229 -220 -177 181 -13 -53 -223 111 -225 -224 139 51 -80 -71 -238 -103 -66 -212 211 -51 215 154 75 42 48 -196 31 237 91 -217 -245 -70 -104 -29 230 -165 -48 -186 9 -34 218 72 -35 4 -92 61 133 140 -79 -88 226 -94 -200 207 67 -184 134 -96 -18 -156 -185 -151 180 41 -121 -205 -175 163 -65 22 -145 108 -126 88 35 -7 -32 179 243 -182 85 -41 -178 222 87 -19 -17 241 228 -239 -163 156 84 -85 29 17 74 166 177 240 -72 20 -62 204 -100 -202 -199 161 151 -181 -38 -81 -5 -208 -144 129 -84 -16 -249 124 57 26 209 -20 45 -54 16 43 -76 -203 -28 -190 -23 246 162 -9 100 114 
TEST 57 ARG:58 -88 65 222 172 -203 173 76 51 167 -172 10 -240 -150 -170 -97 -204 -142 -216 -85 -42 201 7 64 210 -65 -162 -174 -4 -69 25 -12 71 218 120 -92 122 105 -212 -51 -9 -238 -63 -179 98 -43 -200 144 40 224 -93 189 -121 -144 -184 178 -34 83 -54 -70 158 -13 185 114 -84 193 -106 -214 88 48 180 -146 -137 8 -132 -201 19 38 138 219 208 -6 -82 -119 73 100 192 -80 -244 -1 128 -64 -128 69 13 195 107 181 204 163 -222 228 -79 36 -236 -60 -73 -5 -21 34 -182 -59 -228 95 133 225 -157 -76 -58 211 52 33 -145 -68 132 244 -176 -123 -143 182 91 -98 188 31 -10 -196 63 148 -96 187 66 -20 9 -153 -126 -45 159 171 112 104 166 26 -15 18 -22 -243 79 -190 143 -185 0 54 -118 209 -191 85 145 130 106 -49 162 43 -186 50 80 -134 -30 223 153 -101 17 -138 -122 -95 -86 32 -152 -83 239 234 -165 240 -77 6 150 -67 -115 1 -207 248 4 -166 117 -107 197 140 156 -35 157 119 20 62 99 186 -36 -116 -229 -220 -53 -48 90 94 44 -168 35 233 -192 -25 -141 -104 -230 47 72 -33 -72 134 169 57 -14 -41 242 27 -44 127 -16 -37 174 -120 -112 -78 115 168 -38 -117 -28 183 -103 -237 -231 74 237 -232 -183 -111 -245 -140 231 229 60 -194 191 -131 164 190 -105 -164 96 -159 -187 -189 154 -74 -129 -227 -99 160 -108 42 212 -156 28 -130 -94 -209 5 78 3 -233 -225 -175 103 200 236 -133 207 -249 -139 -19 -211 -109 16 81 230 126 -151 -47 129 155 -52 -248 53 -173 22 29 141 137 -202 -32 89 247 -3 70 -180 14 221 -161 -195 232 124 -197 -66 -235 139 97 152 -71 -81 170 77 46 147 59 113 -250 -55 136 -208 198 -17 67 165 249 11 -199 30 108 -7 -113 -177 -226 161 92 220 -46 245 109 118 -217 -160 -29 -169 199 202 205 -23 177 39 -147 227 -218 -148 24 75 135 -163 215 41 176 -31 -171 45 -234 93 149 -50 -24 -125 -11 -221 -224 -219 -27 -26 -239 15 -167 49 -223 101 -56 37 -61 196 142 -114 213 55 23 86 -100 194 -206 206 216 -149 -193 125 -90 203 146 -215 102 238 -247 -18 235 121 21 -136 -188 -205 68 -213 184 123 226 243 56 -155 217 241 87 61 -154 -87 -102 214 84 246 151 175 -198 -135 111 -39 -241 -242 -62 -91 110 -124 -178 -57 179 82 -75 -2 -89 -158 116 131 -127 -110 -40 -181 -8 12 -210 -246 2 
TEST 58 ARG:44 191 -97 46 165 -231 153 -136 136 100 -191 -174 -94 -124 5 -87 -137 244 224 111 169 102 -71 -38 -198 87 -114 78 -182 177 -21 -34 -242 -62 223 -162 219 -189 182 -98 141 -166 71 -3 3 -103 20 -40 107 -47 61 -153 149 -13 -211 180 -142 65 19 240 77 -120 -81 -113 25 173 34 215 208 140 26 166 -161 -7 -9 -204 142 -51 -233 -152 235 198 51 197 -195 -65 69 187 88 229 225 -42 -140 161 -73 -92 -165 -139 120 -79 -213 7 -24 -216 -2 58 -37 -217 14 -223 164 242 -106 10 97 -6 -163 29 -23 134 -197 50 -61 126 143 67 -168 -248 194 168 -77 239 -218 216 -154 185 -60 86 80 -180 -250 -181 226 93 -82 123 116 -203 -88 -132 -102 218 -160 -67 9 202 -33 171 -93 117 -126 -190 -116 172 146 -246 -169 27 108 85 -22 48 -30 207 -85 135 248 -134 31 131 -78 -108 -200 -123 -243 -144 -225 23 -52 -202 52 -58 90 -95 109 28 127 11 160 247 -32 209 156 -90 -110 79 -234 -205 55 35 24 -107 241 -45 17 96 -55 -209 -210 199 -247 -199 84 99 154 -171 -245 -49 -10 181 -64 -75 217 18 64 119 210 -129 238 56 -70 53 203 -170 -118 54 -119 -27 -1 159 91 205 243 30 -86 105 70 -156 147 -229 -112 47 152 -54 -69 201 115 -172 231 230 -63 32 -109 -194 -164 -143 -105 -14 221 -215 -89 193 -222 101 13 36 -206 45 -240 37 -151 -83 43 175 95 12 176 -177 212 1 83 -117 -238 -35 49 -101 81 -239 124 -48 -53 -220 144 118 104 190 -150 195 163 -208 -155 -192 184 200 -188 133 -149 94 -173 98 -50 179 -249 -31 183 -145 214 -68 -84 -121 -25 206 106 -186 -39 -214 -17 -46 -146 125 82 -18 -115 -99 246 -179 -244 -237 -28 -122 -36 8 167 -148 76 68 128 211 -196 129 -74 -41 -19 110 -221 -212 -76 39 -72 121 -219 63 -131 -43 -133 -224 -232 222 -29 16 -56 -127 132 245 162 192 -183 -207 92 236 155 73 -176 213 -57 -12 -16 170 -230 -5 74 -187 139 4 -130 234 89 -141 -157 0 22 113 -241 -66 -96 -236 72 -80 137 -11 122 -235 -159 249 158 38 -175 188 -226 21 204 112 114 42 -128 227 145 -228 232 148 -147 -104 174 15 -111 -44 -201 -135 228 -227 189 178 -193 -167 151 -59 66 -184 62 -91 -178 220 -26 40 57 6 -138 75 41 -158 233 33 103 -4 2 237 138 -125 -15 157 -100 -20 186 -8 150 60 130 196 -185 59 
TEST 59 ARG:9 146 -148 210 13 198 129 1 -195 63 140 195 -201 -212 93 103 -176 158 96 144 -165 -231 42 130 236 149 -24 106 -99 248 239 73 -108 -64 -127 -237 -182 -86 167 214 -94 5 109 -126 142 33 -163 231 -93 -214 -243 -137 131 -83 222 -211 18 -49 4 178 104 189 -154 -28 58 -207 74 91 90 -177 84 12 249 196 -168 17 119 -226 -131 -73 -21 -1 172 246 -72 -6 -249 138 202 -123 38 183 -232 143 69 -230 -50 192 -20 215 164 -144 -151 -171 -13 -27 -26 150 -109 -84 230 -53 31 204 157 -205 117 -227 -229 -160 -71 -250 226 193 36 -32 -245 242 -35 -37 120 23 -75 234 16 122 32 224 80 -44 135 -129 -248 83 66 207 -194 87 -150 -138 88 40 -121 133 154 247 56 57 -145 -156 -25 -12 -34 95 51 160 22 -132 201 100 60 235 65 -7 -149 238 136 20 -70 -119 153 155 121 -112 97 -225 205 41 163 -55 159 112 -141 -192 -39 55 -242 -228 2 48 92 -169 102 241 21 -185 61 -97 -82 -54 228 -80 15 -222 190 -3 147 212 -181 233 243 245 -10 -130 85 114 -125 19 -88 111 -202 79 229 116 -59 166 118 50 75 -164 8 182 -196 -90 45 -135 218 -107 125 -114 -74 -136 -110 -244 -179 -234 -180 -221 -159 156 -46 53 24 -213 -38 -146 25 26 89 29 -133 148 -30 49 -43 -2 -140 187 137 -239 86 -63 221 -217 -66 101 211 -69 -42 124 145 -91 175 209 -23 99 -175 46 141 179 -22 225 -81 165 -33 -56 14 81 -116 -5 -161 -40 -198 72 -139 98 -220 -31 -197 94 62 -11 191 70 -172 -152 107 237 54 71 174 -204 -216 184 213 -122 -134 -104 -60 151 35 -95 162 177 -8 168 186 -191 -48 219 113 -4 -241 -89 0 -246 -162 -103 -76 -155 -235 170 200 127 152 110 180 -68 -233 -158 76 217 64 -77 -111 -223 3 47 -17 -224 -106 27 -174 34 6 176 -67 244 -147 -190 -18 -219 185 -124 -115 -208 -178 181 126 -98 11 -92 132 128 208 -170 240 139 -100 -85 -61 203 -52 -189 -210 199 -113 194 -78 223 10 77 -41 123 -47 28 -153 -186 -203 220 -36 -183 -9 7 -16 -14 105 -193 -120 -173 -57 -29 -19 227 30 171 -247 -157 59 108 -105 169 -206 -79 -45 -102 -184 -101 134 -142 37 -187 -209 -51 -166 188 52 -62 -215 -199 -240 115 216 -143 -188 -96 -117 -200 161 67 206 43 -15 -87 44 197 -167 -58 -65 -128 82 -236 68 39 -118 173 78 -218 -238 232 
